EventParticipantId,TrainingEventId,EmployeeId,RegisteredAt,ParticipantStatus,AttendanceStatus,CompletionDate,Score,Result
1,5001,1676,2026-02-04 14:15:00,Completed,Attended,2026-03-27,57,Failed
2,5001,1556,2026-01-31 08:30:00,Completed,Attended,2026-03-27,90,Passed
3,5001,1686,2026-02-15 12:45:00,Completed,Attended,2026-03-27,64,Failed
4,5001,1658,2026-03-14 16:30:00,Completed,Attended,2026-03-27,63,Failed
5,5001,1306,2026-02-22 09:30:00,Completed,Attended,2026-03-27,67,Failed
6,5001,1562,2026-02-07 16:45:00,Completed,Attended,2026-03-27,60,Failed
7,5001,1695,2026-02-06 13:15:00,Completed,Attended,2026-03-27,87,Passed
8,5001,1699,2026-03-09 15:45:00,Completed,Attended,2026-03-27,64,Failed
9,5001,1707,2026-02-05 14:30:00,Completed,Attended,2026-03-27,69,Failed
10,5001,1713,2026-03-20 16:15:00,Completed,Attended,2026-03-27,69,Failed
11,5001,1589,2026-02-17 16:00:00,Completed,Attended,2026-03-27,83,Passed
12,5001,1718,2026-03-08 14:15:00,Completed,Attended,2026-03-27,61,Failed
13,5001,1595,2026-02-08 12:45:00,Completed,Attended,2026-03-27,79,Passed
14,5001,1599,2026-02-15 13:45:00,Completed,Attended,2026-03-27,66,Failed
15,5001,1600,2026-03-06 11:45:00,Completed,Attended,2026-03-27,70,Passed
16,5001,1606,2026-02-27 12:15:00,Completed,Attended,2026-03-27,86,Passed
17,5001,1622,2026-03-19 15:15:00,Completed,Attended,2026-03-27,99,Passed
18,5001,1894,2026-02-01 09:15:00,Completed,Attended,2026-03-27,97,Passed
19,5001,1642,2026-02-27 14:15:00,Completed,Attended,2026-03-27,76,Passed
20,5001,1007,2026-03-16 10:15:00,Completed,Attended,2026-03-27,68,Failed
21,5001,1655,2026-03-17 16:15:00,Completed,Attended,2026-03-27,78,Passed
22,5001,1913,2026-03-13 11:00:00,Completed,Attended,2026-03-27,93,Passed
23,5001,1530,2026-03-15 09:45:00,Completed,Attended,2026-03-27,62,Failed
24,5002,1536,2025-02-09 11:00:00,InProgress,Attended,,,NotAssessed
25,5002,1794,2025-02-28 12:45:00,Completed,Attended,2025-03-31,73,Passed
26,5002,1223,2025-03-17 12:45:00,Completed,Attended,2025-03-31,72,Passed
27,5002,1709,2025-02-27 15:00:00,Completed,Attended,2025-03-31,82,Passed
28,5002,1619,2025-02-05 12:15:00,Completed,Attended,2025-03-31,72,Passed
29,5002,1523,2025-02-11 15:00:00,Completed,Attended,2025-03-31,73,Passed
30,5002,1683,2025-02-16 09:00:00,Completed,Attended,2025-03-31,74,Passed
31,5002,2038,2025-03-19 08:00:00,Completed,Attended,2025-03-31,73,Passed
32,5002,1687,2025-03-18 13:15:00,Completed,Attended,2025-03-31,83,Passed
33,5002,1595,2025-02-28 08:15:00,Completed,Attended,2025-03-31,72,Passed
34,5003,1825,2026-07-12 11:15:00,Completed,Attended,2026-07-21,87,Passed
35,5003,1890,2026-06-12 11:30:00,NoShow,Absent,,,NotAssessed
36,5003,1895,2026-07-01 08:45:00,Completed,Attended,2026-07-21,68,Failed
37,5003,1818,2026-06-24 13:45:00,Completed,Attended,2026-07-21,76,Passed
38,5003,1738,2026-07-03 15:15:00,Completed,Attended,2026-07-21,94,Passed
39,5003,1869,2026-06-29 08:15:00,Completed,Attended,2026-07-21,83,Passed
40,5003,1839,2026-06-26 09:15:00,Completed,Attended,2026-07-21,100,Passed
41,5003,1307,2026-06-20 16:00:00,Completed,Attended,2026-07-21,88,Passed
42,5003,1811,2026-06-13 14:00:00,NoShow,Absent,,,NotAssessed
43,5003,1786,2026-06-03 11:15:00,Completed,Attended,2026-07-21,67,Failed
44,5003,1851,2026-07-02 14:15:00,Completed,Attended,2026-07-21,85,Passed
45,5003,1212,2026-06-30 11:00:00,NoShow,Absent,,,NotAssessed
46,5003,1373,2026-06-20 16:45:00,NoShow,Absent,,,NotAssessed
47,5003,1182,2026-06-29 15:30:00,Completed,Attended,2026-07-21,76,Passed
48,5004,1984,2025-02-06 12:30:00,Completed,Attended,2025-03-24,68,Failed
49,5004,1409,2025-01-30 15:00:00,Completed,Attended,2025-03-24,68,Failed
50,5004,1445,2025-03-16 12:00:00,Completed,Attended,2025-03-24,69,Failed
51,5004,1543,2025-01-30 15:00:00,Completed,Attended,2025-03-24,80,Passed
52,5004,2090,2025-03-14 12:15:00,Completed,Attended,2025-03-24,65,Failed
53,5004,1387,2025-03-02 14:00:00,Completed,Attended,2025-03-24,78,Passed
54,5004,1519,2025-02-28 15:30:00,Completed,Attended,2025-03-24,84,Passed
55,5004,1939,2025-03-08 15:15:00,Completed,Attended,2025-03-24,83,Passed
56,5004,1332,2025-01-28 08:30:00,Completed,Attended,2025-03-24,70,Passed
57,5004,1366,2025-03-01 12:45:00,Completed,Attended,2025-03-24,73,Passed
58,5004,1371,2025-02-22 08:00:00,Completed,Attended,2025-03-24,81,Passed
59,5004,1468,2025-02-13 11:15:00,NoShow,Absent,,,NotAssessed
60,5004,1757,2025-02-20 10:30:00,Completed,Attended,2025-03-24,76,Passed
61,5005,1186,2025-04-12 14:30:00,Completed,Attended,2025-04-25,73,Passed
62,5005,1155,2025-04-06 14:00:00,Completed,Attended,2025-04-25,89,Passed
63,5005,1092,2025-03-14 16:30:00,Completed,Attended,2025-04-25,87,Passed
64,5005,1445,2025-03-23 12:30:00,Completed,Attended,2025-04-25,98,Passed
65,5005,1219,2025-03-28 12:15:00,Completed,Attended,2025-04-25,66,Failed
66,5005,1127,2025-03-12 11:45:00,Completed,Attended,2025-04-25,77,Passed
67,5005,1799,2025-04-08 08:30:00,Completed,Attended,2025-04-25,77,Passed
68,5005,1289,2025-04-02 09:00:00,Completed,Attended,2025-04-25,82,Passed
69,5005,1292,2025-03-30 14:30:00,Completed,Attended,2025-04-25,85,Passed
70,5005,1005,2025-04-11 13:45:00,Completed,Attended,2025-04-25,78,Passed
71,5005,2067,2025-02-28 15:15:00,Completed,Attended,2025-04-25,88,Passed
72,5006,2080,2025-08-13 15:45:00,Completed,Attended,2025-08-30,61,Failed
73,5006,2048,2025-07-10 12:45:00,NoShow,Absent,,,NotAssessed
74,5006,2021,2025-08-15 14:00:00,Completed,Attended,2025-08-30,49,Failed
75,5006,2085,2025-07-24 08:30:00,InProgress,Attended,,,NotAssessed
76,5006,2088,2025-08-13 15:45:00,Completed,Attended,2025-08-30,58,Failed
77,5006,2057,2025-07-15 15:30:00,Completed,Attended,2025-08-30,89,Passed
78,5006,1330,2025-08-03 15:00:00,Cancelled,NotApplicable,,,NotAssessed
79,5006,2100,2025-08-20 12:15:00,Completed,Attended,2025-08-30,83,Passed
80,5006,2071,2025-08-06 11:30:00,Completed,Attended,2025-08-30,72,Passed
81,5007,1281,2025-12-17 14:30:00,InProgress,Attended,,,NotAssessed
82,5007,2051,2025-11-21 16:00:00,Completed,Attended,2026-01-12,84,Passed
83,5007,1155,2025-11-29 12:30:00,Completed,Attended,2026-01-12,84,Passed
84,5007,1166,2025-12-30 09:15:00,Completed,Attended,2026-01-12,80,Passed
85,5007,1044,2025-11-27 16:00:00,Completed,Attended,2026-01-12,82,Passed
86,5007,1175,2025-12-02 14:00:00,Completed,Attended,2026-01-12,72,Passed
87,5007,2073,2025-12-09 16:30:00,Completed,Attended,2026-01-12,69,Failed
88,5007,1309,2025-12-24 14:45:00,NoShow,Absent,,,NotAssessed
89,5007,1956,2025-11-28 12:30:00,Cancelled,NotApplicable,,,NotAssessed
90,5007,2085,2025-12-16 13:15:00,Completed,Attended,2026-01-12,75,Passed
91,5007,1064,2025-12-14 13:30:00,Cancelled,NotApplicable,,,NotAssessed
92,5007,1452,2025-12-19 09:15:00,NoShow,Absent,,,NotAssessed
93,5007,1077,2026-01-02 16:30:00,Completed,Attended,2026-01-12,66,Failed
94,5007,1082,2025-11-25 15:00:00,Completed,Attended,2026-01-12,78,Passed
95,5007,1089,2025-11-30 08:30:00,Completed,Attended,2026-01-12,72,Passed
96,5007,1223,2025-11-28 16:15:00,Completed,Attended,2026-01-12,84,Passed
97,5007,1098,2025-12-13 10:30:00,Completed,Attended,2026-01-12,74,Passed
98,5007,1229,2025-12-13 08:45:00,Completed,Attended,2026-01-12,58,Failed
99,5007,1257,2025-11-27 11:30:00,Completed,Attended,2026-01-12,80,Passed
100,5007,1137,2025-12-26 14:00:00,Completed,Attended,2026-01-12,69,Failed
101,5007,1655,2025-12-01 10:15:00,Completed,Attended,2026-01-12,67,Failed
102,5007,1018,2025-12-30 08:15:00,Completed,Attended,2026-01-12,85,Passed
103,5007,2043,2026-01-02 16:00:00,InProgress,Attended,,,NotAssessed
104,5007,1148,2025-12-25 12:00:00,Completed,Attended,2026-01-12,65,Failed
105,5008,2060,2025-11-04 13:15:00,Completed,Attended,2025-12-27,76,Passed
106,5008,1938,2025-12-01 12:30:00,Completed,Attended,2025-12-27,79,Passed
107,5008,1171,2025-12-14 10:00:00,InProgress,Attended,,,NotAssessed
108,5008,1428,2025-11-17 12:30:00,Completed,Attended,2025-12-27,75,Passed
109,5008,1941,2025-12-12 11:45:00,Completed,Attended,2025-12-27,70,Passed
110,5008,1946,2025-11-14 08:00:00,Completed,Attended,2025-12-27,87,Passed
111,5008,1948,2025-11-20 08:00:00,Completed,Attended,2025-12-27,71,Passed
112,5008,1951,2025-11-24 16:00:00,Completed,Attended,2025-12-27,50,Failed
113,5008,1313,2025-12-01 13:15:00,Completed,Attended,2025-12-27,74,Passed
114,5008,1444,2025-12-16 12:30:00,Completed,Attended,2025-12-27,66,Failed
115,5008,1445,2025-11-19 14:30:00,Completed,Attended,2025-12-27,76,Passed
116,5008,1975,2025-11-19 10:15:00,Completed,Attended,2025-12-27,79,Passed
117,5008,1976,2025-12-01 08:45:00,Completed,Attended,2025-12-27,67,Failed
118,5008,1982,2025-12-09 13:15:00,Cancelled,NotApplicable,,,NotAssessed
119,5008,1988,2025-12-02 10:30:00,Completed,Attended,2025-12-27,80,Passed
120,5008,1994,2025-12-03 09:00:00,NoShow,Absent,,,NotAssessed
121,5008,1998,2025-11-15 13:30:00,Completed,Attended,2025-12-27,61,Failed
122,5008,2003,2025-11-03 11:30:00,Completed,Attended,2025-12-27,82,Passed
123,5008,1492,2025-11-13 14:45:00,Completed,Attended,2025-12-27,75,Passed
124,5008,2008,2025-11-18 14:30:00,Completed,Attended,2025-12-27,81,Passed
125,5008,2009,2025-12-08 13:15:00,Completed,Attended,2025-12-27,65,Failed
126,5008,2010,2025-11-17 09:15:00,Completed,Attended,2025-12-27,78,Passed
127,5008,2011,2025-12-13 15:45:00,Completed,Attended,2025-12-27,67,Failed
128,5008,1886,2025-11-25 16:30:00,Completed,Attended,2025-12-27,63,Failed
129,5008,2017,2025-12-14 13:15:00,Completed,Attended,2025-12-27,86,Passed
130,5008,2019,2025-12-02 10:45:00,Completed,Attended,2025-12-27,90,Passed
131,5008,2024,2025-11-23 08:00:00,Completed,Attended,2025-12-27,74,Passed
132,5008,1903,2025-12-17 16:30:00,Completed,Attended,2025-12-27,100,Passed
133,5008,1905,2025-11-02 13:15:00,Completed,Attended,2025-12-27,84,Passed
134,5008,1910,2025-12-09 15:45:00,Completed,Attended,2025-12-27,90,Passed
135,5008,1911,2025-11-22 15:30:00,Completed,Attended,2025-12-27,80,Passed
136,5009,1472,2025-09-04 15:15:00,Completed,Attended,2025-10-30,88,Passed
137,5009,1377,2025-10-01 09:45:00,Completed,Attended,2025-10-30,84,Passed
138,5009,1442,2025-09-26 11:15:00,Completed,Attended,2025-10-30,77,Passed
139,5009,1504,2025-09-30 08:15:00,Completed,Attended,2025-10-30,64,Failed
140,5009,1477,2025-09-07 15:30:00,Completed,Attended,2025-10-30,63,Failed
141,5009,1479,2025-09-12 12:30:00,Completed,Attended,2025-10-30,58,Failed
142,5009,1352,2025-10-14 13:30:00,Completed,Attended,2025-10-30,87,Passed
143,5009,1386,2025-10-16 15:00:00,Completed,Attended,2025-10-30,79,Passed
144,5009,1355,2025-10-21 13:45:00,InProgress,Attended,,,NotAssessed
145,5009,2093,2025-09-11 10:45:00,Completed,Attended,2025-10-30,81,Passed
146,5009,1393,2025-09-18 13:00:00,Cancelled,NotApplicable,,,NotAssessed
147,5009,1434,2025-10-07 08:00:00,InProgress,Attended,,,NotAssessed
148,5009,1372,2025-10-19 09:15:00,Cancelled,NotApplicable,,,NotAssessed
149,5009,1343,2025-09-21 10:00:00,Completed,Attended,2025-10-30,76,Passed
150,5010,1410,2026-05-24 10:30:00,Completed,Attended,2026-07-05,94,Passed
151,5010,1543,2026-05-18 08:15:00,Cancelled,NotApplicable,,,NotAssessed
152,5010,1423,2026-06-11 15:15:00,Completed,Attended,2026-07-05,64,Failed
153,5010,1435,2026-06-09 09:15:00,InProgress,Attended,,,NotAssessed
154,5010,1313,2026-06-05 13:00:00,Completed,Attended,2026-07-05,73,Passed
155,5010,1323,2026-05-12 14:45:00,Completed,Attended,2026-07-05,55,Failed
156,5010,1710,2026-06-22 15:45:00,Completed,Attended,2026-07-05,91,Passed
157,5010,1328,2026-06-08 13:45:00,Completed,Attended,2026-07-05,84,Passed
158,5010,1840,2026-06-09 10:45:00,Cancelled,NotApplicable,,,NotAssessed
159,5010,1331,2026-05-13 09:30:00,Completed,Attended,2026-07-05,80,Passed
160,5010,1332,2026-06-24 11:30:00,InProgress,Attended,,,NotAssessed
161,5010,1468,2026-05-18 14:00:00,NoShow,Absent,,,NotAssessed
162,5010,1344,2026-06-05 08:45:00,Completed,Attended,2026-07-05,80,Passed
163,5010,1480,2026-05-20 13:00:00,Completed,Attended,2026-07-05,67,Failed
164,5010,1489,2026-05-27 14:15:00,Completed,Attended,2026-07-05,97,Passed
165,5010,1500,2026-06-17 09:15:00,Cancelled,NotApplicable,,,NotAssessed
166,5010,1375,2026-05-26 12:45:00,Completed,Attended,2026-07-05,74,Passed
167,5010,1516,2026-06-03 10:45:00,Completed,Attended,2026-07-05,72,Passed
168,5010,1393,2026-06-11 09:30:00,Completed,Attended,2026-07-05,83,Passed
169,5010,1395,2026-05-24 15:45:00,Completed,Attended,2026-07-05,89,Passed
170,5010,1915,2026-05-27 16:00:00,Completed,Attended,2026-07-05,89,Passed
171,5010,1022,2026-05-29 16:30:00,Completed,Attended,2026-07-05,71,Passed
172,5011,1089,2025-04-09 14:45:00,Completed,Attended,2025-06-03,81,Passed
173,5011,1442,2025-04-25 14:30:00,Completed,Attended,2025-06-03,78,Passed
174,5011,1027,2025-04-12 16:45:00,Completed,Attended,2025-06-03,92,Passed
175,5011,1220,2025-05-21 12:45:00,Completed,Attended,2025-06-03,68,Failed
176,5011,1029,2025-04-26 10:00:00,Completed,Attended,2025-06-03,76,Passed
177,5011,1058,2025-05-16 14:00:00,Completed,Attended,2025-06-03,89,Passed
178,5011,1063,2025-05-06 08:00:00,Completed,Attended,2025-06-03,76,Passed
179,5011,1033,2025-04-14 09:45:00,Completed,Attended,2025-06-03,70,Passed
180,5011,1258,2025-05-14 16:00:00,Completed,Attended,2025-06-03,66,Failed
181,5011,1228,2025-05-08 08:00:00,Completed,Attended,2025-06-03,83,Passed
182,5011,2031,2025-05-24 11:00:00,Completed,Attended,2025-06-03,77,Passed
183,5011,1072,2025-04-17 15:30:00,Completed,Attended,2025-06-03,74,Passed
184,5011,1967,2025-05-27 10:45:00,Completed,Attended,2025-06-03,68,Failed
185,5011,1104,2025-05-20 14:30:00,Completed,Attended,2025-06-03,80,Passed
186,5011,1235,2025-05-15 12:45:00,Completed,Attended,2025-06-03,68,Failed
187,5011,1045,2025-04-29 08:45:00,Completed,Attended,2025-06-03,100,Passed
188,5011,1751,2025-04-19 12:30:00,Completed,Attended,2025-06-03,92,Passed
189,5011,1399,2025-05-25 14:15:00,Completed,Attended,2025-06-03,71,Passed
190,5012,1664,2025-03-08 12:30:00,Completed,Attended,2025-03-17,72,Passed
191,5012,1538,2025-01-24 12:00:00,Completed,Attended,2025-03-17,91,Passed
192,5012,2055,2025-02-06 14:00:00,Completed,Attended,2025-03-17,86,Passed
193,5012,1553,2025-03-04 14:00:00,Completed,Attended,2025-03-17,77,Passed
194,5012,2065,2025-03-05 14:45:00,Completed,Attended,2025-03-17,81,Passed
195,5012,2067,2025-01-27 11:15:00,Completed,Attended,2025-03-17,88,Passed
196,5012,1689,2025-02-15 14:45:00,Completed,Attended,2025-03-17,60,Failed
197,5012,1692,2025-01-30 12:45:00,Completed,Attended,2025-03-17,82,Passed
198,5012,1308,2025-03-04 10:00:00,Completed,Attended,2025-03-17,80,Passed
199,5012,1564,2025-03-02 15:45:00,Cancelled,NotApplicable,,,NotAssessed
200,5012,1569,2025-03-01 08:45:00,Completed,Attended,2025-03-17,69,Failed
201,5012,1700,2025-02-18 10:30:00,Completed,Attended,2025-03-17,52,Failed
202,5012,1702,2025-02-05 13:15:00,Completed,Attended,2025-03-17,72,Passed
203,5012,1575,2025-02-20 14:45:00,Completed,Attended,2025-03-17,60,Failed
204,5012,1706,2025-02-10 15:15:00,Completed,Attended,2025-03-17,89,Passed
205,5012,1965,2025-02-11 16:15:00,Completed,Attended,2025-03-17,70,Passed
206,5012,1710,2025-02-01 12:45:00,Completed,Attended,2025-03-17,82,Passed
207,5012,2095,2025-02-02 11:30:00,Completed,Attended,2025-03-17,78,Passed
208,5012,1711,2025-02-04 16:45:00,Completed,Attended,2025-03-17,70,Passed
209,5012,1586,2025-02-24 15:15:00,InProgress,Attended,,,NotAssessed
210,5012,1202,2025-01-27 13:30:00,Completed,Attended,2025-03-17,59,Failed
211,5012,2100,2025-02-03 13:45:00,Completed,Attended,2025-03-17,83,Passed
212,5012,1597,2025-02-12 14:45:00,Completed,Attended,2025-03-17,66,Failed
213,5012,1601,2025-01-29 10:00:00,Completed,Attended,2025-03-17,100,Passed
214,5012,1608,2025-02-12 13:00:00,Completed,Attended,2025-03-17,80,Passed
215,5012,1615,2025-01-21 12:15:00,Cancelled,NotApplicable,,,NotAssessed
216,5012,1492,2025-03-09 15:15:00,Completed,Attended,2025-03-17,74,Passed
217,5012,1625,2025-03-10 09:45:00,Completed,Attended,2025-03-17,85,Passed
218,5012,1626,2025-02-12 15:30:00,Cancelled,NotApplicable,,,NotAssessed
219,5012,1635,2025-01-24 10:30:00,Completed,Attended,2025-03-17,100,Passed
220,5012,1768,2025-01-30 13:30:00,NoShow,Absent,,,NotAssessed
221,5012,1646,2025-02-19 09:15:00,Completed,Attended,2025-03-17,58,Failed
222,5012,1778,2025-03-07 13:30:00,Completed,Attended,2025-03-17,83,Passed
223,5012,1783,2025-02-13 11:45:00,Completed,Attended,2025-03-17,85,Passed
224,5012,1533,2025-02-10 10:45:00,Completed,Attended,2025-03-17,60,Failed
225,5013,1155,2025-10-25 14:15:00,Cancelled,NotApplicable,,,NotAssessed
226,5013,1320,2025-11-23 11:15:00,Cancelled,NotApplicable,,,NotAssessed
227,5013,1449,2025-11-10 15:15:00,Cancelled,NotApplicable,,,NotAssessed
228,5013,1103,2025-11-26 09:15:00,Cancelled,NotApplicable,,,NotAssessed
229,5013,1327,2025-10-27 10:15:00,Cancelled,NotApplicable,,,NotAssessed
230,5013,1361,2025-11-21 12:15:00,Cancelled,NotApplicable,,,NotAssessed
231,5013,1427,2025-10-24 11:15:00,Cancelled,NotApplicable,,,NotAssessed
232,5013,1907,2025-10-22 16:00:00,Cancelled,NotApplicable,,,NotAssessed
233,5013,1333,2025-11-07 10:45:00,Cancelled,NotApplicable,,,NotAssessed
234,5013,1397,2025-11-23 11:30:00,Cancelled,NotApplicable,,,NotAssessed
235,5013,1432,2025-11-04 11:30:00,Cancelled,NotApplicable,,,NotAssessed
236,5014,1920,2025-02-14 08:30:00,Completed,Attended,2025-04-01,74,Passed
237,5014,1921,2025-02-28 15:00:00,NoShow,Absent,,,NotAssessed
238,5014,1922,2025-02-13 10:15:00,InProgress,Attended,,,NotAssessed
239,5014,1927,2025-02-13 14:30:00,Completed,Attended,2025-04-01,87,Passed
240,5014,1423,2025-03-13 09:15:00,Completed,Attended,2025-04-01,93,Passed
241,5014,1938,2025-03-21 14:00:00,Completed,Attended,2025-04-01,57,Failed
242,5014,1945,2025-03-15 13:30:00,Completed,Attended,2025-04-01,87,Passed
243,5014,1949,2025-03-11 11:00:00,Completed,Attended,2025-04-01,71,Passed
244,5014,1953,2025-03-20 10:30:00,Completed,Attended,2025-04-01,88,Passed
245,5014,2085,2025-03-07 10:45:00,InProgress,Attended,,,NotAssessed
246,5014,1963,2025-03-10 09:00:00,Completed,Attended,2025-04-01,83,Passed
247,5014,2099,2025-02-15 12:30:00,Completed,Attended,2025-04-01,77,Passed
248,5014,1333,2025-02-25 11:45:00,InProgress,Attended,,,NotAssessed
249,5014,1978,2025-02-22 15:30:00,Completed,Attended,2025-04-01,72,Passed
250,5014,1980,2025-03-12 15:30:00,Completed,Attended,2025-04-01,83,Passed
251,5014,1985,2025-02-26 12:00:00,Cancelled,NotApplicable,,,NotAssessed
252,5014,1996,2025-02-11 16:45:00,Completed,Attended,2025-04-01,73,Passed
253,5014,1998,2025-02-21 13:15:00,Completed,Attended,2025-04-01,60,Failed
254,5014,2001,2025-02-22 11:30:00,NoShow,Absent,,,NotAssessed
255,5014,1746,2025-03-09 11:00:00,Cancelled,NotApplicable,,,NotAssessed
256,5014,1364,2025-02-16 16:00:00,Completed,Attended,2025-04-01,88,Passed
257,5014,2010,2025-03-18 13:45:00,Completed,Attended,2025-04-01,90,Passed
258,5014,2012,2025-03-06 16:15:00,NoShow,Absent,,,NotAssessed
259,5014,1373,2025-03-22 11:00:00,Completed,Attended,2025-04-01,56,Failed
260,5014,2016,2025-03-07 12:15:00,Cancelled,NotApplicable,,,NotAssessed
261,5014,2019,2025-02-03 14:00:00,Completed,Attended,2025-04-01,81,Passed
262,5014,2025,2025-03-12 08:30:00,Completed,Attended,2025-04-01,76,Passed
263,5014,1902,2025-03-04 14:00:00,Completed,Attended,2025-04-01,64,Failed
264,5014,1905,2025-02-18 16:30:00,Completed,Attended,2025-04-01,62,Failed
265,5014,1397,2025-02-11 15:00:00,Completed,Attended,2025-04-01,69,Failed
266,5014,1911,2025-02-23 08:30:00,Completed,Attended,2025-04-01,88,Passed
267,5014,1914,2025-02-06 11:45:00,Completed,Attended,2025-04-01,47,Failed
268,5015,1857,2026-02-10 08:45:00,Completed,Attended,2026-03-26,66,Failed
269,5015,1767,2026-02-04 11:30:00,NoShow,Absent,,,NotAssessed
270,5015,1736,2026-02-19 09:45:00,Completed,Attended,2026-03-26,75,Passed
271,5015,1872,2026-02-08 12:30:00,NoShow,Absent,,,NotAssessed
272,5015,1777,2026-03-13 10:45:00,Completed,Attended,2026-03-26,100,Passed
273,5015,1808,2026-02-16 14:15:00,Completed,Attended,2026-03-26,78,Passed
274,5015,1779,2026-02-19 09:30:00,Completed,Attended,2026-03-26,100,Passed
275,5015,1878,2026-02-07 16:30:00,Completed,Attended,2026-03-26,86,Passed
276,5015,1750,2026-02-28 16:00:00,Completed,Attended,2026-03-26,81,Passed
277,5015,1784,2026-02-04 15:45:00,Completed,Attended,2026-03-26,60,Failed
278,5015,1881,2026-03-11 10:00:00,NoShow,Absent,,,NotAssessed
279,5015,1725,2026-03-05 10:15:00,Completed,Attended,2026-03-26,86,Passed
280,5016,1153,2025-01-03 10:15:00,Cancelled,NotApplicable,,,NotAssessed
281,5016,1282,2024-12-07 09:45:00,Completed,Attended,2025-01-28,80,Passed
282,5016,1029,2024-12-17 10:45:00,Completed,Attended,2025-01-28,62,Failed
283,5016,1169,2024-12-16 11:30:00,Completed,Attended,2025-01-28,92,Passed
284,5016,1170,2024-12-29 09:30:00,Completed,Attended,2025-01-28,69,Failed
285,5016,1051,2024-12-24 10:30:00,InProgress,Attended,,,NotAssessed
286,5016,1183,2025-01-18 09:15:00,Completed,Attended,2025-01-28,78,Passed
287,5016,1055,2024-12-24 10:15:00,NoShow,Absent,,,NotAssessed
288,5016,1189,2025-01-07 12:45:00,NoShow,Absent,,,NotAssessed
289,5016,1062,2025-01-16 10:30:00,Completed,Attended,2025-01-28,89,Passed
290,5016,1193,2024-12-28 08:45:00,Completed,Attended,2025-01-28,78,Passed
291,5016,1595,2025-01-11 09:30:00,Completed,Attended,2025-01-28,73,Passed
292,5016,1212,2024-12-18 14:15:00,Completed,Attended,2025-01-28,75,Passed
293,5016,1347,2025-01-11 14:45:00,Completed,Attended,2025-01-28,65,Failed
294,5016,1092,2024-12-27 09:00:00,Cancelled,NotApplicable,,,NotAssessed
295,5016,1103,2024-12-18 14:15:00,Completed,Attended,2025-01-28,92,Passed
296,5016,1243,2024-12-16 09:15:00,Completed,Attended,2025-01-28,99,Passed
297,5016,1118,2024-12-11 09:00:00,NoShow,Absent,,,NotAssessed
298,5016,1125,2024-12-23 11:30:00,Completed,Attended,2025-01-28,72,Passed
299,5016,1130,2024-12-26 09:30:00,Completed,Attended,2025-01-28,53,Failed
300,5016,1131,2025-01-11 08:30:00,Completed,Attended,2025-01-28,76,Passed
301,5016,1140,2025-01-07 11:15:00,Completed,Attended,2025-01-28,53,Failed
302,5016,1013,2024-12-17 13:00:00,Completed,Attended,2025-01-28,80,Passed
303,5016,2045,2024-12-15 12:15:00,Completed,Attended,2025-01-28,74,Passed
304,5016,1150,2024-12-05 14:00:00,Completed,Attended,2025-01-28,57,Failed
305,5017,1923,2025-03-23 10:45:00,Completed,Attended,2025-05-05,88,Passed
306,5017,1925,2025-03-20 14:45:00,Completed,Attended,2025-05-05,90,Passed
307,5017,1804,2025-04-02 14:45:00,Completed,Attended,2025-05-05,83,Passed
308,5017,1932,2025-04-16 08:15:00,Completed,Attended,2025-05-05,84,Passed
309,5017,1935,2025-04-19 11:30:00,Completed,Attended,2025-05-05,81,Passed
310,5017,1938,2025-03-13 16:15:00,Completed,Attended,2025-05-05,75,Passed
311,5017,1940,2025-03-11 15:15:00,Completed,Attended,2025-05-05,66,Failed
312,5017,1176,2025-03-19 15:15:00,Completed,Attended,2025-05-05,82,Passed
313,5017,1181,2025-03-17 13:00:00,Cancelled,NotApplicable,,,NotAssessed
314,5017,1952,2025-04-04 10:15:00,Completed,Attended,2025-05-05,92,Passed
315,5017,1953,2025-04-19 10:30:00,Cancelled,NotApplicable,,,NotAssessed
316,5017,1698,2025-03-12 15:15:00,Completed,Attended,2025-05-05,87,Passed
317,5017,1573,2025-03-28 11:45:00,Completed,Attended,2025-05-05,60,Failed
318,5017,1959,2025-04-18 09:45:00,NoShow,Absent,,,NotAssessed
319,5017,1960,2025-04-22 11:45:00,Completed,Attended,2025-05-05,80,Passed
320,5017,1963,2025-03-18 09:15:00,InProgress,Attended,,,NotAssessed
321,5017,1971,2025-04-04 09:15:00,NoShow,Absent,,,NotAssessed
322,5017,1974,2025-03-23 11:30:00,Completed,Attended,2025-05-05,60,Failed
323,5017,1975,2025-03-19 11:30:00,NoShow,Absent,,,NotAssessed
324,5017,1467,2025-04-26 16:45:00,Completed,Attended,2025-05-05,84,Passed
325,5017,1984,2025-03-28 12:00:00,Completed,Attended,2025-05-05,83,Passed
326,5017,2001,2025-04-17 14:15:00,Completed,Attended,2025-05-05,68,Failed
327,5017,2003,2025-03-27 12:00:00,Completed,Attended,2025-05-05,83,Passed
328,5017,2004,2025-04-23 15:30:00,Completed,Attended,2025-05-05,82,Passed
329,5017,2007,2025-04-12 10:15:00,Completed,Attended,2025-05-05,78,Passed
330,5017,2012,2025-03-17 15:00:00,Completed,Attended,2025-05-05,65,Failed
331,5017,2013,2025-03-15 14:30:00,Cancelled,NotApplicable,,,NotAssessed
332,5017,1508,2025-03-12 14:00:00,Completed,Attended,2025-05-05,76,Passed
333,5017,2022,2025-04-19 14:45:00,Completed,Attended,2025-05-05,72,Passed
334,5017,1901,2025-04-14 11:45:00,Completed,Attended,2025-05-05,74,Passed
335,5017,1902,2025-03-18 09:00:00,Completed,Attended,2025-05-05,72,Passed
336,5017,1136,2025-04-02 12:00:00,Cancelled,NotApplicable,,,NotAssessed
337,5017,1905,2025-04-02 14:30:00,Completed,Attended,2025-05-05,57,Failed
338,5017,1138,2025-04-27 08:00:00,Completed,Attended,2025-05-05,85,Passed
339,5017,1909,2025-04-13 15:45:00,Completed,Attended,2025-05-05,69,Failed
340,5017,1911,2025-04-26 11:45:00,Completed,Attended,2025-05-05,80,Passed
341,5017,1916,2025-04-10 10:15:00,NoShow,Absent,,,NotAssessed
342,5017,1919,2025-03-14 15:30:00,Completed,Attended,2025-05-05,99,Passed
343,5018,1538,2025-01-23 13:00:00,Completed,Attended,2025-03-12,55,Failed
344,5018,2054,2025-02-05 16:30:00,Completed,Attended,2025-03-12,67,Failed
345,5018,1417,2025-02-22 16:45:00,Completed,Attended,2025-03-12,88,Passed
346,5018,1421,2025-03-01 10:30:00,InProgress,Attended,,,NotAssessed
347,5018,1429,2025-02-24 14:00:00,Completed,Attended,2025-03-12,82,Passed
348,5018,1942,2025-02-15 13:45:00,Completed,Attended,2025-03-12,81,Passed
349,5018,2075,2025-02-14 14:00:00,Completed,Attended,2025-03-12,100,Passed
350,5018,1307,2025-01-21 12:15:00,Completed,Attended,2025-03-12,87,Passed
351,5018,1437,2025-02-13 10:15:00,Completed,Attended,2025-03-12,83,Passed
352,5018,1310,2025-01-26 16:30:00,Completed,Attended,2025-03-12,83,Passed
353,5018,1311,2025-01-30 12:45:00,Completed,Attended,2025-03-12,85,Passed
354,5018,1316,2025-01-24 08:30:00,Completed,Attended,2025-03-12,63,Failed
355,5018,1449,2025-02-15 09:45:00,Completed,Attended,2025-03-12,66,Failed
356,5018,1328,2025-02-16 12:15:00,Completed,Attended,2025-03-12,95,Passed
357,5018,1588,2025-01-24 08:00:00,Completed,Attended,2025-03-12,76,Passed
358,5018,1333,2025-02-06 09:00:00,Completed,Attended,2025-03-12,50,Failed
359,5018,1336,2025-03-02 16:15:00,Completed,Attended,2025-03-12,84,Passed
360,5018,1478,2025-02-19 16:15:00,Completed,Attended,2025-03-12,60,Failed
361,5018,1357,2025-03-01 10:00:00,Completed,Attended,2025-03-12,71,Passed
362,5018,1492,2025-02-08 08:30:00,Completed,Attended,2025-03-12,64,Failed
363,5018,1504,2025-03-03 12:45:00,Completed,Attended,2025-03-12,62,Failed
364,5018,1388,2025-01-21 12:00:00,Completed,Attended,2025-03-12,85,Passed
365,5019,1281,2025-05-15 13:45:00,Completed,Attended,2025-06-14,70,Passed
366,5019,1124,2025-04-19 11:30:00,Completed,Attended,2025-06-14,100,Passed
367,5019,1860,2025-05-10 10:00:00,Completed,Attended,2025-06-14,79,Passed
368,5019,1964,2025-05-26 12:15:00,Completed,Attended,2025-06-14,88,Passed
369,5019,1068,2025-05-27 16:45:00,Completed,Attended,2025-06-14,89,Passed
370,5019,1165,2025-04-25 12:45:00,InProgress,Attended,,,NotAssessed
371,5019,1071,2025-06-05 11:00:00,Completed,Attended,2025-06-14,100,Passed
372,5019,1039,2025-05-15 14:00:00,Cancelled,NotApplicable,,,NotAssessed
373,5019,1170,2025-05-22 12:45:00,InProgress,Attended,,,NotAssessed
374,5019,1238,2025-05-01 09:30:00,Completed,Attended,2025-06-14,65,Failed
375,5019,1177,2025-05-14 09:15:00,NoShow,Absent,,,NotAssessed
376,5019,1277,2025-05-17 09:30:00,Completed,Attended,2025-06-14,83,Passed
377,5019,1055,2025-04-19 11:30:00,Completed,Attended,2025-06-14,84,Passed
378,5020,1412,2026-01-12 14:30:00,Completed,Attended,2026-03-08,71,Passed
379,5020,1478,2026-02-20 11:30:00,Completed,Attended,2026-03-08,71,Passed
380,5020,1768,2026-01-30 15:45:00,Completed,Attended,2026-03-08,78,Passed
381,5020,1321,2026-02-01 13:00:00,Completed,Attended,2026-03-08,71,Passed
382,5020,1514,2026-02-13 12:00:00,Completed,Attended,2026-03-08,81,Passed
383,5020,1483,2026-01-29 13:00:00,Completed,Attended,2026-03-08,86,Passed
384,5020,1389,2026-02-02 11:00:00,Completed,Attended,2026-03-08,76,Passed
385,5020,1360,2026-02-15 15:00:00,Completed,Attended,2026-03-08,69,Failed
386,5020,1872,2026-02-03 16:30:00,Completed,Attended,2026-03-08,78,Passed
387,5020,1841,2026-02-10 09:15:00,Completed,Attended,2026-03-08,67,Failed
388,5020,1425,2026-01-16 12:15:00,Completed,Attended,2026-03-08,78,Passed
389,5020,1557,2026-02-23 15:30:00,Completed,Attended,2026-03-08,87,Passed
390,5020,1302,2026-02-23 11:30:00,Completed,Attended,2026-03-08,83,Passed
391,5020,1399,2026-02-17 15:30:00,Completed,Attended,2026-03-08,83,Passed
392,5020,1464,2026-02-03 08:15:00,Completed,Attended,2026-03-08,85,Passed
393,5020,1657,2026-02-09 11:15:00,Completed,Attended,2026-03-08,74,Passed
394,5020,1341,2026-02-21 15:30:00,Completed,Attended,2026-03-08,68,Failed
395,5020,1335,2026-02-04 12:00:00,Completed,Attended,2026-03-08,89,Passed
396,5021,2048,2025-06-28 15:45:00,Completed,Attended,2025-08-11,90,Passed
397,5021,2050,2025-07-19 12:15:00,Completed,Attended,2025-08-11,76,Passed
398,5021,2052,2025-07-06 14:00:00,NoShow,Absent,,,NotAssessed
399,5021,2059,2025-07-20 13:00:00,Completed,Attended,2025-08-11,63,Failed
400,5021,1036,2025-07-18 14:30:00,NoShow,Absent,,,NotAssessed
401,5021,2060,2025-07-21 10:00:00,Cancelled,NotApplicable,,,NotAssessed
402,5021,2062,2025-06-30 14:30:00,Completed,Attended,2025-08-11,77,Passed
403,5021,2063,2025-06-28 10:30:00,Completed,Attended,2025-08-11,74,Passed
404,5021,2065,2025-07-01 09:00:00,Completed,Attended,2025-08-11,67,Failed
405,5021,2066,2025-07-19 14:45:00,Completed,Attended,2025-08-11,98,Passed
406,5021,2068,2025-07-09 13:30:00,Completed,Attended,2025-08-11,69,Failed
407,5021,1044,2025-07-12 13:30:00,Completed,Attended,2025-08-11,79,Passed
408,5021,1046,2025-07-12 15:45:00,Completed,Attended,2025-08-11,70,Passed
409,5021,2072,2025-07-02 13:15:00,Completed,Attended,2025-08-11,90,Passed
410,5021,2073,2025-07-06 16:30:00,Completed,Attended,2025-08-11,64,Failed
411,5021,1048,2025-07-24 10:15:00,Completed,Attended,2025-08-11,75,Passed
412,5021,2075,2025-06-22 14:45:00,Completed,Attended,2025-08-11,62,Failed
413,5021,1948,2025-06-25 13:00:00,Completed,Attended,2025-08-11,78,Passed
414,5021,2082,2025-06-29 13:00:00,Completed,Attended,2025-08-11,84,Passed
415,5021,1961,2025-07-24 12:00:00,Completed,Attended,2025-08-11,84,Passed
416,5021,2090,2025-07-31 09:15:00,Completed,Attended,2025-08-11,87,Passed
417,5021,2092,2025-07-06 10:45:00,Completed,Attended,2025-08-11,99,Passed
418,5021,2096,2025-07-02 11:30:00,Completed,Attended,2025-08-11,87,Passed
419,5021,2097,2025-08-02 15:15:00,Completed,Attended,2025-08-11,73,Passed
420,5021,2098,2025-07-02 14:15:00,Completed,Attended,2025-08-11,76,Passed
421,5021,1588,2025-07-24 10:30:00,Completed,Attended,2025-08-11,83,Passed
422,5021,1602,2025-07-06 08:45:00,Cancelled,NotApplicable,,,NotAssessed
423,5021,1094,2025-06-21 10:15:00,InProgress,Attended,,,NotAssessed
424,5021,1117,2025-07-21 11:45:00,Completed,Attended,2025-08-11,65,Failed
425,5021,1503,2025-07-03 09:30:00,NoShow,Absent,,,NotAssessed
426,5021,2020,2025-07-25 12:15:00,Completed,Attended,2025-08-11,72,Passed
427,5021,2022,2025-07-18 08:45:00,Completed,Attended,2025-08-11,78,Passed
428,5021,2023,2025-06-25 14:30:00,Completed,Attended,2025-08-11,74,Passed
429,5021,2025,2025-07-25 15:15:00,Completed,Attended,2025-08-11,98,Passed
430,5021,2026,2025-06-26 08:00:00,Cancelled,NotApplicable,,,NotAssessed
431,5021,2028,2025-07-10 08:30:00,Completed,Attended,2025-08-11,82,Passed
432,5021,2031,2025-07-06 12:30:00,Completed,Attended,2025-08-11,72,Passed
433,5021,2032,2025-07-22 15:00:00,Completed,Attended,2025-08-11,82,Passed
434,5021,1907,2025-07-06 14:15:00,Completed,Attended,2025-08-11,93,Passed
435,5021,1267,2025-06-20 15:45:00,Completed,Attended,2025-08-11,81,Passed
436,5021,2038,2025-06-30 09:15:00,Completed,Attended,2025-08-11,100,Passed
437,5021,2042,2025-06-17 09:45:00,NoShow,Absent,,,NotAssessed
438,5021,2045,2025-07-11 10:45:00,Completed,Attended,2025-08-11,95,Passed
439,5022,1285,2026-07-03 10:30:00,Completed,Attended,2026-08-04,74,Passed
440,5022,1161,2026-07-01 12:45:00,Completed,Attended,2026-08-04,90,Passed
441,5022,1039,2026-07-22 08:30:00,Completed,Attended,2026-08-04,75,Passed
442,5022,1296,2026-07-16 12:45:00,Completed,Attended,2026-08-04,79,Passed
443,5022,1276,2026-06-17 12:15:00,Completed,Attended,2026-08-04,74,Passed
444,5022,1050,2026-07-17 15:00:00,Completed,Attended,2026-08-04,86,Passed
445,5022,1051,2026-07-26 11:00:00,Completed,Attended,2026-08-04,76,Passed
446,5022,1949,2026-07-20 13:00:00,Completed,Attended,2026-08-04,63,Failed
447,5022,1694,2026-07-10 11:15:00,NoShow,Absent,,,NotAssessed
448,5022,1055,2026-06-19 09:00:00,Completed,Attended,2026-08-04,76,Passed
449,5022,1185,2026-07-15 11:30:00,Completed,Attended,2026-08-04,100,Passed
450,5022,1826,2026-06-22 14:30:00,Completed,Attended,2026-08-04,74,Passed
451,5022,1188,2026-06-15 15:00:00,Completed,Attended,2026-08-04,90,Passed
452,5022,1065,2026-06-27 12:00:00,Completed,Attended,2026-08-04,71,Passed
453,5022,1067,2026-07-19 11:45:00,NoShow,Absent,,,NotAssessed
454,5022,1209,2026-06-26 12:15:00,Completed,Attended,2026-08-04,87,Passed
455,5022,1083,2026-07-11 09:30:00,Completed,Attended,2026-08-04,80,Passed
456,5022,1213,2026-07-03 14:15:00,Completed,Attended,2026-08-04,78,Passed
457,5022,1214,2026-07-24 15:45:00,Completed,Attended,2026-08-04,70,Passed
458,5022,1085,2026-07-01 10:15:00,Completed,Attended,2026-08-04,65,Failed
459,5022,1217,2026-06-16 15:15:00,Completed,Attended,2026-08-04,76,Passed
460,5022,1219,2026-06-29 09:30:00,Completed,Attended,2026-08-04,83,Passed
461,5022,1093,2026-06-25 09:30:00,Completed,Attended,2026-08-04,82,Passed
462,5022,1099,2026-06-21 13:15:00,Completed,Attended,2026-08-04,60,Failed
463,5022,1868,2026-07-08 13:15:00,Completed,Attended,2026-08-04,88,Passed
464,5022,1241,2026-07-17 11:45:00,Completed,Attended,2026-08-04,69,Failed
465,5022,1131,2026-07-22 14:15:00,Completed,Attended,2026-08-04,68,Failed
466,5022,1140,2026-07-22 11:30:00,Completed,Attended,2026-08-04,52,Failed
467,5022,1272,2026-06-11 16:30:00,Completed,Attended,2026-08-04,100,Passed
468,5022,1020,2026-06-13 13:15:00,InProgress,Attended,,,NotAssessed
469,5022,1533,2026-06-21 10:15:00,Completed,Attended,2026-08-04,76,Passed
470,5023,1800,2025-03-01 14:00:00,NoShow,Absent,,,NotAssessed
471,5023,1160,2025-02-10 12:45:00,Completed,Attended,2025-03-22,78,Passed
472,5023,1936,2025-02-23 13:45:00,Completed,Attended,2025-03-22,94,Passed
473,5023,1835,2025-02-04 15:15:00,NoShow,Absent,,,NotAssessed
474,5023,1836,2025-02-23 09:30:00,InProgress,Attended,,,NotAssessed
475,5023,1840,2025-02-28 10:30:00,Completed,Attended,2025-03-22,95,Passed
476,5023,1844,2025-01-31 08:30:00,NoShow,Absent,,,NotAssessed
477,5023,1848,2025-02-12 08:00:00,NoShow,Absent,,,NotAssessed
478,5023,1721,2025-03-07 14:45:00,Completed,Attended,2025-03-22,94,Passed
479,5023,1726,2025-02-26 09:15:00,Completed,Attended,2025-03-22,74,Passed
480,5023,1856,2025-03-08 14:30:00,Completed,Attended,2025-03-22,79,Passed
481,5023,1729,2025-02-28 11:30:00,Completed,Attended,2025-03-22,92,Passed
482,5023,1732,2025-03-03 11:15:00,InProgress,Attended,,,NotAssessed
483,5023,1863,2025-03-13 09:30:00,NoShow,Absent,,,NotAssessed
484,5023,1743,2025-01-27 13:45:00,Cancelled,NotApplicable,,,NotAssessed
485,5023,1745,2025-02-06 15:00:00,Cancelled,NotApplicable,,,NotAssessed
486,5023,1759,2025-03-11 09:30:00,InProgress,Attended,,,NotAssessed
487,5023,1891,2025-01-25 15:00:00,Completed,Attended,2025-03-22,86,Passed
488,5023,1772,2025-03-11 12:45:00,Completed,Attended,2025-03-22,79,Passed
489,5023,1779,2025-02-02 12:15:00,Completed,Attended,2025-03-22,89,Passed
490,5023,1790,2025-02-26 12:00:00,Cancelled,NotApplicable,,,NotAssessed
491,5024,1920,2025-10-14 08:15:00,Completed,Attended,2025-11-13,93,Passed
492,5024,1921,2025-10-31 12:00:00,Cancelled,NotApplicable,,,NotAssessed
493,5024,1924,2025-10-20 09:15:00,Completed,Attended,2025-11-13,68,Failed
494,5024,1925,2025-10-09 11:00:00,Completed,Attended,2025-11-13,72,Passed
495,5024,2055,2025-10-04 11:00:00,Cancelled,NotApplicable,,,NotAssessed
496,5024,1929,2025-10-24 11:00:00,Completed,Attended,2025-11-13,79,Passed
497,5024,1930,2025-09-28 11:30:00,Completed,Attended,2025-11-13,80,Passed
498,5024,1933,2025-09-19 14:45:00,Completed,Attended,2025-11-13,87,Passed
499,5024,1934,2025-10-08 15:30:00,InProgress,Attended,,,NotAssessed
500,5024,1935,2025-09-24 10:30:00,Completed,Attended,2025-11-13,95,Passed
501,5024,1936,2025-10-05 12:15:00,Completed,Attended,2025-11-13,82,Passed
502,5024,1940,2025-10-22 09:45:00,NoShow,Absent,,,NotAssessed
503,5024,1947,2025-10-20 12:45:00,Completed,Attended,2025-11-13,100,Passed
504,5024,1957,2025-10-14 16:45:00,Completed,Attended,2025-11-13,81,Passed
505,5024,1961,2025-09-28 12:00:00,Completed,Attended,2025-11-13,92,Passed
506,5024,1966,2025-10-28 14:15:00,InProgress,Attended,,,NotAssessed
507,5024,2094,2025-09-30 14:30:00,NoShow,Absent,,,NotAssessed
508,5024,1970,2025-09-25 10:45:00,Completed,Attended,2025-11-13,86,Passed
509,5024,1971,2025-09-24 12:00:00,Completed,Attended,2025-11-13,65,Failed
510,5024,1852,2025-09-21 11:00:00,Completed,Attended,2025-11-13,63,Failed
511,5024,1984,2025-09-24 14:45:00,Completed,Attended,2025-11-13,79,Passed
512,5024,1987,2025-09-24 10:15:00,Completed,Attended,2025-11-13,66,Failed
513,5024,1607,2025-09-20 16:45:00,Completed,Attended,2025-11-13,66,Failed
514,5024,1996,2025-09-30 09:00:00,InProgress,Attended,,,NotAssessed
515,5024,2000,2025-10-28 15:30:00,Completed,Attended,2025-11-13,98,Passed
516,5024,2003,2025-10-06 14:15:00,Completed,Attended,2025-11-13,80,Passed
517,5024,2006,2025-09-23 14:30:00,Completed,Attended,2025-11-13,69,Failed
518,5024,2010,2025-10-24 15:00:00,Completed,Attended,2025-11-13,65,Failed
519,5024,2011,2025-09-28 14:00:00,Completed,Attended,2025-11-13,75,Passed
520,5024,2012,2025-10-21 16:45:00,Completed,Attended,2025-11-13,92,Passed
521,5024,2014,2025-10-16 13:45:00,Cancelled,NotApplicable,,,NotAssessed
522,5024,2017,2025-10-31 10:00:00,NoShow,Absent,,,NotAssessed
523,5024,2018,2025-09-24 12:45:00,Completed,Attended,2025-11-13,74,Passed
524,5024,1121,2025-10-11 12:30:00,Completed,Attended,2025-11-13,70,Passed
525,5024,2020,2025-10-05 10:45:00,Completed,Attended,2025-11-13,70,Passed
526,5024,2019,2025-09-23 13:45:00,Completed,Attended,2025-11-13,78,Passed
527,5024,2025,2025-09-19 16:45:00,Completed,Attended,2025-11-13,73,Passed
528,5024,2027,2025-10-14 10:45:00,Completed,Attended,2025-11-13,46,Failed
529,5024,1901,2025-10-09 13:30:00,Completed,Attended,2025-11-13,94,Passed
530,5024,1905,2025-10-25 15:45:00,NoShow,Absent,,,NotAssessed
531,5024,1266,2025-11-04 10:30:00,InProgress,Attended,,,NotAssessed
532,5024,1908,2025-10-05 14:30:00,Completed,Attended,2025-11-13,67,Failed
533,5024,1652,2025-09-26 11:15:00,Completed,Attended,2025-11-13,90,Passed
534,5024,1913,2025-10-23 13:30:00,Completed,Attended,2025-11-13,66,Failed
535,5025,1414,2026-01-15 13:15:00,Completed,Attended,2026-03-01,70,Passed
536,5025,2057,2026-02-17 11:00:00,NoShow,Absent,,,NotAssessed
537,5025,1420,2026-02-05 12:30:00,Completed,Attended,2026-03-01,77,Passed
538,5025,1807,2026-01-22 15:30:00,Completed,Attended,2026-03-01,67,Failed
539,5025,2065,2026-01-25 08:00:00,Completed,Attended,2026-03-01,59,Failed
540,5025,1432,2026-02-15 08:30:00,Completed,Attended,2026-03-01,70,Passed
541,5025,1437,2026-01-17 11:00:00,Completed,Attended,2026-03-01,65,Failed
542,5025,1951,2026-02-03 11:15:00,Completed,Attended,2026-03-01,89,Passed
543,5025,1440,2026-01-25 10:15:00,Completed,Attended,2026-03-01,72,Passed
544,5025,1447,2026-02-07 13:00:00,Completed,Attended,2026-03-01,69,Failed
545,5025,1962,2026-02-06 14:00:00,InProgress,Attended,,,NotAssessed
546,5025,1451,2026-01-07 08:45:00,Completed,Attended,2026-03-01,73,Passed
547,5025,1324,2026-02-13 11:30:00,Completed,Attended,2026-03-01,91,Passed
548,5025,1967,2026-02-19 15:45:00,Completed,Attended,2026-03-01,83,Passed
549,5025,1456,2026-02-07 15:15:00,Completed,Attended,2026-03-01,57,Failed
550,5025,1584,2026-02-19 15:15:00,Completed,Attended,2026-03-01,65,Failed
551,5025,1968,2026-02-16 14:15:00,Completed,Attended,2026-03-01,97,Passed
552,5025,1332,2026-01-24 09:30:00,Completed,Attended,2026-03-01,81,Passed
553,5025,1339,2026-01-04 13:00:00,Completed,Attended,2026-03-01,67,Failed
554,5025,1471,2026-01-26 11:15:00,Completed,Attended,2026-03-01,68,Failed
555,5025,1482,2026-02-06 15:45:00,NoShow,Absent,,,NotAssessed
556,5025,1354,2026-01-07 10:45:00,Completed,Attended,2026-03-01,70,Passed
557,5025,1374,2026-01-25 12:15:00,Completed,Attended,2026-03-01,63,Failed
558,5025,1377,2026-02-08 11:15:00,Completed,Attended,2026-03-01,77,Passed
559,5025,1256,2026-02-11 10:00:00,Completed,Attended,2026-03-01,66,Failed
560,5025,1520,2026-01-14 12:30:00,Completed,Attended,2026-03-01,78,Passed
561,5025,1394,2026-02-11 11:00:00,Completed,Attended,2026-03-01,84,Passed
562,5025,1526,2026-01-09 11:30:00,Completed,Attended,2026-03-01,74,Passed
563,5025,1401,2026-01-17 10:45:00,Completed,Attended,2026-03-01,79,Passed
564,5025,1407,2026-02-12 13:15:00,NoShow,Absent,,,NotAssessed
565,5026,2050,2026-01-31 14:30:00,NoShow,Absent,,,NotAssessed
566,5026,2055,2026-02-07 10:00:00,Cancelled,NotApplicable,,,NotAssessed
567,5026,1164,2026-02-11 09:45:00,Completed,Attended,2026-03-01,53,Failed
568,5026,2060,2026-02-11 16:30:00,Cancelled,NotApplicable,,,NotAssessed
569,5026,2065,2026-01-25 12:00:00,Completed,Attended,2026-03-01,74,Passed
570,5026,2073,2026-01-24 12:30:00,Completed,Attended,2026-03-01,75,Passed
571,5026,2074,2026-02-13 09:30:00,NoShow,Absent,,,NotAssessed
572,5026,2082,2026-01-25 08:15:00,NoShow,Absent,,,NotAssessed
573,5026,2086,2026-01-22 08:30:00,Completed,Attended,2026-03-01,87,Passed
574,5026,1191,2026-01-08 08:15:00,Completed,Attended,2026-03-01,81,Passed
575,5026,2089,2026-02-17 13:45:00,Completed,Attended,2026-03-01,70,Passed
576,5026,1883,2026-02-08 14:15:00,Completed,Attended,2026-03-01,71,Passed
577,5026,1760,2026-01-13 12:15:00,Completed,Attended,2026-03-01,79,Passed
578,5026,2027,2026-02-19 15:30:00,Completed,Attended,2026-03-01,59,Failed
579,5026,2034,2026-02-19 12:15:00,Completed,Attended,2026-03-01,75,Passed
580,5026,1011,2026-02-20 12:30:00,NoShow,Absent,,,NotAssessed
581,5026,1142,2026-02-10 08:00:00,Completed,Attended,2026-03-01,84,Passed
582,5026,2039,2026-01-21 08:15:00,Completed,Attended,2026-03-01,73,Passed
583,5026,2041,2026-02-14 08:00:00,Completed,Attended,2026-03-01,74,Passed
584,5027,1440,2025-01-26 14:00:00,Completed,Attended,2025-02-02,63,Failed
585,5027,1345,2024-12-13 12:30:00,Cancelled,NotApplicable,,,NotAssessed
586,5027,1411,2024-12-23 13:15:00,InProgress,Attended,,,NotAssessed
587,5027,1381,2025-01-24 08:15:00,Completed,Attended,2025-02-02,75,Passed
588,5027,1318,2024-12-09 08:15:00,Completed,Attended,2025-02-02,88,Passed
589,5027,1451,2025-01-14 10:30:00,Completed,Attended,2025-02-02,96,Passed
590,5027,2060,2024-12-21 14:45:00,Completed,Attended,2025-02-02,81,Passed
591,5027,1455,2025-01-12 15:30:00,Completed,Attended,2025-02-02,73,Passed
592,5027,1425,2024-12-27 09:45:00,Completed,Attended,2025-02-02,78,Passed
593,5027,1495,2024-12-28 12:45:00,Completed,Attended,2025-02-02,73,Passed
594,5027,1433,2025-01-20 10:15:00,Completed,Attended,2025-02-02,92,Passed
595,5027,1978,2024-12-28 10:45:00,Completed,Attended,2025-02-02,78,Passed
596,5028,1416,2025-12-25 15:30:00,Completed,Attended,2026-02-12,82,Passed
597,5028,1417,2026-02-04 11:00:00,Completed,Attended,2026-02-12,63,Failed
598,5028,1047,2025-12-25 10:15:00,Completed,Attended,2026-02-12,74,Passed
599,5028,1305,2026-01-13 09:45:00,Completed,Attended,2026-02-12,58,Failed
600,5028,1307,2026-01-25 11:45:00,Completed,Attended,2026-02-12,73,Passed
601,5028,1313,2026-01-19 10:30:00,Completed,Attended,2026-02-12,90,Passed
602,5028,1442,2025-12-29 09:00:00,Completed,Attended,2026-02-12,81,Passed
603,5028,1827,2026-02-04 16:30:00,Cancelled,NotApplicable,,,NotAssessed
604,5028,1327,2026-01-31 11:15:00,Completed,Attended,2026-02-12,84,Passed
605,5028,1587,2026-01-05 16:45:00,Completed,Attended,2026-02-12,94,Passed
606,5028,1460,2025-12-29 13:00:00,Completed,Attended,2026-02-12,80,Passed
607,5028,1335,2026-01-12 12:30:00,Completed,Attended,2026-02-12,74,Passed
608,5028,1339,2026-01-25 08:00:00,Completed,Attended,2026-02-12,90,Passed
609,5028,1340,2026-01-20 15:45:00,Completed,Attended,2026-02-12,70,Passed
610,5028,1341,2026-01-02 13:00:00,Completed,Attended,2026-02-12,90,Passed
611,5028,1858,2026-01-07 11:30:00,Completed,Attended,2026-02-12,97,Passed
612,5028,1478,2026-01-07 12:00:00,Completed,Attended,2026-02-12,71,Passed
613,5028,1350,2026-01-28 15:15:00,InProgress,Attended,,,NotAssessed
614,5028,1487,2026-01-17 16:15:00,Cancelled,NotApplicable,,,NotAssessed
615,5028,1744,2026-01-06 14:15:00,Completed,Attended,2026-02-12,88,Passed
616,5028,1360,2025-12-25 13:15:00,Completed,Attended,2026-02-12,64,Failed
617,5028,1365,2026-01-21 09:45:00,Completed,Attended,2026-02-12,92,Passed
618,5028,1366,2026-01-13 08:30:00,Completed,Attended,2026-02-12,90,Passed
619,5028,1498,2026-01-17 08:45:00,Completed,Attended,2026-02-12,74,Passed
620,5028,1371,2025-12-30 14:45:00,Completed,Attended,2026-02-12,92,Passed
621,5028,1504,2025-12-30 11:15:00,Completed,Attended,2026-02-12,76,Passed
622,5028,1507,2026-01-24 08:00:00,NoShow,Absent,,,NotAssessed
623,5028,1385,2026-01-16 09:45:00,Completed,Attended,2026-02-12,73,Passed
624,5028,1514,2026-02-01 16:45:00,Completed,Attended,2026-02-12,93,Passed
625,5029,2049,2025-09-04 14:15:00,Completed,Attended,2025-09-26,71,Passed
626,5029,2053,2025-08-03 16:00:00,Completed,Attended,2025-09-26,69,Failed
627,5029,2056,2025-09-01 11:45:00,Completed,Attended,2025-09-26,60,Failed
628,5029,2063,2025-08-30 08:15:00,Completed,Attended,2025-09-26,72,Passed
629,5029,2068,2025-09-08 12:45:00,Completed,Attended,2025-09-26,83,Passed
630,5029,2070,2025-09-13 13:30:00,Completed,Attended,2025-09-26,76,Passed
631,5029,2075,2025-08-20 10:15:00,Completed,Attended,2025-09-26,81,Passed
632,5029,2078,2025-09-18 09:30:00,Completed,Attended,2025-09-26,84,Passed
633,5029,2081,2025-09-19 16:15:00,Completed,Attended,2025-09-26,71,Passed
634,5029,1577,2025-09-14 08:30:00,Completed,Attended,2025-09-26,66,Failed
635,5029,1326,2025-09-19 08:15:00,Completed,Attended,2025-09-26,76,Passed
636,5029,2098,2025-08-27 13:30:00,Completed,Attended,2025-09-26,61,Failed
637,5029,2099,2025-09-17 09:45:00,Completed,Attended,2025-09-26,73,Passed
638,5029,1466,2025-09-12 13:30:00,Completed,Attended,2025-09-26,81,Passed
639,5029,1872,2025-09-05 16:30:00,Completed,Attended,2025-09-26,71,Passed
640,5029,2030,2025-09-16 08:30:00,Completed,Attended,2025-09-26,86,Passed
641,5029,2034,2025-09-01 10:45:00,Completed,Attended,2025-09-26,98,Passed
642,5029,1268,2025-08-10 08:30:00,Completed,Attended,2025-09-26,77,Passed
643,5029,1782,2025-08-27 14:45:00,Completed,Attended,2025-09-26,65,Failed
644,5029,2043,2025-08-14 12:45:00,Completed,Attended,2025-09-26,59,Failed
645,5030,1537,2026-07-06 15:00:00,NoShow,Absent,,,NotAssessed
646,5030,1539,2026-07-01 13:30:00,Completed,Attended,2026-08-02,88,Passed
647,5030,1670,2026-06-19 10:15:00,Cancelled,NotApplicable,,,NotAssessed
648,5030,1290,2026-06-23 13:30:00,Completed,Attended,2026-08-02,79,Passed
649,5030,2058,2026-06-15 10:00:00,NoShow,Absent,,,NotAssessed
650,5030,1547,2026-07-23 13:15:00,Completed,Attended,2026-08-02,73,Passed
651,5030,2065,2026-06-23 09:15:00,Cancelled,NotApplicable,,,NotAssessed
652,5030,1940,2026-06-18 14:00:00,Completed,Attended,2026-08-02,80,Passed
653,5030,1689,2026-07-06 13:30:00,Completed,Attended,2026-08-02,93,Passed
654,5030,1442,2026-07-20 16:15:00,Completed,Attended,2026-08-02,71,Passed
655,5030,1703,2026-07-18 16:00:00,Completed,Attended,2026-08-02,67,Failed
656,5030,1960,2026-06-18 13:15:00,Completed,Attended,2026-08-02,50,Failed
657,5030,1710,2026-07-14 11:45:00,Completed,Attended,2026-08-02,79,Passed
658,5030,1711,2026-07-18 12:30:00,NoShow,Absent,,,NotAssessed
659,5030,1713,2026-07-13 12:30:00,Completed,Attended,2026-08-02,65,Failed
660,5030,1591,2026-07-11 10:00:00,Completed,Attended,2026-08-02,73,Passed
661,5030,1720,2026-06-21 13:45:00,NoShow,Absent,,,NotAssessed
662,5030,1605,2026-06-15 14:45:00,Completed,Attended,2026-08-02,90,Passed
663,5030,1606,2026-06-16 13:00:00,Completed,Attended,2026-08-02,72,Passed
664,5030,1995,2026-07-09 08:15:00,Completed,Attended,2026-08-02,66,Failed
665,5030,1236,2026-06-09 11:45:00,Completed,Attended,2026-08-02,100,Passed
666,5030,1622,2026-06-22 13:45:00,Completed,Attended,2026-08-02,76,Passed
667,5030,1112,2026-06-08 09:45:00,Completed,Attended,2026-08-02,81,Passed
668,5030,1632,2026-06-17 13:00:00,Completed,Attended,2026-08-02,72,Passed
669,5030,1647,2026-07-10 08:00:00,NoShow,Absent,,,NotAssessed
670,5030,2032,2026-06-08 09:45:00,Completed,Attended,2026-08-02,80,Passed
671,5030,1904,2026-06-08 13:15:00,Completed,Attended,2026-08-02,68,Failed
672,5030,1660,2026-07-23 10:00:00,Completed,Attended,2026-08-02,80,Passed
673,5031,1794,2025-01-27 13:30:00,Completed,Attended,2025-02-08,84,Passed
674,5031,1411,2024-12-23 08:45:00,Completed,Attended,2025-02-08,92,Passed
675,5031,1423,2025-01-10 11:00:00,NoShow,Absent,,,NotAssessed
676,5031,1815,2025-01-21 08:00:00,Completed,Attended,2025-02-08,64,Failed
677,5031,1821,2025-01-04 14:15:00,Completed,Attended,2025-02-08,81,Passed
678,5031,1828,2025-01-13 10:45:00,NoShow,Absent,,,NotAssessed
679,5031,1830,2024-12-22 13:45:00,Completed,Attended,2025-02-08,82,Passed
680,5031,1841,2024-12-31 14:45:00,Completed,Attended,2025-02-08,86,Passed
681,5031,1718,2024-12-23 08:30:00,Completed,Attended,2025-02-08,81,Passed
682,5031,1852,2025-01-18 08:45:00,Completed,Attended,2025-02-08,79,Passed
683,5031,1863,2025-01-01 16:15:00,Completed,Attended,2025-02-08,97,Passed
684,5031,1738,2024-12-22 10:30:00,Completed,Attended,2025-02-08,100,Passed
685,5031,1746,2025-01-21 11:30:00,NoShow,Absent,,,NotAssessed
686,5031,1875,2024-12-14 09:00:00,Completed,Attended,2025-02-08,87,Passed
687,5031,1874,2025-01-31 09:00:00,NoShow,Absent,,,NotAssessed
688,5031,1751,2025-01-11 13:45:00,Completed,Attended,2025-02-08,65,Failed
689,5031,1894,2025-01-11 12:30:00,Completed,Attended,2025-02-08,77,Passed
690,5031,2036,2024-12-24 11:45:00,Completed,Attended,2025-02-08,73,Passed
691,5031,1780,2025-01-18 12:00:00,Completed,Attended,2025-02-08,55,Failed
692,5031,1918,2025-01-08 10:45:00,Completed,Attended,2025-02-08,93,Passed
693,5031,1791,2025-01-23 16:15:00,Completed,Attended,2025-02-08,57,Failed
694,5032,1730,2026-06-07 13:15:00,NoShow,Absent,,,NotAssessed
695,5032,1756,2026-04-25 09:15:00,Completed,Attended,2026-06-18,73,Passed
696,5032,2084,2026-05-22 16:30:00,Completed,Attended,2026-06-18,99,Passed
697,5032,1797,2026-05-10 08:00:00,Completed,Attended,2026-06-18,74,Passed
698,5032,1829,2026-05-17 10:15:00,Completed,Attended,2026-06-18,86,Passed
699,5032,1895,2026-05-05 11:15:00,NoShow,Absent,,,NotAssessed
700,5032,1831,2026-06-06 14:30:00,Completed,Attended,2026-06-18,84,Passed
701,5032,2088,2026-04-30 16:00:00,NoShow,Absent,,,NotAssessed
702,5032,1770,2026-04-27 10:15:00,Completed,Attended,2026-06-18,92,Passed
703,5032,1772,2026-05-15 10:30:00,Completed,Attended,2026-06-18,97,Passed
704,5032,1490,2026-05-06 15:30:00,Completed,Attended,2026-06-18,62,Failed
705,5032,1747,2026-04-28 09:45:00,NoShow,Absent,,,NotAssessed
706,5032,1782,2026-05-20 11:30:00,Completed,Attended,2026-06-18,66,Failed
707,5032,1847,2026-05-12 09:00:00,Cancelled,NotApplicable,,,NotAssessed
708,5032,1880,2026-06-08 14:15:00,InProgress,Attended,,,NotAssessed
709,5032,1851,2026-05-21 12:00:00,Completed,Attended,2026-06-18,79,Passed
710,5032,1884,2026-05-18 08:30:00,NoShow,Absent,,,NotAssessed
711,5033,1888,2025-03-27 15:15:00,Completed,Attended,2025-05-11,73,Passed
712,5033,2049,2025-04-05 14:15:00,Completed,Attended,2025-05-11,73,Passed
713,5033,1633,2025-04-10 10:15:00,Completed,Attended,2025-05-11,80,Passed
714,5033,1513,2025-03-29 11:15:00,NoShow,Absent,,,NotAssessed
715,5033,2058,2025-04-21 09:45:00,Cancelled,NotApplicable,,,NotAssessed
716,5033,2060,2025-03-28 10:00:00,Completed,Attended,2025-05-11,77,Passed
717,5033,2061,2025-04-14 11:00:00,Completed,Attended,2025-05-11,86,Passed
718,5033,1005,2025-03-20 11:30:00,Completed,Attended,2025-05-11,64,Failed
719,5033,2066,2025-03-21 11:15:00,Completed,Attended,2025-05-11,78,Passed
720,5033,2036,2025-04-24 11:00:00,Completed,Attended,2025-05-11,79,Passed
721,5033,2076,2025-04-04 15:30:00,Completed,Attended,2025-05-11,86,Passed
722,5033,2078,2025-05-01 16:45:00,Completed,Attended,2025-05-11,64,Failed
723,5034,1025,2025-01-28 13:15:00,Completed,Attended,2025-03-19,88,Passed
724,5034,1281,2025-02-22 16:30:00,Completed,Attended,2025-03-19,72,Passed
725,5034,1094,2025-02-11 10:30:00,Completed,Attended,2025-03-19,70,Passed
726,5034,1223,2025-02-08 09:00:00,Cancelled,NotApplicable,,,NotAssessed
727,5034,1031,2025-02-13 12:00:00,Completed,Attended,2025-03-19,95,Passed
728,5034,1993,2025-01-22 15:30:00,Completed,Attended,2025-03-19,76,Passed
729,5034,1259,2025-02-09 12:15:00,NoShow,Absent,,,NotAssessed
730,5034,1292,2025-01-27 11:00:00,Completed,Attended,2025-03-19,85,Passed
731,5034,1133,2025-02-02 13:30:00,Completed,Attended,2025-03-19,57,Failed
732,5034,1774,2025-02-17 13:15:00,Completed,Attended,2025-03-19,70,Passed
733,5034,1199,2025-01-30 09:15:00,Completed,Attended,2025-03-19,90,Passed
734,5034,1068,2025-01-26 16:00:00,Completed,Attended,2025-03-19,76,Passed
735,5034,1941,2025-03-09 11:15:00,Completed,Attended,2025-03-19,64,Failed
736,5034,1142,2025-01-25 08:00:00,Completed,Attended,2025-03-19,94,Passed
737,5034,1240,2025-01-27 09:30:00,Completed,Attended,2025-03-19,78,Passed
738,5034,1243,2025-03-08 08:00:00,Cancelled,NotApplicable,,,NotAssessed
739,5034,1533,2025-02-08 09:00:00,NoShow,Absent,,,NotAssessed
740,5035,2052,2025-01-25 15:15:00,Completed,Attended,2025-03-21,73,Passed
741,5035,2059,2025-02-14 08:00:00,Completed,Attended,2025-03-21,90,Passed
742,5035,2060,2025-01-29 13:45:00,Completed,Attended,2025-03-21,71,Passed
743,5035,2061,2025-01-31 09:15:00,Completed,Attended,2025-03-21,87,Passed
744,5035,2068,2025-02-17 10:30:00,Completed,Attended,2025-03-21,69,Failed
745,5035,2077,2025-02-19 12:00:00,Cancelled,NotApplicable,,,NotAssessed
746,5035,1056,2025-02-27 15:45:00,Completed,Attended,2025-03-21,94,Passed
747,5035,2085,2025-02-14 14:30:00,Completed,Attended,2025-03-21,96,Passed
748,5035,2086,2025-02-05 11:15:00,Completed,Attended,2025-03-21,81,Passed
749,5035,2088,2025-01-26 10:15:00,Completed,Attended,2025-03-21,79,Passed
750,5035,2097,2025-01-29 10:00:00,Completed,Attended,2025-03-21,72,Passed
751,5035,2099,2025-01-30 08:00:00,InProgress,Attended,,,NotAssessed
752,5035,2100,2025-03-14 14:15:00,Completed,Attended,2025-03-21,77,Passed
753,5035,1719,2025-02-16 10:00:00,NoShow,Absent,,,NotAssessed
754,5035,1721,2025-02-20 08:00:00,InProgress,Attended,,,NotAssessed
755,5035,1734,2025-02-17 11:45:00,NoShow,Absent,,,NotAssessed
756,5035,1745,2025-02-06 08:45:00,Completed,Attended,2025-03-21,100,Passed
757,5035,1374,2025-03-14 12:15:00,Completed,Attended,2025-03-21,77,Passed
758,5035,1378,2025-01-27 09:00:00,Completed,Attended,2025-03-21,78,Passed
759,5035,1379,2025-01-30 15:30:00,Completed,Attended,2025-03-21,70,Passed
760,5035,1381,2025-02-16 09:15:00,Completed,Attended,2025-03-21,86,Passed
761,5035,2022,2025-02-19 14:30:00,Completed,Attended,2025-03-21,82,Passed
762,5035,2023,2025-02-21 16:30:00,Completed,Attended,2025-03-21,74,Passed
763,5035,2026,2025-02-01 13:00:00,Completed,Attended,2025-03-21,82,Passed
764,5035,2034,2025-03-01 10:00:00,Completed,Attended,2025-03-21,87,Passed
765,5035,1908,2025-02-11 13:15:00,Completed,Attended,2025-03-21,66,Failed
766,5035,2037,2025-01-25 16:00:00,Completed,Attended,2025-03-21,94,Passed
767,5035,2040,2025-03-05 10:15:00,InProgress,Attended,,,NotAssessed
768,5035,2041,2025-02-21 10:00:00,Completed,Attended,2025-03-21,61,Failed
769,5035,2045,2025-02-15 16:00:00,Completed,Attended,2025-03-21,92,Passed
770,5036,1091,2026-04-02 12:45:00,Completed,Attended,2026-05-15,79,Passed
771,5036,1559,2026-04-25 14:15:00,Completed,Attended,2026-05-15,80,Passed
772,5036,1126,2026-03-20 13:45:00,Completed,Attended,2026-05-15,70,Passed
773,5036,1158,2026-05-05 16:00:00,Completed,Attended,2026-05-15,68,Failed
774,5036,2022,2026-04-28 13:30:00,Completed,Attended,2026-05-15,76,Passed
775,5036,1033,2026-03-30 08:45:00,Completed,Attended,2026-05-15,72,Passed
776,5036,1421,2026-05-06 10:30:00,Completed,Attended,2026-05-15,94,Passed
777,5036,1326,2026-04-21 10:15:00,Completed,Attended,2026-05-15,86,Passed
778,5036,1137,2026-03-28 12:30:00,Completed,Attended,2026-05-15,79,Passed
779,5036,1047,2026-04-08 12:45:00,Completed,Attended,2026-05-15,88,Passed
780,5036,1112,2026-03-20 09:45:00,Completed,Attended,2026-05-15,86,Passed
781,5036,1021,2026-04-20 16:00:00,Completed,Attended,2026-05-15,68,Failed
782,5036,1246,2026-03-22 15:00:00,Completed,Attended,2026-05-15,92,Passed
783,5037,1559,2025-09-03 16:00:00,Cancelled,NotApplicable,,,NotAssessed
784,5037,1623,2025-09-11 10:15:00,Completed,Attended,2025-10-24,77,Passed
785,5037,1610,2025-10-12 13:15:00,Completed,Attended,2025-10-24,57,Failed
786,5037,1591,2025-09-11 14:30:00,NoShow,Absent,,,NotAssessed
787,5037,1663,2025-09-21 13:15:00,Completed,Attended,2025-10-24,77,Passed
788,5038,1792,2026-03-20 15:00:00,NoShow,Absent,,,NotAssessed
789,5038,2050,2026-04-17 13:00:00,Completed,Attended,2026-04-29,86,Passed
790,5038,1924,2026-04-18 11:45:00,Completed,Attended,2026-04-29,69,Failed
791,5038,1928,2026-04-11 14:30:00,InProgress,Attended,,,NotAssessed
792,5038,1929,2026-04-17 10:45:00,NoShow,Absent,,,NotAssessed
793,5038,1953,2026-03-25 11:45:00,Completed,Attended,2026-04-29,77,Passed
794,5038,1955,2026-03-16 12:00:00,InProgress,Attended,,,NotAssessed
795,5038,1956,2026-03-29 16:15:00,NoShow,Absent,,,NotAssessed
796,5038,1958,2026-04-18 15:15:00,Completed,Attended,2026-04-29,52,Failed
797,5038,1320,2026-03-27 15:30:00,Completed,Attended,2026-04-29,77,Passed
798,5038,1970,2026-04-11 16:45:00,Completed,Attended,2026-04-29,80,Passed
799,5038,1983,2026-03-22 09:15:00,Completed,Attended,2026-04-29,75,Passed
800,5038,1984,2026-04-08 08:00:00,Cancelled,NotApplicable,,,NotAssessed
801,5038,1345,2026-03-08 09:00:00,Completed,Attended,2026-04-29,70,Passed
802,5038,1990,2026-03-15 13:00:00,Completed,Attended,2026-04-29,84,Passed
803,5038,1992,2026-04-07 15:30:00,NoShow,Absent,,,NotAssessed
804,5038,1994,2026-04-20 11:15:00,Completed,Attended,2026-04-29,88,Passed
805,5038,2005,2026-03-28 10:15:00,Completed,Attended,2026-04-29,80,Passed
806,5038,2008,2026-04-18 08:30:00,Completed,Attended,2026-04-29,78,Passed
807,5038,2010,2026-04-07 09:15:00,Completed,Attended,2026-04-29,100,Passed
808,5038,2018,2026-03-17 08:15:00,Completed,Attended,2026-04-29,63,Failed
809,5038,2019,2026-04-03 16:15:00,InProgress,Attended,,,NotAssessed
810,5038,1905,2026-03-22 16:30:00,Completed,Attended,2026-04-29,85,Passed
811,5038,1907,2026-04-20 12:45:00,Completed,Attended,2026-04-29,73,Passed
812,5039,2048,2025-12-12 10:45:00,Completed,Attended,2026-02-04,87,Passed
813,5039,2050,2025-12-29 16:45:00,NoShow,Absent,,,NotAssessed
814,5039,2082,2026-01-21 16:30:00,Completed,Attended,2026-02-04,100,Passed
815,5039,2087,2025-12-20 08:45:00,Completed,Attended,2026-02-04,67,Failed
816,5039,2024,2025-12-28 11:30:00,Completed,Attended,2026-02-04,81,Passed
817,5039,2025,2026-01-15 09:15:00,Completed,Attended,2026-02-04,71,Passed
818,5039,1387,2026-01-01 13:15:00,Completed,Attended,2026-02-04,72,Passed
819,5039,2091,2026-01-23 08:45:00,Completed,Attended,2026-02-04,78,Passed
820,5039,2098,2026-01-03 10:45:00,Completed,Attended,2026-02-04,77,Passed
821,5039,1363,2026-01-16 10:15:00,NoShow,Absent,,,NotAssessed
822,5039,2099,2025-12-25 11:00:00,Completed,Attended,2026-02-04,72,Passed
823,5039,2004,2026-01-13 14:30:00,Completed,Attended,2026-02-04,64,Failed
824,5039,2066,2025-12-31 12:45:00,Cancelled,NotApplicable,,,NotAssessed
825,5039,1084,2026-01-06 11:15:00,Completed,Attended,2026-02-04,69,Failed
826,5040,1505,2025-11-08 16:30:00,NoShow,Absent,,,NotAssessed
827,5040,1442,2025-11-02 12:30:00,Cancelled,NotApplicable,,,NotAssessed
828,5040,1345,2025-11-04 12:45:00,Completed,Attended,2025-12-19,80,Passed
829,5040,1511,2025-10-28 13:30:00,Completed,Attended,2025-12-19,74,Passed
830,5040,1352,2025-11-23 13:15:00,Completed,Attended,2025-12-19,83,Passed
831,5040,1513,2025-12-03 14:30:00,Completed,Attended,2025-12-19,57,Failed
832,5040,2092,2025-11-27 09:00:00,NoShow,Absent,,,NotAssessed
833,5040,1392,2025-11-29 11:45:00,Cancelled,NotApplicable,,,NotAssessed
834,5040,1490,2025-12-08 08:30:00,Completed,Attended,2025-12-19,87,Passed
835,5040,1427,2025-11-24 08:15:00,Completed,Attended,2025-12-19,58,Failed
836,5040,1556,2025-11-06 15:30:00,NoShow,Absent,,,NotAssessed
837,5040,1493,2025-10-24 08:00:00,Completed,Attended,2025-12-19,85,Passed
838,5040,1462,2025-11-26 16:30:00,Completed,Attended,2025-12-19,78,Passed
839,5040,1432,2025-11-04 10:30:00,Completed,Attended,2025-12-19,82,Passed
840,5040,1370,2025-12-02 08:30:00,Completed,Attended,2025-12-19,60,Failed
841,5040,1404,2025-11-30 10:00:00,Completed,Attended,2025-12-19,62,Failed
842,5040,1502,2025-11-02 08:00:00,Completed,Attended,2025-12-19,84,Passed
843,5040,1343,2025-11-01 14:45:00,Completed,Attended,2025-12-19,87,Passed
844,5041,1537,2025-12-18 08:15:00,InProgress,Attended,,,NotAssessed
845,5041,2050,2025-11-17 10:45:00,Completed,Attended,2026-01-05,91,Passed
846,5041,2054,2025-12-16 09:45:00,Completed,Attended,2026-01-05,54,Failed
847,5041,2055,2025-12-18 09:00:00,Completed,Attended,2026-01-05,82,Passed
848,5041,2056,2025-11-29 14:15:00,NoShow,Absent,,,NotAssessed
849,5041,1418,2025-12-24 10:15:00,Completed,Attended,2026-01-05,73,Passed
850,5041,2074,2025-12-17 16:45:00,Completed,Attended,2026-01-05,82,Passed
851,5041,2075,2025-12-09 12:00:00,NoShow,Absent,,,NotAssessed
852,5041,2079,2025-11-19 15:45:00,InProgress,Attended,,,NotAssessed
853,5041,2086,2025-12-16 12:15:00,Completed,Attended,2026-01-05,61,Failed
854,5041,2090,2025-11-25 16:00:00,Completed,Attended,2026-01-05,86,Passed
855,5041,2092,2025-12-18 11:30:00,Completed,Attended,2026-01-05,83,Passed
856,5041,2094,2025-11-27 13:00:00,Completed,Attended,2026-01-05,74,Passed
857,5041,2096,2025-12-14 12:00:00,Completed,Attended,2026-01-05,100,Passed
858,5041,1880,2025-12-07 09:15:00,Completed,Attended,2026-01-05,86,Passed
859,5041,2024,2025-11-22 10:30:00,NoShow,Absent,,,NotAssessed
860,5041,2028,2025-11-14 09:45:00,Completed,Attended,2026-01-05,88,Passed
861,5041,2029,2025-11-23 15:45:00,Completed,Attended,2026-01-05,61,Failed
862,5041,2037,2025-12-11 09:45:00,Cancelled,NotApplicable,,,NotAssessed
863,5041,2044,2025-12-15 10:00:00,Completed,Attended,2026-01-05,100,Passed
864,5041,2045,2025-12-11 15:15:00,Completed,Attended,2026-01-05,84,Passed
865,5042,1248,2026-04-02 16:30:00,InProgress,Attended,,,NotAssessed
866,5042,1633,2026-03-31 16:30:00,Completed,Attended,2026-05-02,84,Passed
867,5042,1123,2026-03-08 13:45:00,Completed,Attended,2026-05-02,80,Passed
868,5042,1221,2026-04-10 10:00:00,Completed,Attended,2026-05-02,83,Passed
869,5042,1128,2026-03-17 12:45:00,Completed,Attended,2026-05-02,81,Passed
870,5042,1066,2026-03-07 08:45:00,Completed,Attended,2026-05-02,75,Passed
871,5042,1211,2026-03-24 09:15:00,Completed,Attended,2026-05-02,72,Passed
872,5042,1134,2026-04-15 11:30:00,Completed,Attended,2026-05-02,46,Failed
873,5042,1102,2026-04-22 15:15:00,Completed,Attended,2026-05-02,83,Passed
874,5042,2000,2026-04-09 13:45:00,Completed,Attended,2026-05-02,66,Failed
875,5042,1137,2026-03-21 09:15:00,Completed,Attended,2026-05-02,85,Passed
876,5042,1209,2026-03-26 08:30:00,Completed,Attended,2026-05-02,62,Failed
877,5042,1147,2026-03-10 09:30:00,Completed,Attended,2026-05-02,63,Failed
878,5042,1245,2026-03-16 12:45:00,Completed,Attended,2026-05-02,67,Failed
879,5042,1054,2026-03-29 15:45:00,Completed,Attended,2026-05-02,81,Passed
880,5042,1663,2026-03-28 16:30:00,Cancelled,NotApplicable,,,NotAssessed
881,5043,2048,2025-10-04 14:45:00,Completed,Attended,2025-11-16,67,Failed
882,5043,2060,2025-10-25 12:15:00,Completed,Attended,2025-11-16,88,Passed
883,5043,2062,2025-10-14 12:15:00,Completed,Attended,2025-11-16,71,Passed
884,5043,1423,2025-10-24 16:30:00,Completed,Attended,2025-11-16,85,Passed
885,5043,2068,2025-09-30 11:30:00,Completed,Attended,2025-11-16,81,Passed
886,5043,2074,2025-11-06 14:15:00,Completed,Attended,2025-11-16,82,Passed
887,5043,1052,2025-10-07 08:15:00,Completed,Attended,2025-11-16,83,Passed
888,5043,2077,2025-10-04 11:45:00,Completed,Attended,2025-11-16,69,Failed
889,5043,2078,2025-09-28 09:45:00,Completed,Attended,2025-11-16,88,Passed
890,5043,2083,2025-09-28 16:30:00,Completed,Attended,2025-11-16,61,Failed
891,5043,2084,2025-10-07 09:45:00,Cancelled,NotApplicable,,,NotAssessed
892,5043,2085,2025-11-05 15:30:00,Completed,Attended,2025-11-16,66,Failed
893,5043,2086,2025-10-23 14:15:00,Completed,Attended,2025-11-16,100,Passed
894,5043,2091,2025-11-04 13:15:00,Completed,Attended,2025-11-16,91,Passed
895,5043,2092,2025-09-29 12:30:00,Completed,Attended,2025-11-16,94,Passed
896,5043,1967,2025-10-08 14:15:00,Completed,Attended,2025-11-16,97,Passed
897,5043,1328,2025-10-12 08:15:00,Completed,Attended,2025-11-16,73,Passed
898,5043,2095,2025-10-23 12:00:00,Cancelled,NotApplicable,,,NotAssessed
899,5043,1583,2025-09-26 13:30:00,Completed,Attended,2025-11-16,75,Passed
900,5043,2098,2025-11-07 15:45:00,Completed,Attended,2025-11-16,77,Passed
901,5043,1857,2025-10-09 11:30:00,Completed,Attended,2025-11-16,83,Passed
902,5043,1997,2025-09-29 15:45:00,Completed,Attended,2025-11-16,82,Passed
903,5043,1617,2025-10-28 15:30:00,Completed,Attended,2025-11-16,100,Passed
904,5043,1755,2025-11-08 11:45:00,Completed,Attended,2025-11-16,98,Passed
905,5043,2021,2025-09-23 15:45:00,Completed,Attended,2025-11-16,93,Passed
906,5043,2022,2025-11-07 14:45:00,Completed,Attended,2025-11-16,66,Failed
907,5043,1254,2025-10-14 09:45:00,Completed,Attended,2025-11-16,77,Passed
908,5043,2025,2025-09-22 10:00:00,NoShow,Absent,,,NotAssessed
909,5043,1901,2025-09-24 11:45:00,Completed,Attended,2025-11-16,70,Passed
910,5043,1006,2025-10-23 11:15:00,Completed,Attended,2025-11-16,53,Failed
911,5043,1266,2025-11-01 16:45:00,Completed,Attended,2025-11-16,76,Passed
912,5043,1268,2025-10-04 08:45:00,InProgress,Attended,,,NotAssessed
913,5043,2043,2025-10-27 15:15:00,Completed,Attended,2025-11-16,78,Passed
914,5044,2085,2025-04-23 15:30:00,Completed,Attended,2025-05-20,68,Failed
915,5044,1355,2025-04-10 15:30:00,Completed,Attended,2025-05-20,67,Failed
916,5044,1324,2025-04-22 16:45:00,Completed,Attended,2025-05-20,99,Passed
917,5044,1517,2025-04-05 11:00:00,NoShow,Absent,,,NotAssessed
918,5044,1909,2025-04-12 12:30:00,Completed,Attended,2025-05-20,56,Failed
919,5045,1030,2026-03-01 16:15:00,Completed,Attended,2026-04-19,75,Passed
920,5045,1170,2026-03-21 16:45:00,Completed,Attended,2026-04-19,100,Passed
921,5045,1298,2026-03-12 13:00:00,Completed,Attended,2026-04-19,99,Passed
922,5045,1944,2026-02-25 16:30:00,Completed,Attended,2026-04-19,70,Passed
923,5045,1075,2026-04-01 09:30:00,Completed,Attended,2026-04-19,72,Passed
924,5045,1723,2026-03-18 15:45:00,NoShow,Absent,,,NotAssessed
925,5045,1090,2026-02-26 09:15:00,Completed,Attended,2026-04-19,74,Passed
926,5045,1096,2026-03-05 09:15:00,Completed,Attended,2026-04-19,77,Passed
927,5045,1106,2026-03-06 13:00:00,NoShow,Absent,,,NotAssessed
928,5045,1750,2026-04-07 15:30:00,Completed,Attended,2026-04-19,84,Passed
929,5045,1119,2026-04-03 10:00:00,Completed,Attended,2026-04-19,71,Passed
930,5045,1120,2026-03-28 12:00:00,InProgress,Attended,,,NotAssessed
931,5045,1251,2026-03-14 10:45:00,NoShow,Absent,,,NotAssessed
932,5045,1255,2026-03-18 11:30:00,NoShow,Absent,,,NotAssessed
933,5045,1135,2026-03-17 16:00:00,Cancelled,NotApplicable,,,NotAssessed
934,5045,1138,2026-03-18 12:45:00,Completed,Attended,2026-04-19,89,Passed
935,5045,1018,2026-04-02 10:15:00,Completed,Attended,2026-04-19,74,Passed
936,5045,1149,2026-03-23 16:45:00,Completed,Attended,2026-04-19,82,Passed
937,5045,1023,2026-03-04 09:15:00,Completed,Attended,2026-04-19,75,Passed
938,5046,1416,2025-01-10 10:15:00,Completed,Attended,2025-01-24,61,Failed
939,5046,1672,2024-12-02 08:45:00,Completed,Attended,2025-01-24,90,Passed
940,5046,1930,2024-12-25 14:00:00,NoShow,Absent,,,NotAssessed
941,5046,2064,2025-01-09 10:30:00,Completed,Attended,2025-01-24,90,Passed
942,5046,1305,2025-01-08 08:00:00,NoShow,Absent,,,NotAssessed
943,5046,1439,2024-11-28 12:00:00,NoShow,Absent,,,NotAssessed
944,5046,1440,2025-01-02 11:45:00,Completed,Attended,2025-01-24,54,Failed
945,5046,1442,2024-12-29 15:00:00,Completed,Attended,2025-01-24,67,Failed
946,5046,1316,2024-12-28 10:45:00,Completed,Attended,2025-01-24,60,Failed
947,5046,1317,2025-01-06 12:15:00,Completed,Attended,2025-01-24,97,Passed
948,5046,1446,2024-12-04 10:15:00,Completed,Attended,2025-01-24,91,Passed
949,5046,1830,2025-01-01 11:00:00,Cancelled,NotApplicable,,,NotAssessed
950,5046,1450,2024-12-02 09:15:00,NoShow,Absent,,,NotAssessed
951,5046,1457,2024-12-29 10:30:00,NoShow,Absent,,,NotAssessed
952,5046,1969,2024-11-29 15:30:00,Completed,Attended,2025-01-24,76,Passed
953,5046,2098,2024-12-29 09:00:00,Completed,Attended,2025-01-24,100,Passed
954,5046,2100,2024-12-26 12:45:00,Completed,Attended,2025-01-24,83,Passed
955,5046,1334,2024-12-10 12:00:00,Completed,Attended,2025-01-24,50,Failed
956,5046,1465,2025-01-10 09:15:00,NoShow,Absent,,,NotAssessed
957,5046,1480,2024-12-09 11:45:00,NoShow,Absent,,,NotAssessed
958,5046,1354,2024-11-29 10:45:00,Completed,Attended,2025-01-24,98,Passed
959,5046,1355,2024-12-15 11:00:00,Completed,Attended,2025-01-24,82,Passed
960,5046,1488,2025-01-12 10:15:00,InProgress,Attended,,,NotAssessed
961,5046,1372,2024-12-17 13:15:00,InProgress,Attended,,,NotAssessed
962,5046,1509,2024-11-29 08:00:00,Completed,Attended,2025-01-24,58,Failed
963,5046,1385,2024-12-05 13:00:00,Completed,Attended,2025-01-24,72,Passed
964,5046,1515,2024-12-24 09:00:00,Completed,Attended,2025-01-24,100,Passed
965,5046,1517,2024-12-05 14:00:00,Completed,Attended,2025-01-24,81,Passed
966,5046,1518,2024-12-09 15:30:00,Completed,Attended,2025-01-24,71,Passed
967,5046,1392,2025-01-07 09:45:00,Completed,Attended,2025-01-24,81,Passed
968,5047,1921,2025-10-22 15:30:00,Completed,Attended,2025-11-27,74,Passed
969,5047,1926,2025-10-16 14:45:00,NoShow,Absent,,,NotAssessed
970,5047,1929,2025-11-11 16:15:00,Completed,Attended,2025-11-27,67,Failed
971,5047,1938,2025-11-06 08:15:00,Completed,Attended,2025-11-27,72,Passed
972,5047,1941,2025-11-10 15:15:00,Completed,Attended,2025-11-27,100,Passed
973,5047,2071,2025-11-18 16:45:00,Completed,Attended,2025-11-27,52,Failed
974,5047,1945,2025-10-03 16:00:00,Completed,Attended,2025-11-27,68,Failed
975,5047,1950,2025-10-14 16:45:00,NoShow,Absent,,,NotAssessed
976,5047,1958,2025-11-03 10:00:00,Completed,Attended,2025-11-27,88,Passed
977,5047,1959,2025-10-03 13:30:00,Completed,Attended,2025-11-27,71,Passed
978,5047,1967,2025-10-19 16:15:00,Completed,Attended,2025-11-27,41,Failed
979,5047,1968,2025-10-16 11:15:00,Cancelled,NotApplicable,,,NotAssessed
980,5047,1974,2025-11-13 13:30:00,Completed,Attended,2025-11-27,81,Passed
981,5047,1992,2025-11-04 10:15:00,Completed,Attended,2025-11-27,74,Passed
982,5047,2002,2025-10-22 15:15:00,Completed,Attended,2025-11-27,69,Failed
983,5047,1238,2025-10-28 10:30:00,Completed,Attended,2025-11-27,63,Failed
984,5047,1880,2025-10-19 08:00:00,Completed,Attended,2025-11-27,88,Passed
985,5047,2009,2025-10-11 14:00:00,NoShow,Absent,,,NotAssessed
986,5047,2008,2025-10-08 10:00:00,Completed,Attended,2025-11-27,93,Passed
987,5047,2013,2025-10-03 10:00:00,Completed,Attended,2025-11-27,87,Passed
988,5047,1511,2025-10-25 14:30:00,Completed,Attended,2025-11-27,59,Failed
989,5047,1512,2025-10-14 16:15:00,Completed,Attended,2025-11-27,73,Passed
990,5047,1902,2025-11-17 14:30:00,Completed,Attended,2025-11-27,70,Passed
991,5047,1905,2025-10-07 14:45:00,NoShow,Absent,,,NotAssessed
992,5047,1015,2025-10-08 13:15:00,Cancelled,NotApplicable,,,NotAssessed
993,5047,1912,2025-10-21 10:30:00,NoShow,Absent,,,NotAssessed
994,5047,2041,2025-11-10 08:00:00,Completed,Attended,2025-11-27,95,Passed
995,5047,1919,2025-11-01 12:15:00,NoShow,Absent,,,NotAssessed
996,5048,1538,2025-11-07 15:45:00,Completed,Attended,2025-12-24,91,Passed
997,5048,1670,2025-11-26 11:30:00,Completed,Attended,2025-12-24,67,Failed
998,5048,1671,2025-11-25 16:45:00,Completed,Attended,2025-12-24,76,Passed
999,5048,2054,2025-10-30 08:15:00,Completed,Attended,2025-12-24,80,Passed
1000,5048,2058,2025-12-09 14:15:00,Completed,Attended,2025-12-24,82,Passed
1001,5048,1683,2025-12-14 08:30:00,Completed,Attended,2025-12-24,70,Passed
1002,5048,1684,2025-12-16 13:15:00,Completed,Attended,2025-12-24,87,Passed
1003,5048,1689,2025-12-12 09:00:00,Completed,Attended,2025-12-24,66,Failed
1004,5048,1562,2025-12-02 11:15:00,Completed,Attended,2025-12-24,67,Failed
1005,5048,1565,2025-12-02 11:15:00,Completed,Attended,2025-12-24,98,Passed
1006,5048,1825,2025-11-29 14:30:00,Completed,Attended,2025-12-24,74,Passed
1007,5048,1572,2025-11-02 08:30:00,Completed,Attended,2025-12-24,91,Passed
1008,5048,1705,2025-11-27 13:15:00,Completed,Attended,2025-12-24,78,Passed
1009,5048,1581,2025-11-03 16:00:00,NoShow,Absent,,,NotAssessed
1010,5048,1589,2025-11-27 13:15:00,Completed,Attended,2025-12-24,72,Passed
1011,5048,1590,2025-11-12 10:30:00,Completed,Attended,2025-12-24,84,Passed
1012,5048,1720,2025-11-07 14:00:00,Completed,Attended,2025-12-24,73,Passed
1013,5048,1594,2025-10-30 15:15:00,Completed,Attended,2025-12-24,59,Failed
1014,5048,1606,2025-12-03 09:00:00,Completed,Attended,2025-12-24,90,Passed
1015,5048,1635,2025-11-15 14:45:00,Completed,Attended,2025-12-24,100,Passed
1016,5048,1638,2025-11-01 15:30:00,Completed,Attended,2025-12-24,74,Passed
1017,5048,1512,2025-12-07 13:00:00,Completed,Attended,2025-12-24,95,Passed
1018,5048,1522,2025-11-24 16:15:00,Completed,Attended,2025-12-24,78,Passed
1019,5048,1525,2025-11-08 13:45:00,Cancelled,NotApplicable,,,NotAssessed
1020,5048,1653,2025-11-01 09:30:00,Completed,Attended,2025-12-24,62,Failed
1021,5048,1916,2025-12-08 16:45:00,Completed,Attended,2025-12-24,61,Failed
1022,5048,1661,2025-12-12 11:45:00,Completed,Attended,2025-12-24,78,Passed
1023,5049,1664,2025-05-25 15:15:00,Completed,Attended,2025-07-05,86,Passed
1024,5049,2053,2025-05-17 09:15:00,Completed,Attended,2025-07-05,76,Passed
1025,5049,2054,2025-05-22 14:15:00,Completed,Attended,2025-07-05,81,Passed
1026,5049,2055,2025-05-16 10:30:00,Completed,Attended,2025-07-05,76,Passed
1027,5049,2061,2025-06-25 08:45:00,Completed,Attended,2025-07-05,78,Passed
1028,5049,2067,2025-05-27 14:00:00,Completed,Attended,2025-07-05,73,Passed
1029,5049,2068,2025-06-15 09:30:00,Completed,Attended,2025-07-05,100,Passed
1030,5049,1429,2025-06-20 08:15:00,Completed,Attended,2025-07-05,67,Failed
1031,5049,2072,2025-06-14 10:30:00,Completed,Attended,2025-07-05,60,Failed
1032,5049,2074,2025-05-28 11:00:00,Completed,Attended,2025-07-05,75,Passed
1033,5049,2080,2025-06-17 08:45:00,NoShow,Absent,,,NotAssessed
1034,5049,2082,2025-06-04 12:00:00,Completed,Attended,2025-07-05,71,Passed
1035,5049,1443,2025-06-20 08:45:00,Completed,Attended,2025-07-05,79,Passed
1036,5049,2085,2025-06-07 14:30:00,Completed,Attended,2025-07-05,53,Failed
1037,5049,1319,2025-06-04 10:30:00,Completed,Attended,2025-07-05,85,Passed
1038,5049,2088,2025-06-12 16:00:00,Completed,Attended,2025-07-05,75,Passed
1039,5049,2096,2025-06-26 13:45:00,NoShow,Absent,,,NotAssessed
1040,5049,2098,2025-06-14 10:45:00,Completed,Attended,2025-07-05,90,Passed
1041,5049,1987,2025-06-12 09:00:00,NoShow,Absent,,,NotAssessed
1042,5049,1503,2025-06-19 12:30:00,Cancelled,NotApplicable,,,NotAssessed
1043,5049,2022,2025-06-14 14:30:00,Completed,Attended,2025-07-05,76,Passed
1044,5049,2023,2025-05-24 11:45:00,Completed,Attended,2025-07-05,86,Passed
1045,5049,2024,2025-06-04 14:15:00,Completed,Attended,2025-07-05,88,Passed
1046,5049,1257,2025-06-16 12:30:00,Completed,Attended,2025-07-05,88,Passed
1047,5049,2030,2025-05-15 12:00:00,Completed,Attended,2025-07-05,54,Failed
1048,5049,2033,2025-06-14 11:00:00,Completed,Attended,2025-07-05,82,Passed
1049,5049,2034,2025-05-29 12:00:00,Completed,Attended,2025-07-05,65,Failed
1050,5049,1650,2025-05-31 08:45:00,Completed,Attended,2025-07-05,79,Passed
1051,5049,2036,2025-06-01 12:15:00,NoShow,Absent,,,NotAssessed
1052,5049,2038,2025-06-21 16:15:00,Completed,Attended,2025-07-05,84,Passed
1053,5049,2041,2025-06-10 12:15:00,Completed,Attended,2025-07-05,87,Passed
1054,5049,2046,2025-05-26 10:00:00,Completed,Attended,2025-07-05,77,Passed
1055,5050,1792,2025-12-22 12:30:00,Completed,Attended,2026-01-01,81,Passed
1056,5050,1794,2025-12-08 16:30:00,Completed,Attended,2026-01-01,52,Failed
1057,5050,1795,2025-11-19 11:30:00,Completed,Attended,2026-01-01,61,Failed
1058,5050,1797,2025-12-10 10:30:00,Completed,Attended,2026-01-01,49,Failed
1059,5050,2054,2025-11-13 08:45:00,Cancelled,NotApplicable,,,NotAssessed
1060,5050,1803,2025-12-20 08:15:00,Completed,Attended,2026-01-01,80,Passed
1061,5050,1810,2025-12-22 16:00:00,Cancelled,NotApplicable,,,NotAssessed
1062,5050,1828,2025-11-19 08:45:00,Completed,Attended,2026-01-01,83,Passed
1063,5050,1832,2025-12-07 08:00:00,Cancelled,NotApplicable,,,NotAssessed
1064,5050,2098,2025-12-04 15:30:00,Completed,Attended,2026-01-01,83,Passed
1065,5050,1842,2025-11-28 12:30:00,InProgress,Attended,,,NotAssessed
1066,5050,1850,2025-12-22 09:00:00,Completed,Attended,2026-01-01,79,Passed
1067,5050,1852,2025-12-02 11:45:00,Completed,Attended,2026-01-01,83,Passed
1068,5050,1854,2025-11-17 13:45:00,NoShow,Absent,,,NotAssessed
1069,5050,1855,2025-12-08 12:30:00,Completed,Attended,2026-01-01,88,Passed
1070,5050,1857,2025-12-25 14:45:00,InProgress,Attended,,,NotAssessed
1071,5050,1730,2025-12-04 13:00:00,Completed,Attended,2026-01-01,64,Failed
1072,5050,1859,2025-12-17 13:15:00,NoShow,Absent,,,NotAssessed
1073,5050,1860,2025-12-10 12:45:00,Completed,Attended,2026-01-01,75,Passed
1074,5050,1733,2025-11-20 09:30:00,Completed,Attended,2026-01-01,86,Passed
1075,5050,1731,2025-11-26 13:15:00,Completed,Attended,2026-01-01,82,Passed
1076,5050,1604,2025-12-09 16:15:00,Completed,Attended,2026-01-01,58,Failed
1077,5050,1864,2025-12-01 10:45:00,Completed,Attended,2026-01-01,79,Passed
1078,5050,1867,2025-11-12 11:30:00,Completed,Attended,2026-01-01,88,Passed
1079,5050,1741,2025-12-22 12:45:00,Completed,Attended,2026-01-01,82,Passed
1080,5050,1875,2025-12-17 13:00:00,Completed,Attended,2026-01-01,66,Failed
1081,5050,1876,2025-11-14 16:15:00,Completed,Attended,2026-01-01,68,Failed
1082,5050,1877,2025-11-08 12:15:00,Completed,Attended,2026-01-01,84,Passed
1083,5050,1750,2025-12-15 08:15:00,Cancelled,NotApplicable,,,NotAssessed
1084,5050,1879,2025-11-10 12:30:00,Completed,Attended,2026-01-01,78,Passed
1085,5050,1753,2025-12-13 08:45:00,Completed,Attended,2026-01-01,59,Failed
1086,5050,1893,2025-11-09 16:00:00,Cancelled,NotApplicable,,,NotAssessed
1087,5050,1769,2025-11-16 14:30:00,Completed,Attended,2026-01-01,100,Passed
1088,5050,2030,2025-12-22 10:00:00,Completed,Attended,2026-01-01,90,Passed
1089,5050,1778,2025-12-04 13:00:00,Cancelled,NotApplicable,,,NotAssessed
1090,5050,1524,2025-11-30 08:00:00,Completed,Attended,2026-01-01,94,Passed
1091,5050,1783,2025-12-12 10:15:00,NoShow,Absent,,,NotAssessed
1092,5050,1784,2025-12-14 15:15:00,Completed,Attended,2026-01-01,63,Failed
1093,5050,1530,2025-12-20 09:15:00,Completed,Attended,2026-01-01,83,Passed
1094,5050,1788,2025-12-12 11:15:00,Completed,Attended,2026-01-01,73,Passed
1095,5050,1789,2025-12-11 09:45:00,InProgress,Attended,,,NotAssessed
1096,5051,1798,2025-04-07 10:00:00,Completed,Attended,2025-05-13,83,Passed
1097,5051,1926,2025-04-29 14:00:00,Completed,Attended,2025-05-13,85,Passed
1098,5051,1674,2025-04-01 10:45:00,Completed,Attended,2025-05-13,66,Failed
1099,5051,1547,2025-04-26 14:45:00,Completed,Attended,2025-05-13,83,Passed
1100,5051,1802,2025-04-03 09:30:00,NoShow,Absent,,,NotAssessed
1101,5051,1805,2025-03-28 08:30:00,Completed,Attended,2025-05-13,69,Failed
1102,5051,1807,2025-04-11 10:00:00,Completed,Attended,2025-05-13,62,Failed
1103,5051,1808,2025-04-06 08:30:00,Completed,Attended,2025-05-13,69,Failed
1104,5051,1810,2025-04-14 12:15:00,Completed,Attended,2025-05-13,84,Passed
1105,5051,1815,2025-04-07 15:00:00,Completed,Attended,2025-05-13,89,Passed
1106,5051,1688,2025-03-27 14:15:00,NoShow,Absent,,,NotAssessed
1107,5051,1825,2025-03-30 09:00:00,Completed,Attended,2025-05-13,69,Failed
1108,5051,1957,2025-04-14 08:45:00,Completed,Attended,2025-05-13,90,Passed
1109,5051,1829,2025-05-05 16:00:00,Cancelled,NotApplicable,,,NotAssessed
1110,5051,1830,2025-03-29 08:30:00,Completed,Attended,2025-05-13,93,Passed
1111,5051,1834,2025-04-21 09:30:00,Completed,Attended,2025-05-13,100,Passed
1112,5051,1458,2025-04-04 10:00:00,Completed,Attended,2025-05-13,72,Passed
1113,5051,1848,2025-04-25 12:45:00,Completed,Attended,2025-05-13,88,Passed
1114,5051,1725,2025-03-25 11:15:00,Completed,Attended,2025-05-13,88,Passed
1115,5051,1729,2025-04-24 11:00:00,InProgress,Attended,,,NotAssessed
1116,5051,1860,2025-04-05 14:15:00,NoShow,Absent,,,NotAssessed
1117,5051,1862,2025-04-22 16:30:00,Completed,Attended,2025-05-13,79,Passed
1118,5051,1736,2025-04-30 08:15:00,Cancelled,NotApplicable,,,NotAssessed
1119,5051,1869,2025-03-22 10:00:00,Completed,Attended,2025-05-13,70,Passed
1120,5051,1871,2025-04-14 09:00:00,Completed,Attended,2025-05-13,80,Passed
1121,5051,1627,2025-04-02 14:45:00,Completed,Attended,2025-05-13,80,Passed
1122,5051,1763,2025-04-15 09:45:00,Completed,Attended,2025-05-13,82,Passed
1123,5051,1896,2025-05-02 09:30:00,Completed,Attended,2025-05-13,79,Passed
1124,5051,1897,2025-03-31 16:00:00,Completed,Attended,2025-05-13,54,Failed
1125,5051,1777,2025-04-24 12:45:00,Completed,Attended,2025-05-13,78,Passed
1126,5051,1012,2025-05-03 13:00:00,Completed,Attended,2025-05-13,62,Failed
1127,5051,1780,2025-05-06 16:00:00,InProgress,Attended,,,NotAssessed
1128,5051,1784,2025-03-26 16:45:00,Completed,Attended,2025-05-13,76,Passed
1129,5051,1790,2025-04-13 08:15:00,InProgress,Attended,,,NotAssessed
1130,5052,1859,2024-12-20 11:30:00,Completed,Attended,2025-01-14,67,Failed
1131,5052,1668,2024-12-20 16:00:00,Completed,Attended,2025-01-14,86,Passed
1132,5052,1800,2025-01-02 14:45:00,Completed,Attended,2025-01-14,92,Passed
1133,5052,1769,2024-12-29 13:15:00,Completed,Attended,2025-01-14,61,Failed
1134,5052,1738,2024-12-04 14:00:00,Completed,Attended,2025-01-14,61,Failed
1135,5052,1802,2024-11-22 10:00:00,Completed,Attended,2025-01-14,91,Passed
1136,5052,1389,2024-11-25 14:00:00,Completed,Attended,2025-01-14,78,Passed
1137,5052,1742,2024-12-06 09:00:00,Completed,Attended,2025-01-14,62,Failed
1138,5052,1874,2024-12-25 15:15:00,Cancelled,NotApplicable,,,NotAssessed
1139,5052,2098,2024-12-23 12:45:00,Completed,Attended,2025-01-14,85,Passed
1140,5052,1844,2024-12-29 08:15:00,Cancelled,NotApplicable,,,NotAssessed
1141,5052,1813,2024-11-28 15:30:00,Completed,Attended,2025-01-14,76,Passed
1142,5052,1780,2024-12-11 11:45:00,Completed,Attended,2025-01-14,67,Failed
1143,5052,1815,2024-12-09 14:00:00,Completed,Attended,2025-01-14,85,Passed
1144,5052,1753,2024-12-05 10:30:00,Cancelled,NotApplicable,,,NotAssessed
1145,5052,1373,2024-11-29 10:00:00,Completed,Attended,2025-01-14,77,Passed
1146,5052,1855,2024-12-08 12:30:00,Completed,Attended,2025-01-14,74,Passed
1147,5053,1537,2025-05-27 16:30:00,Completed,Attended,2025-06-18,67,Failed
1148,5053,1533,2025-04-25 13:30:00,Completed,Attended,2025-06-18,74,Passed
1149,5053,1666,2025-06-03 13:15:00,Completed,Attended,2025-06-18,78,Passed
1150,5053,2085,2025-05-18 15:15:00,Completed,Attended,2025-06-18,84,Passed
1151,5053,1574,2025-04-24 15:45:00,Completed,Attended,2025-06-18,62,Failed
1152,5053,1789,2025-06-05 16:30:00,Cancelled,NotApplicable,,,NotAssessed
1153,5053,1547,2025-06-10 08:30:00,InProgress,Attended,,,NotAssessed
1154,5053,1580,2025-04-28 16:15:00,Completed,Attended,2025-06-18,79,Passed
1155,5053,1551,2025-05-06 12:15:00,Completed,Attended,2025-06-18,79,Passed
1156,5053,1469,2025-04-26 09:00:00,Completed,Attended,2025-06-18,70,Passed
1157,5053,1717,2025-06-02 11:45:00,Completed,Attended,2025-06-18,84,Passed
1158,5053,1531,2025-05-30 15:15:00,Completed,Attended,2025-06-18,74,Passed
1159,5053,1720,2025-05-18 10:30:00,Completed,Attended,2025-06-18,60,Failed
1160,5053,1689,2025-05-30 10:30:00,Completed,Attended,2025-06-18,74,Passed
1161,5053,1627,2025-05-22 10:45:00,Completed,Attended,2025-06-18,95,Passed
1162,5053,1629,2025-06-05 09:00:00,Completed,Attended,2025-06-18,93,Passed
1163,5053,1566,2025-06-01 10:30:00,Completed,Attended,2025-06-18,74,Passed
1164,5053,1535,2025-05-10 08:15:00,Completed,Attended,2025-06-18,100,Passed
1165,5054,1857,2025-09-19 13:30:00,Completed,Attended,2025-11-05,83,Passed
1166,5054,1538,2025-10-23 16:00:00,Completed,Attended,2025-11-05,60,Failed
1167,5054,1859,2025-10-11 08:30:00,Completed,Attended,2025-11-05,86,Passed
1168,5054,1575,2025-10-18 15:00:00,Completed,Attended,2025-11-05,67,Failed
1169,5054,1609,2025-09-23 10:00:00,Completed,Attended,2025-11-05,100,Passed
1170,5054,1673,2025-10-26 12:30:00,Completed,Attended,2025-11-05,85,Passed
1171,5054,1592,2025-10-03 11:30:00,Completed,Attended,2025-11-05,69,Failed
1172,5054,1933,2025-09-10 11:30:00,Completed,Attended,2025-11-05,67,Failed
1173,5054,1582,2025-10-23 08:00:00,Completed,Attended,2025-11-05,67,Failed
1174,5054,1553,2025-09-14 11:30:00,Completed,Attended,2025-11-05,84,Passed
1175,5054,1556,2025-10-13 14:15:00,Completed,Attended,2025-11-05,63,Failed
1176,5054,1686,2025-09-13 13:00:00,Completed,Attended,2025-11-05,82,Passed
1177,5054,1720,2025-10-01 11:30:00,Completed,Attended,2025-11-05,54,Failed
1178,5054,1630,2025-10-19 08:00:00,NoShow,Absent,,,NotAssessed
1179,5055,2020,2025-01-27 13:30:00,Completed,Attended,2025-02-19,68,Failed
1180,5055,1800,2025-01-21 16:15:00,Completed,Attended,2025-02-19,98,Passed
1181,5055,1741,2025-01-05 08:45:00,Completed,Attended,2025-02-19,63,Failed
1182,5055,1775,2025-02-10 10:15:00,Completed,Attended,2025-02-19,84,Passed
1183,5055,2064,2025-01-18 08:45:00,Completed,Attended,2025-02-19,87,Passed
1184,5055,1872,2025-01-25 11:15:00,Completed,Attended,2025-02-19,92,Passed
1185,5055,2039,2025-02-06 15:45:00,Completed,Attended,2025-02-19,66,Failed
1186,5055,1781,2025-01-31 16:00:00,Completed,Attended,2025-02-19,81,Passed
1187,5055,1855,2025-01-29 15:15:00,NoShow,Absent,,,NotAssessed
1188,5055,1847,2025-01-30 16:45:00,Completed,Attended,2025-02-19,76,Passed
1189,5055,1784,2025-01-23 13:45:00,Completed,Attended,2025-02-19,81,Passed
1190,5055,1756,2025-01-11 14:00:00,Completed,Attended,2025-02-19,84,Passed
1191,5055,1791,2025-02-07 13:45:00,Completed,Attended,2025-02-19,91,Passed
1192,5056,1795,2026-02-08 08:30:00,Completed,Attended,2026-04-04,82,Passed
1193,5056,2053,2026-03-25 10:45:00,Completed,Attended,2026-04-04,70,Passed
1194,5056,1802,2026-02-24 13:30:00,Cancelled,NotApplicable,,,NotAssessed
1195,5056,1806,2026-03-23 13:30:00,Completed,Attended,2026-04-04,86,Passed
1196,5056,1817,2026-02-28 16:45:00,Completed,Attended,2026-04-04,79,Passed
1197,5056,1831,2026-03-28 10:15:00,InProgress,Attended,,,NotAssessed
1198,5056,1832,2026-03-23 14:45:00,Completed,Attended,2026-04-04,79,Passed
1199,5056,1833,2026-02-12 09:45:00,Completed,Attended,2026-04-04,90,Passed
1200,5056,1705,2026-03-06 13:30:00,Completed,Attended,2026-04-04,83,Passed
1201,5056,1839,2026-03-12 08:30:00,Completed,Attended,2026-04-04,65,Failed
1202,5056,1841,2026-02-13 09:30:00,Completed,Attended,2026-04-04,35,Failed
1203,5056,1847,2026-02-15 13:15:00,Completed,Attended,2026-04-04,85,Passed
1204,5056,1722,2026-02-14 11:30:00,Completed,Attended,2026-04-04,74,Passed
1205,5056,1727,2026-02-16 08:15:00,Completed,Attended,2026-04-04,66,Failed
1206,5056,1731,2026-03-09 10:45:00,NoShow,Absent,,,NotAssessed
1207,5056,1734,2026-02-20 13:15:00,Completed,Attended,2026-04-04,56,Failed
1208,5056,1865,2026-03-22 14:00:00,Completed,Attended,2026-04-04,61,Failed
1209,5056,1738,2026-02-18 15:15:00,Completed,Attended,2026-04-04,78,Passed
1210,5056,1483,2026-03-02 15:15:00,Completed,Attended,2026-04-04,77,Passed
1211,5056,1870,2026-03-15 12:15:00,Completed,Attended,2026-04-04,83,Passed
1212,5056,1745,2026-03-01 13:00:00,Completed,Attended,2026-04-04,100,Passed
1213,5056,1746,2026-03-21 16:30:00,Completed,Attended,2026-04-04,72,Passed
1214,5056,2006,2026-02-16 16:00:00,Completed,Attended,2026-04-04,84,Passed
1215,5056,1879,2026-03-08 09:00:00,Completed,Attended,2026-04-04,85,Passed
1216,5056,1881,2026-02-11 13:45:00,Completed,Attended,2026-04-04,57,Failed
1217,5056,1887,2026-03-27 10:15:00,Cancelled,NotApplicable,,,NotAssessed
1218,5056,1761,2026-03-14 09:30:00,Completed,Attended,2026-04-04,87,Passed
1219,5056,1764,2026-03-23 14:45:00,Completed,Attended,2026-04-04,84,Passed
1220,5056,1895,2026-03-15 15:15:00,Completed,Attended,2026-04-04,81,Passed
1221,5056,1257,2026-02-23 16:45:00,Completed,Attended,2026-04-04,61,Failed
1222,5056,1900,2026-03-01 10:00:00,InProgress,Attended,,,NotAssessed
1223,5056,1005,2026-03-19 14:30:00,Completed,Attended,2026-04-04,97,Passed
1224,5056,2032,2026-02-21 15:15:00,Completed,Attended,2026-04-04,82,Passed
1225,5056,1778,2026-03-28 08:00:00,Completed,Attended,2026-04-04,82,Passed
1226,5056,1779,2026-02-14 08:45:00,Completed,Attended,2026-04-04,69,Failed
1227,5056,1784,2026-02-15 16:30:00,Completed,Attended,2026-04-04,76,Passed
1228,5056,1787,2026-02-10 10:15:00,NoShow,Absent,,,NotAssessed
1229,5056,1917,2026-03-09 09:15:00,Completed,Attended,2026-04-04,86,Passed
1230,5057,1953,2025-11-18 10:45:00,InProgress,Attended,,,NotAssessed
1231,5057,1666,2025-10-30 15:15:00,Completed,Attended,2025-12-17,72,Passed
1232,5057,1570,2025-10-29 10:00:00,Completed,Attended,2025-12-17,65,Failed
1233,5057,1668,2025-11-09 10:30:00,Completed,Attended,2025-12-17,82,Passed
1234,5057,1765,2025-10-30 16:00:00,InProgress,Attended,,,NotAssessed
1235,5057,1542,2025-11-01 11:00:00,Cancelled,NotApplicable,,,NotAssessed
1236,5057,1633,2025-11-09 11:00:00,Completed,Attended,2025-12-17,52,Failed
1237,5057,1549,2025-11-13 10:30:00,Completed,Attended,2025-12-17,61,Failed
1238,5057,1870,2025-12-04 09:30:00,Completed,Attended,2025-12-17,75,Passed
1239,5057,1599,2025-11-06 09:45:00,Completed,Attended,2025-12-17,62,Failed
1240,5057,1808,2025-12-02 12:15:00,Completed,Attended,2025-12-17,77,Passed
1241,5057,1587,2025-11-03 13:30:00,Completed,Attended,2025-12-17,72,Passed
1242,5057,1556,2025-11-10 11:45:00,Completed,Attended,2025-12-17,99,Passed
1243,5057,1748,2025-11-24 15:15:00,Completed,Attended,2025-12-17,83,Passed
1244,5057,1654,2025-11-23 14:00:00,InProgress,Attended,,,NotAssessed
1245,5057,1631,2025-11-17 13:45:00,Completed,Attended,2025-12-17,80,Passed
1246,5058,1542,2026-04-24 16:30:00,Completed,Attended,2026-05-10,92,Passed
1247,5058,1420,2026-04-11 13:30:00,InProgress,Attended,,,NotAssessed
1248,5058,1305,2026-04-24 10:15:00,Completed,Attended,2026-05-10,71,Passed
1249,5058,2073,2026-04-29 08:30:00,Completed,Attended,2026-05-10,94,Passed
1250,5058,1947,2026-04-11 11:45:00,Completed,Attended,2026-05-10,100,Passed
1251,5058,1308,2026-03-25 14:30:00,Completed,Attended,2026-05-10,94,Passed
1252,5058,1444,2026-04-08 14:15:00,NoShow,Absent,,,NotAssessed
1253,5058,1320,2026-03-22 12:15:00,Cancelled,NotApplicable,,,NotAssessed
1254,5058,1965,2026-05-03 10:45:00,Cancelled,NotApplicable,,,NotAssessed
1255,5058,1326,2026-04-23 13:00:00,Completed,Attended,2026-05-10,77,Passed
1256,5058,1455,2026-04-02 08:30:00,NoShow,Absent,,,NotAssessed
1257,5058,1328,2026-04-01 11:30:00,Completed,Attended,2026-05-10,71,Passed
1258,5058,1213,2026-04-21 09:30:00,Completed,Attended,2026-05-10,87,Passed
1259,5058,1228,2026-04-13 13:15:00,Completed,Attended,2026-05-10,66,Failed
1260,5058,1484,2026-04-10 09:30:00,Completed,Attended,2026-05-10,68,Failed
1261,5058,1492,2026-04-20 16:00:00,InProgress,Attended,,,NotAssessed
1262,5058,1495,2026-05-03 13:00:00,Completed,Attended,2026-05-10,82,Passed
1263,5058,1374,2026-04-26 13:15:00,InProgress,Attended,,,NotAssessed
1264,5058,1375,2026-05-03 08:45:00,Completed,Attended,2026-05-10,71,Passed
1265,5058,1504,2026-03-24 12:45:00,Completed,Attended,2026-05-10,78,Passed
1266,5058,1379,2026-04-12 16:15:00,Completed,Attended,2026-05-10,79,Passed
1267,5058,1512,2026-03-18 09:45:00,Completed,Attended,2026-05-10,60,Failed
1268,5058,1388,2026-04-24 15:30:00,Completed,Attended,2026-05-10,79,Passed
1269,5058,1389,2026-04-25 08:30:00,Completed,Attended,2026-05-10,63,Failed
1270,5058,1520,2026-04-13 13:00:00,Completed,Attended,2026-05-10,87,Passed
1271,5058,1395,2026-03-28 08:00:00,InProgress,Attended,,,NotAssessed
1272,5058,1405,2026-03-26 12:45:00,Completed,Attended,2026-05-10,83,Passed
1273,5059,1632,2025-10-08 09:00:00,Completed,Attended,2025-12-01,65,Failed
1274,5059,1536,2025-11-17 10:15:00,Completed,Attended,2025-12-01,75,Passed
1275,5059,1571,2025-10-31 09:00:00,Completed,Attended,2025-12-01,99,Passed
1276,5059,1603,2025-11-14 12:30:00,NoShow,Absent,,,NotAssessed
1277,5059,1629,2025-11-02 16:00:00,InProgress,Attended,,,NotAssessed
1278,5059,1693,2025-10-09 09:15:00,Completed,Attended,2025-12-01,100,Passed
1279,5059,1287,2025-11-23 16:45:00,Completed,Attended,2025-12-01,72,Passed
1280,5059,1706,2025-10-19 11:15:00,Completed,Attended,2025-12-01,88,Passed
1281,5059,1551,2025-11-22 10:15:00,Completed,Attended,2025-12-01,66,Failed
1282,5059,1584,2025-10-26 15:00:00,Completed,Attended,2025-12-01,100,Passed
1283,5059,1681,2025-10-30 10:30:00,Cancelled,NotApplicable,,,NotAssessed
1284,5059,1532,2025-10-12 13:30:00,Completed,Attended,2025-12-01,87,Passed
1285,5059,1565,2025-10-28 16:00:00,Completed,Attended,2025-12-01,80,Passed
1286,5059,2015,2025-11-12 13:30:00,Completed,Attended,2025-12-01,99,Passed
1287,5060,2049,2025-06-15 16:15:00,Completed,Attended,2025-07-10,93,Passed
1288,5060,2052,2025-05-16 12:45:00,Completed,Attended,2025-07-10,83,Passed
1289,5060,2053,2025-07-01 10:00:00,Completed,Attended,2025-07-10,84,Passed
1290,5060,1415,2025-05-30 12:15:00,Completed,Attended,2025-07-10,70,Passed
1291,5060,2056,2025-06-17 10:45:00,Completed,Attended,2025-07-10,78,Passed
1292,5060,1418,2025-06-24 11:45:00,Completed,Attended,2025-07-10,48,Failed
1293,5060,2060,2025-05-17 12:00:00,Completed,Attended,2025-07-10,86,Passed
1294,5060,2062,2025-05-16 16:00:00,Completed,Attended,2025-07-10,80,Passed
1295,5060,2067,2025-06-14 16:45:00,Completed,Attended,2025-07-10,76,Passed
1296,5060,2069,2025-05-26 14:45:00,Completed,Attended,2025-07-10,47,Failed
1297,5060,2073,2025-05-18 15:00:00,Completed,Attended,2025-07-10,78,Passed
1298,5060,2078,2025-06-22 13:00:00,NoShow,Absent,,,NotAssessed
1299,5060,2083,2025-05-19 09:00:00,NoShow,Absent,,,NotAssessed
1300,5060,2085,2025-07-01 13:45:00,Completed,Attended,2025-07-10,68,Failed
1301,5060,2087,2025-06-03 12:15:00,Completed,Attended,2025-07-10,78,Passed
1302,5060,2088,2025-06-14 12:45:00,Completed,Attended,2025-07-10,60,Failed
1303,5060,1065,2025-06-18 08:00:00,Completed,Attended,2025-07-10,69,Failed
1304,5060,2090,2025-06-29 14:30:00,Completed,Attended,2025-07-10,72,Passed
1305,5060,2092,2025-06-06 12:00:00,NoShow,Absent,,,NotAssessed
1306,5060,1325,2025-05-22 09:15:00,Completed,Attended,2025-07-10,72,Passed
1307,5060,2094,2025-06-23 10:30:00,Completed,Attended,2025-07-10,75,Passed
1308,5060,2097,2025-07-01 08:30:00,Completed,Attended,2025-07-10,69,Failed
1309,5060,1864,2025-05-30 15:30:00,Completed,Attended,2025-07-10,94,Passed
1310,5060,1996,2025-06-12 12:00:00,Completed,Attended,2025-07-10,71,Passed
1311,5060,1105,2025-06-08 10:45:00,Completed,Attended,2025-07-10,63,Failed
1312,5060,2021,2025-06-30 12:15:00,Completed,Attended,2025-07-10,82,Passed
1313,5060,2022,2025-06-05 14:45:00,NoShow,Absent,,,NotAssessed
1314,5060,2023,2025-07-01 09:15:00,InProgress,Attended,,,NotAssessed
1315,5060,2030,2025-05-25 14:30:00,Completed,Attended,2025-07-10,69,Failed
1316,5060,2032,2025-06-19 12:30:00,NoShow,Absent,,,NotAssessed
1317,5060,2034,2025-06-25 10:00:00,NoShow,Absent,,,NotAssessed
1318,5060,2035,2025-05-25 09:15:00,Completed,Attended,2025-07-10,68,Failed
1319,5060,2040,2025-06-01 15:00:00,Completed,Attended,2025-07-10,86,Passed
1320,5060,2045,2025-06-05 15:15:00,InProgress,Attended,,,NotAssessed
1321,5061,1056,2025-10-22 13:30:00,Cancelled,NotApplicable,,,NotAssessed
1322,5061,1065,2025-10-07 12:30:00,Cancelled,NotApplicable,,,NotAssessed
1323,5061,1771,2025-10-03 14:15:00,Cancelled,NotApplicable,,,NotAssessed
1324,5061,1682,2025-10-05 14:45:00,Cancelled,NotApplicable,,,NotAssessed
1325,5061,1622,2025-09-30 13:00:00,Cancelled,NotApplicable,,,NotAssessed
1326,5062,2081,2026-05-29 11:30:00,Completed,Attended,2026-07-14,63,Failed
1327,5062,1636,2026-06-05 12:00:00,Completed,Attended,2026-07-14,51,Failed
1328,5062,2024,2026-06-24 15:30:00,Completed,Attended,2026-07-14,84,Passed
1329,5062,2026,2026-06-11 08:45:00,Completed,Attended,2026-07-14,74,Passed
1330,5062,2060,2026-06-03 16:15:00,Completed,Attended,2026-07-14,91,Passed
1331,5062,1772,2026-06-03 14:30:00,Completed,Attended,2026-07-14,84,Passed
1332,5062,2069,2026-06-06 13:30:00,InProgress,Attended,,,NotAssessed
1333,5062,2038,2026-06-28 08:00:00,Completed,Attended,2026-07-14,71,Passed
1334,5062,1880,2026-06-20 10:30:00,Completed,Attended,2026-07-14,72,Passed
1335,5062,2076,2026-06-04 08:45:00,Completed,Attended,2026-07-14,90,Passed
1336,5063,1795,2026-05-19 10:15:00,Completed,Attended,2026-06-12,78,Passed
1337,5063,1924,2026-05-19 09:15:00,Completed,Attended,2026-06-12,71,Passed
1338,5063,1926,2026-05-03 14:15:00,Completed,Attended,2026-06-12,77,Passed
1339,5063,1940,2026-05-01 08:45:00,Completed,Attended,2026-06-12,75,Passed
1340,5063,1945,2026-05-15 11:45:00,Completed,Attended,2026-06-12,100,Passed
1341,5063,1947,2026-04-25 08:45:00,Completed,Attended,2026-06-12,100,Passed
1342,5063,1949,2026-04-18 08:00:00,Cancelled,NotApplicable,,,NotAssessed
1343,5063,1951,2026-05-12 10:45:00,Completed,Attended,2026-06-12,64,Failed
1344,5063,1954,2026-05-12 16:15:00,Completed,Attended,2026-06-12,99,Passed
1345,5063,1955,2026-05-04 09:30:00,Completed,Attended,2026-06-12,88,Passed
1346,5063,1956,2026-04-21 16:00:00,NoShow,Absent,,,NotAssessed
1347,5063,2094,2026-05-29 11:00:00,Completed,Attended,2026-06-12,90,Passed
1348,5063,1840,2026-05-26 15:00:00,Completed,Attended,2026-06-12,74,Passed
1349,5063,1975,2026-05-02 09:45:00,Cancelled,NotApplicable,,,NotAssessed
1350,5063,1979,2026-05-14 13:15:00,NoShow,Absent,,,NotAssessed
1351,5063,1606,2026-04-20 13:00:00,Cancelled,NotApplicable,,,NotAssessed
1352,5063,1993,2026-05-15 16:45:00,Completed,Attended,2026-06-12,84,Passed
1353,5063,1995,2026-04-26 11:45:00,Completed,Attended,2026-06-12,85,Passed
1354,5063,1876,2026-05-14 15:45:00,Completed,Attended,2026-06-12,67,Failed
1355,5063,2008,2026-05-03 11:30:00,Completed,Attended,2026-06-12,98,Passed
1356,5063,1503,2026-06-05 11:30:00,Completed,Attended,2026-06-12,100,Passed
1357,5063,2020,2026-06-01 14:00:00,Completed,Attended,2026-06-12,79,Passed
1358,5063,1139,2026-05-28 11:45:00,Completed,Attended,2026-06-12,81,Passed
1359,5063,1910,2026-05-15 10:15:00,Completed,Attended,2026-06-12,70,Passed
1360,5063,1914,2026-05-10 09:30:00,Completed,Attended,2026-06-12,81,Passed
1361,5064,1664,2025-03-23 12:15:00,InProgress,Attended,,,NotAssessed
1362,5064,1537,2025-03-21 12:30:00,Completed,Attended,2025-04-09,81,Passed
1363,5064,1538,2025-03-23 10:15:00,Completed,Attended,2025-04-09,94,Passed
1364,5064,1669,2025-02-26 09:00:00,Completed,Attended,2025-04-09,60,Failed
1365,5064,1550,2025-03-22 16:30:00,InProgress,Attended,,,NotAssessed
1366,5064,1551,2025-03-31 15:00:00,Completed,Attended,2025-04-09,91,Passed
1367,5064,1561,2025-03-13 12:00:00,Completed,Attended,2025-04-09,82,Passed
1368,5064,1562,2025-03-27 09:30:00,Completed,Attended,2025-04-09,69,Failed
1369,5064,1691,2025-02-18 16:45:00,Completed,Attended,2025-04-09,64,Failed
1370,5064,1054,2025-03-03 16:30:00,InProgress,Attended,,,NotAssessed
1371,5064,1182,2025-04-02 12:30:00,Completed,Attended,2025-04-09,93,Passed
1372,5064,1567,2025-04-01 15:00:00,InProgress,Attended,,,NotAssessed
1373,5064,1440,2025-04-01 14:15:00,Completed,Attended,2025-04-09,70,Passed
1374,5064,1570,2025-03-31 09:30:00,NoShow,Absent,,,NotAssessed
1375,5064,1572,2025-03-19 16:15:00,NoShow,Absent,,,NotAssessed
1376,5064,1707,2025-02-27 15:30:00,Completed,Attended,2025-04-09,80,Passed
1377,5064,1710,2025-03-16 08:00:00,Completed,Attended,2025-04-09,61,Failed
1378,5064,1584,2025-02-13 09:30:00,NoShow,Absent,,,NotAssessed
1379,5064,1716,2025-03-10 10:15:00,Completed,Attended,2025-04-09,72,Passed
1380,5064,1718,2025-02-20 10:30:00,Completed,Attended,2025-04-09,88,Passed
1381,5064,1597,2025-03-12 13:45:00,Completed,Attended,2025-04-09,95,Passed
1382,5064,1602,2025-02-23 11:00:00,Cancelled,NotApplicable,,,NotAssessed
1383,5064,1608,2025-03-19 15:45:00,Completed,Attended,2025-04-09,67,Failed
1384,5064,1353,2025-03-25 12:30:00,Completed,Attended,2025-04-09,72,Passed
1385,5064,1615,2025-02-19 16:45:00,Cancelled,NotApplicable,,,NotAssessed
1386,5064,2017,2025-03-02 11:30:00,NoShow,Absent,,,NotAssessed
1387,5064,1634,2025-03-22 16:15:00,InProgress,Attended,,,NotAssessed
1388,5064,1640,2025-03-14 13:15:00,Completed,Attended,2025-04-09,72,Passed
1389,5064,1641,2025-03-05 11:45:00,NoShow,Absent,,,NotAssessed
1390,5064,1259,2025-04-02 08:15:00,Completed,Attended,2025-04-09,97,Passed
1391,5064,1521,2025-03-03 11:30:00,Cancelled,NotApplicable,,,NotAssessed
1392,5064,1523,2025-02-24 11:45:00,Completed,Attended,2025-04-09,76,Passed
1393,5064,1535,2025-02-28 08:00:00,Completed,Attended,2025-04-09,89,Passed
1394,5065,1287,2025-10-16 08:00:00,Completed,Attended,2025-11-28,73,Passed
1395,5065,1682,2025-11-12 15:30:00,Completed,Attended,2025-11-28,100,Passed
1396,5065,1429,2025-10-14 08:15:00,Completed,Attended,2025-11-28,71,Passed
1397,5065,1302,2025-11-13 13:15:00,Completed,Attended,2025-11-28,87,Passed
1398,5065,1308,2025-11-11 15:30:00,Completed,Attended,2025-11-28,72,Passed
1399,5065,1438,2025-10-07 15:45:00,InProgress,Attended,,,NotAssessed
1400,5065,1439,2025-11-09 14:15:00,Completed,Attended,2025-11-28,99,Passed
1401,5065,1316,2025-10-19 12:15:00,Completed,Attended,2025-11-28,83,Passed
1402,5065,1448,2025-10-24 09:30:00,Completed,Attended,2025-11-28,67,Failed
1403,5065,1199,2025-11-12 09:45:00,Completed,Attended,2025-11-28,100,Passed
1404,5065,1328,2025-10-03 15:30:00,Completed,Attended,2025-11-28,86,Passed
1405,5065,1974,2025-11-07 10:15:00,Completed,Attended,2025-11-28,68,Failed
1406,5065,1979,2025-11-19 09:15:00,Cancelled,NotApplicable,,,NotAssessed
1407,5065,1353,2025-11-10 14:30:00,Completed,Attended,2025-11-28,83,Passed
1408,5065,1356,2025-10-29 14:45:00,Completed,Attended,2025-11-28,69,Failed
1409,5065,1484,2025-10-21 16:30:00,Completed,Attended,2025-11-28,87,Passed
1410,5065,1370,2025-11-07 14:30:00,Completed,Attended,2025-11-28,70,Passed
1411,5065,1505,2025-11-05 13:30:00,Completed,Attended,2025-11-28,58,Failed
1412,5065,1382,2025-10-31 08:15:00,Completed,Attended,2025-11-28,79,Passed
1413,5065,1641,2025-10-22 15:30:00,Completed,Attended,2025-11-28,91,Passed
1414,5065,1385,2025-10-29 10:15:00,Completed,Attended,2025-11-28,74,Passed
1415,5065,1517,2025-11-17 15:30:00,Completed,Attended,2025-11-28,65,Failed
1416,5065,1262,2025-11-16 09:00:00,Completed,Attended,2025-11-28,67,Failed
1417,5065,1403,2025-11-19 11:00:00,Completed,Attended,2025-11-28,68,Failed
1418,5066,1925,2026-01-23 13:00:00,Completed,Attended,2026-03-17,100,Passed
1419,5066,1932,2026-02-04 10:30:00,Cancelled,NotApplicable,,,NotAssessed
1420,5066,1939,2026-01-28 09:15:00,Completed,Attended,2026-03-17,80,Passed
1421,5066,1685,2026-02-07 08:00:00,Completed,Attended,2026-03-17,51,Failed
1422,5066,1824,2026-02-05 15:00:00,NoShow,Absent,,,NotAssessed
1423,5066,1955,2026-02-05 11:30:00,Completed,Attended,2026-03-17,58,Failed
1424,5066,1957,2026-02-12 14:45:00,Completed,Attended,2026-03-17,92,Passed
1425,5066,1965,2026-02-14 08:45:00,Completed,Attended,2026-03-17,68,Failed
1426,5066,1971,2026-01-25 12:30:00,Completed,Attended,2026-03-17,86,Passed
1427,5066,1974,2026-02-24 09:45:00,Completed,Attended,2026-03-17,89,Passed
1428,5066,1975,2026-02-12 09:30:00,Cancelled,NotApplicable,,,NotAssessed
1429,5066,1977,2026-02-01 13:30:00,Completed,Attended,2026-03-17,83,Passed
1430,5066,1990,2026-02-03 13:00:00,Completed,Attended,2026-03-17,58,Failed
1431,5066,1991,2026-03-03 15:15:00,Completed,Attended,2026-03-17,50,Failed
1432,5066,1993,2026-02-20 15:30:00,Completed,Attended,2026-03-17,74,Passed
1433,5066,1996,2026-02-06 12:45:00,Completed,Attended,2026-03-17,84,Passed
1434,5066,1872,2026-03-08 12:15:00,Completed,Attended,2026-03-17,65,Failed
1435,5066,2001,2026-02-11 13:00:00,Completed,Attended,2026-03-17,90,Passed
1436,5066,2005,2026-01-22 12:45:00,Completed,Attended,2026-03-17,81,Passed
1437,5066,2010,2026-01-29 08:00:00,Completed,Attended,2026-03-17,59,Failed
1438,5066,2011,2026-03-02 16:45:00,Completed,Attended,2026-03-17,73,Passed
1439,5066,2012,2026-02-15 08:15:00,Completed,Attended,2026-03-17,85,Passed
1440,5066,2017,2026-02-06 12:00:00,Completed,Attended,2026-03-17,100,Passed
1441,5066,2019,2026-02-09 14:45:00,Completed,Attended,2026-03-17,71,Passed
1442,5066,1509,2026-02-03 09:30:00,Completed,Attended,2026-03-17,91,Passed
1443,5066,1255,2026-02-04 10:45:00,Cancelled,NotApplicable,,,NotAssessed
1444,5066,1909,2026-03-09 16:15:00,Completed,Attended,2026-03-17,75,Passed
1445,5066,1912,2026-03-07 11:45:00,Completed,Attended,2026-03-17,93,Passed
1446,5066,1915,2026-02-07 11:30:00,Completed,Attended,2026-03-17,100,Passed
1447,5067,1934,2026-07-05 10:30:00,Completed,Attended,2026-07-21,60,Failed
1448,5067,2069,2026-06-10 12:00:00,Completed,Attended,2026-07-21,66,Failed
1449,5067,1944,2026-06-13 15:30:00,Completed,Attended,2026-07-21,88,Passed
1450,5067,1947,2026-05-28 15:15:00,Completed,Attended,2026-07-21,64,Failed
1451,5067,1948,2026-05-26 14:15:00,Completed,Attended,2026-07-21,75,Passed
1452,5067,1952,2026-07-04 14:30:00,Completed,Attended,2026-07-21,95,Passed
1453,5067,1953,2026-06-12 08:15:00,Completed,Attended,2026-07-21,63,Failed
1454,5067,1572,2026-06-24 16:15:00,Completed,Attended,2026-07-21,71,Passed
1455,5067,1959,2026-06-03 12:15:00,Completed,Attended,2026-07-21,83,Passed
1456,5067,1963,2026-06-17 10:30:00,Completed,Attended,2026-07-21,80,Passed
1457,5067,1964,2026-05-28 11:00:00,Completed,Attended,2026-07-21,61,Failed
1458,5067,1966,2026-07-11 15:00:00,Completed,Attended,2026-07-21,84,Passed
1459,5067,1975,2026-05-26 13:00:00,Completed,Attended,2026-07-21,45,Failed
1460,5067,1978,2026-06-02 16:15:00,Completed,Attended,2026-07-21,97,Passed
1461,5067,1990,2026-06-20 11:15:00,NoShow,Absent,,,NotAssessed
1462,5067,1996,2026-07-05 08:15:00,Completed,Attended,2026-07-21,58,Failed
1463,5067,2007,2026-06-18 14:30:00,NoShow,Absent,,,NotAssessed
1464,5067,1370,2026-06-17 09:00:00,Completed,Attended,2026-07-21,59,Failed
1465,5067,2015,2026-06-16 09:30:00,Completed,Attended,2026-07-21,81,Passed
1466,5067,2018,2026-06-25 09:00:00,Completed,Attended,2026-07-21,84,Passed
1467,5067,2019,2026-06-24 12:00:00,Completed,Attended,2026-07-21,67,Failed
1468,5067,1912,2026-06-07 09:15:00,Completed,Attended,2026-07-21,89,Passed
1469,5067,1915,2026-06-26 13:45:00,Completed,Attended,2026-07-21,62,Failed
1470,5068,1923,2025-04-16 12:00:00,Completed,Attended,2025-05-28,87,Passed
1471,5068,1543,2025-05-19 12:45:00,Completed,Attended,2025-05-28,87,Passed
1472,5068,1934,2025-05-12 14:30:00,NoShow,Absent,,,NotAssessed
1473,5068,1938,2025-04-26 10:00:00,InProgress,Attended,,,NotAssessed
1474,5068,1562,2025-05-17 10:45:00,Completed,Attended,2025-05-28,89,Passed
1475,5068,1952,2025-05-04 09:45:00,Completed,Attended,2025-05-28,62,Failed
1476,5068,1966,2025-04-22 14:15:00,Completed,Attended,2025-05-28,84,Passed
1477,5068,1970,2025-05-17 16:15:00,Completed,Attended,2025-05-28,63,Failed
1478,5068,1976,2025-04-23 10:45:00,Completed,Attended,2025-05-28,76,Passed
1479,5068,1978,2025-04-05 08:30:00,InProgress,Attended,,,NotAssessed
1480,5068,1982,2025-04-18 09:45:00,NoShow,Absent,,,NotAssessed
1481,5068,1986,2025-04-19 08:00:00,Completed,Attended,2025-05-28,79,Passed
1482,5068,1859,2025-04-26 14:45:00,Completed,Attended,2025-05-28,85,Passed
1483,5068,1997,2025-05-12 14:30:00,Completed,Attended,2025-05-28,72,Passed
1484,5068,2000,2025-04-06 15:00:00,Completed,Attended,2025-05-28,79,Passed
1485,5068,2001,2025-04-21 15:00:00,Completed,Attended,2025-05-28,96,Passed
1486,5068,2002,2025-04-08 13:30:00,Completed,Attended,2025-05-28,76,Passed
1487,5068,2012,2025-04-03 13:30:00,Completed,Attended,2025-05-28,73,Passed
1488,5068,1650,2025-05-17 14:15:00,Completed,Attended,2025-05-28,88,Passed
1489,5068,1908,2025-05-18 09:30:00,Completed,Attended,2025-05-28,82,Passed
1490,5068,1919,2025-04-09 14:45:00,NoShow,Absent,,,NotAssessed
1491,5069,1024,2024-12-10 10:30:00,Completed,Attended,2025-01-07,96,Passed
1492,5069,1281,2024-11-20 11:00:00,Completed,Attended,2025-01-07,61,Failed
1493,5069,1027,2024-12-16 09:00:00,Completed,Attended,2025-01-07,90,Passed
1494,5069,2052,2024-11-14 14:30:00,Completed,Attended,2025-01-07,83,Passed
1495,5069,1545,2024-12-13 16:15:00,Completed,Attended,2025-01-07,78,Passed
1496,5069,1161,2024-12-25 15:30:00,Completed,Attended,2025-01-07,68,Failed
1497,5069,1291,2024-11-21 13:45:00,Completed,Attended,2025-01-07,70,Passed
1498,5069,2060,2024-12-25 09:15:00,Completed,Attended,2025-01-07,82,Passed
1499,5069,1423,2024-12-18 11:45:00,Completed,Attended,2025-01-07,88,Passed
1500,5069,1058,2024-12-08 14:00:00,Completed,Attended,2025-01-07,73,Passed
1501,5069,2082,2024-12-23 12:30:00,Completed,Attended,2025-01-07,100,Passed
1502,5069,1198,2024-11-21 09:15:00,Completed,Attended,2025-01-07,88,Passed
1503,5069,1711,2024-11-13 11:15:00,NoShow,Absent,,,NotAssessed
1504,5069,2094,2024-12-29 10:00:00,Cancelled,NotApplicable,,,NotAssessed
1505,5069,1210,2024-11-17 16:00:00,Completed,Attended,2025-01-07,77,Passed
1506,5069,1341,2024-11-30 13:15:00,Completed,Attended,2025-01-07,76,Passed
1507,5069,1220,2024-12-25 10:45:00,InProgress,Attended,,,NotAssessed
1508,5069,1092,2024-12-01 11:15:00,Completed,Attended,2025-01-07,74,Passed
1509,5069,1222,2024-12-27 16:15:00,Completed,Attended,2025-01-07,85,Passed
1510,5069,1612,2024-12-01 12:30:00,Completed,Attended,2025-01-07,78,Passed
1511,5069,1101,2024-12-09 09:45:00,Completed,Attended,2025-01-07,85,Passed
1512,5069,1107,2024-11-13 11:00:00,Completed,Attended,2025-01-07,64,Failed
1513,5069,1625,2024-12-22 14:45:00,Completed,Attended,2025-01-07,74,Passed
1514,5069,1246,2024-12-29 13:00:00,Completed,Attended,2025-01-07,75,Passed
1515,5069,1126,2024-12-04 14:15:00,Completed,Attended,2025-01-07,83,Passed
1516,5069,1004,2024-11-18 16:45:00,Completed,Attended,2025-01-07,73,Passed
1517,5069,1262,2024-11-27 12:15:00,Completed,Attended,2025-01-07,85,Passed
1518,5069,1650,2024-12-01 15:15:00,Completed,Attended,2025-01-07,77,Passed
1519,5069,1142,2024-12-02 13:00:00,Completed,Attended,2025-01-07,82,Passed
1520,5069,1015,2024-12-22 15:30:00,Completed,Attended,2025-01-07,74,Passed
1521,5069,1022,2024-12-14 10:45:00,NoShow,Absent,,,NotAssessed
1522,5070,1411,2025-11-01 16:00:00,Completed,Attended,2025-11-19,64,Failed
1523,5070,1804,2025-10-28 10:45:00,Completed,Attended,2025-11-19,74,Passed
1524,5070,1170,2025-10-19 14:45:00,Completed,Attended,2025-11-19,79,Passed
1525,5070,1309,2025-10-14 15:00:00,Completed,Attended,2025-11-19,84,Passed
1526,5070,1314,2025-11-04 15:30:00,Completed,Attended,2025-11-19,89,Passed
1527,5070,1711,2025-10-01 14:00:00,Completed,Attended,2025-11-19,82,Passed
1528,5070,1461,2025-10-24 09:45:00,Completed,Attended,2025-11-19,35,Failed
1529,5070,1463,2025-10-04 11:00:00,Completed,Attended,2025-11-19,65,Failed
1530,5070,1468,2025-10-02 15:15:00,NoShow,Absent,,,NotAssessed
1531,5070,1089,2025-10-18 16:30:00,Completed,Attended,2025-11-19,89,Passed
1532,5070,1351,2025-11-12 12:00:00,Completed,Attended,2025-11-19,79,Passed
1533,5070,1352,2025-10-01 09:00:00,Completed,Attended,2025-11-19,80,Passed
1534,5070,1489,2025-10-02 16:30:00,Completed,Attended,2025-11-19,72,Passed
1535,5070,1492,2025-10-14 08:30:00,Completed,Attended,2025-11-19,88,Passed
1536,5070,1247,2025-11-03 08:45:00,Completed,Attended,2025-11-19,72,Passed
1537,5070,1511,2025-10-22 13:00:00,Completed,Attended,2025-11-19,59,Failed
1538,5070,1513,2025-10-17 12:45:00,Completed,Attended,2025-11-19,50,Failed
1539,5070,1914,2025-11-06 11:45:00,Completed,Attended,2025-11-19,77,Passed
1540,5070,1916,2025-10-17 10:30:00,NoShow,Absent,,,NotAssessed
1541,5070,2047,2025-09-26 09:30:00,Completed,Attended,2025-11-19,88,Passed
1542,5071,1892,2026-01-23 15:30:00,Completed,Attended,2026-02-18,67,Failed
1543,5071,1254,2026-01-28 14:00:00,Completed,Attended,2026-02-18,87,Passed
1544,5071,1062,2026-01-07 14:15:00,Completed,Attended,2026-02-18,95,Passed
1545,5071,1160,2026-01-20 08:45:00,NoShow,Absent,,,NotAssessed
1546,5071,1271,2026-01-06 13:00:00,Completed,Attended,2026-02-18,76,Passed
1547,5071,1101,2026-02-02 12:30:00,Completed,Attended,2026-02-18,83,Passed
1548,5071,1133,2026-01-27 10:45:00,Completed,Attended,2026-02-18,72,Passed
1549,5071,1261,2025-12-27 16:15:00,Completed,Attended,2026-02-18,74,Passed
1550,5071,1581,2026-01-15 09:15:00,Completed,Attended,2026-02-18,86,Passed
1551,5071,2069,2026-02-01 11:00:00,Completed,Attended,2026-02-18,74,Passed
1552,5071,1175,2026-02-04 09:30:00,Completed,Attended,2026-02-18,82,Passed
1553,5071,1433,2026-02-08 08:00:00,Completed,Attended,2026-02-18,67,Failed
1554,5071,1179,2025-12-26 10:30:00,Completed,Attended,2026-02-18,59,Failed
1555,5071,1245,2025-12-28 12:30:00,Completed,Attended,2026-02-18,70,Passed
1556,5071,1054,2026-02-03 13:00:00,Completed,Attended,2026-02-18,65,Failed
1557,5071,1207,2026-02-04 14:30:00,Completed,Attended,2026-02-18,64,Failed
1558,5072,1312,2025-11-24 09:30:00,Completed,Attended,2025-12-22,75,Passed
1559,5072,1698,2025-12-02 10:45:00,Completed,Attended,2025-12-22,80,Passed
1560,5072,1411,2025-11-25 15:45:00,Completed,Attended,2025-12-22,81,Passed
1561,5072,1954,2025-11-13 13:30:00,Completed,Attended,2025-12-22,76,Passed
1562,5072,1317,2025-11-06 16:45:00,Completed,Attended,2025-12-22,86,Passed
1563,5072,2025,2025-11-14 15:15:00,Completed,Attended,2025-12-22,89,Passed
1564,5072,1322,2025-12-09 09:30:00,Completed,Attended,2025-12-22,59,Failed
1565,5072,1419,2025-11-13 08:30:00,Completed,Attended,2025-12-22,55,Failed
1566,5072,1516,2025-12-01 14:30:00,Completed,Attended,2025-12-22,72,Passed
1567,5072,1457,2025-12-03 13:15:00,Cancelled,NotApplicable,,,NotAssessed
1568,5072,1170,2025-12-06 09:45:00,Completed,Attended,2025-12-22,91,Passed
1569,5072,1395,2025-12-06 10:30:00,Completed,Attended,2025-12-22,84,Passed
1570,5072,1332,2025-12-15 10:15:00,Completed,Attended,2025-12-22,77,Passed
1571,5072,1429,2025-11-13 15:45:00,Completed,Attended,2025-12-22,82,Passed
1572,5072,1906,2025-12-13 15:15:00,Completed,Attended,2025-12-22,96,Passed
1573,5072,1399,2025-11-05 10:15:00,Completed,Attended,2025-12-22,83,Passed
1574,5072,1368,2025-12-06 10:30:00,Completed,Attended,2025-12-22,77,Passed
1575,5072,1970,2025-11-28 15:15:00,Completed,Attended,2025-12-22,85,Passed
1576,5073,2080,2025-12-27 16:15:00,Completed,Attended,2026-01-08,60,Failed
1577,5073,1632,2025-12-17 15:30:00,Completed,Attended,2026-01-08,80,Passed
1578,5073,2084,2025-11-27 16:00:00,Completed,Attended,2026-01-08,59,Failed
1579,5073,2021,2025-11-27 13:15:00,Completed,Attended,2026-01-08,82,Passed
1580,5073,2024,2025-12-09 15:45:00,Completed,Attended,2026-01-08,85,Passed
1581,5073,2027,2025-12-04 13:30:00,Completed,Attended,2026-01-08,79,Passed
1582,5073,1529,2025-12-03 12:45:00,Completed,Attended,2026-01-08,82,Passed
1583,5073,2062,2025-12-23 13:00:00,Completed,Attended,2026-01-08,88,Passed
1584,5073,2063,2025-11-29 13:00:00,Completed,Attended,2026-01-08,63,Failed
1585,5073,1876,2025-11-18 13:15:00,Completed,Attended,2026-01-08,75,Passed
1586,5073,2006,2025-12-12 10:00:00,Cancelled,NotApplicable,,,NotAssessed
1587,5073,2071,2025-11-17 08:30:00,Completed,Attended,2026-01-08,92,Passed
1588,5073,2041,2025-12-16 10:15:00,Completed,Attended,2026-01-08,96,Passed
1589,5073,2077,2025-12-27 15:45:00,Completed,Attended,2026-01-08,61,Failed
1590,5073,2078,2025-12-02 12:15:00,Cancelled,NotApplicable,,,NotAssessed
1591,5073,2047,2025-12-19 12:45:00,Completed,Attended,2026-01-08,88,Passed
1592,5074,1928,2026-05-01 14:00:00,Completed,Attended,2026-06-26,89,Passed
1593,5074,1930,2026-06-02 11:45:00,Completed,Attended,2026-06-26,86,Passed
1594,5074,1813,2026-06-06 15:00:00,Completed,Attended,2026-06-26,76,Passed
1595,5074,1816,2026-05-20 08:30:00,Completed,Attended,2026-06-26,75,Passed
1596,5074,1818,2026-05-24 15:30:00,Completed,Attended,2026-06-26,93,Passed
1597,5074,1052,2026-05-07 16:45:00,Cancelled,NotApplicable,,,NotAssessed
1598,5074,1827,2026-05-21 12:45:00,NoShow,Absent,,,NotAssessed
1599,5074,1828,2026-06-02 14:15:00,InProgress,Attended,,,NotAssessed
1600,5074,1965,2026-06-13 12:00:00,Completed,Attended,2026-06-26,92,Passed
1601,5074,1847,2026-05-17 15:00:00,Completed,Attended,2026-06-26,67,Failed
1602,5074,1720,2026-05-10 16:45:00,Completed,Attended,2026-06-26,64,Failed
1603,5074,1850,2026-06-14 15:45:00,Completed,Attended,2026-06-26,73,Passed
1604,5074,1852,2026-06-15 09:00:00,InProgress,Attended,,,NotAssessed
1605,5074,1724,2026-05-10 15:30:00,Completed,Attended,2026-06-26,82,Passed
1606,5074,1865,2026-06-06 09:45:00,Completed,Attended,2026-06-26,68,Failed
1607,5074,1743,2026-05-13 14:30:00,Completed,Attended,2026-06-26,61,Failed
1608,5074,1745,2026-06-06 08:45:00,Completed,Attended,2026-06-26,82,Passed
1609,5074,2002,2026-05-08 08:45:00,Completed,Attended,2026-06-26,84,Passed
1610,5074,1877,2026-05-12 16:15:00,Completed,Attended,2026-06-26,84,Passed
1611,5074,1881,2026-05-15 13:30:00,Completed,Attended,2026-06-26,84,Passed
1612,5074,1884,2026-05-05 12:00:00,NoShow,Absent,,,NotAssessed
1613,5074,1763,2026-05-09 15:45:00,Completed,Attended,2026-06-26,77,Passed
1614,5074,1764,2026-05-14 14:30:00,Completed,Attended,2026-06-26,75,Passed
1615,5074,1892,2026-06-14 11:15:00,Completed,Attended,2026-06-26,56,Failed
1616,5074,1894,2026-06-07 12:45:00,Completed,Attended,2026-06-26,78,Passed
1617,5074,1777,2026-05-31 14:15:00,Completed,Attended,2026-06-26,59,Failed
1618,5075,1282,2026-06-16 10:30:00,Completed,Attended,2026-07-16,60,Failed
1619,5075,1156,2026-07-08 08:15:00,Completed,Attended,2026-07-16,70,Passed
1620,5075,1286,2026-05-30 16:45:00,Completed,Attended,2026-07-16,60,Failed
1621,5075,1158,2026-06-18 08:00:00,Completed,Attended,2026-07-16,70,Passed
1622,5075,1805,2026-06-13 11:15:00,Completed,Attended,2026-07-16,84,Passed
1623,5075,1038,2026-07-01 08:30:00,Completed,Attended,2026-07-16,84,Passed
1624,5075,1296,2026-07-03 08:00:00,Completed,Attended,2026-07-16,55,Failed
1625,5075,1172,2026-05-21 15:15:00,Completed,Attended,2026-07-16,80,Passed
1626,5075,2081,2026-07-08 13:15:00,Completed,Attended,2026-07-16,62,Failed
1627,5075,1057,2026-07-07 16:00:00,Completed,Attended,2026-07-16,79,Passed
1628,5075,1314,2026-06-02 11:15:00,Completed,Attended,2026-07-16,100,Passed
1629,5075,2099,2026-05-23 12:15:00,Completed,Attended,2026-07-16,81,Passed
1630,5075,1206,2026-06-05 16:45:00,Completed,Attended,2026-07-16,71,Passed
1631,5075,1210,2026-07-03 11:15:00,NoShow,Absent,,,NotAssessed
1632,5075,1083,2026-06-10 16:45:00,Completed,Attended,2026-07-16,91,Passed
1633,5075,1218,2026-05-31 12:15:00,Completed,Attended,2026-07-16,50,Failed
1634,5075,1221,2026-07-07 16:15:00,Completed,Attended,2026-07-16,76,Passed
1635,5075,1227,2026-06-10 12:30:00,Completed,Attended,2026-07-16,82,Passed
1636,5075,1238,2026-06-19 16:00:00,Completed,Attended,2026-07-16,71,Passed
1637,5075,1113,2026-06-15 13:45:00,Completed,Attended,2026-07-16,62,Failed
1638,5075,1246,2026-06-07 13:45:00,Completed,Attended,2026-07-16,64,Failed
1639,5075,1247,2026-06-30 12:45:00,Completed,Attended,2026-07-16,76,Passed
1640,5075,1130,2026-06-16 12:15:00,Completed,Attended,2026-07-16,78,Passed
1641,5075,1003,2026-06-08 16:45:00,Completed,Attended,2026-07-16,60,Failed
1642,5075,1014,2026-06-26 16:45:00,Completed,Attended,2026-07-16,85,Passed
1643,5076,1033,2026-07-31 10:45:00,Completed,Attended,2026-08-25,87,Passed
1644,5076,1677,2026-08-07 16:15:00,Completed,Attended,2026-08-25,86,Passed
1645,5076,2062,2026-07-04 11:00:00,Completed,Attended,2026-08-25,83,Passed
1646,5076,1424,2026-07-08 10:15:00,Completed,Attended,2026-08-25,71,Passed
1647,5076,1173,2026-08-04 13:45:00,Completed,Attended,2026-08-25,61,Failed
1648,5076,1177,2026-07-09 10:30:00,Completed,Attended,2026-08-25,59,Failed
1649,5076,2091,2026-08-06 14:15:00,Completed,Attended,2026-08-25,64,Failed
1650,5076,1197,2026-07-25 14:15:00,Completed,Attended,2026-08-25,74,Passed
1651,5076,1967,2026-07-13 09:00:00,NoShow,Absent,,,NotAssessed
1652,5076,1075,2026-08-13 10:15:00,Completed,Attended,2026-08-25,78,Passed
1653,5076,1982,2026-08-07 15:00:00,Completed,Attended,2026-08-25,59,Failed
1654,5076,1091,2026-07-01 09:30:00,Completed,Attended,2026-08-25,70,Passed
1655,5076,1224,2026-07-11 11:30:00,Completed,Attended,2026-08-25,75,Passed
1656,5076,1225,2026-08-06 11:30:00,Completed,Attended,2026-08-25,84,Passed
1657,5076,1245,2026-07-31 14:45:00,Completed,Attended,2026-08-25,89,Passed
1658,5076,1886,2026-08-11 15:15:00,Completed,Attended,2026-08-25,74,Passed
1659,5076,1122,2026-07-24 12:45:00,Completed,Attended,2026-08-25,100,Passed
1660,5076,1010,2026-07-04 12:00:00,Completed,Attended,2026-08-25,80,Passed
1661,5076,1275,2026-08-02 09:15:00,Completed,Attended,2026-08-25,88,Passed
1662,5077,1304,2026-03-29 08:30:00,Completed,Attended,2026-05-09,87,Passed
1663,5077,1311,2026-03-23 08:30:00,Completed,Attended,2026-05-09,67,Failed
1664,5077,1314,2026-03-15 10:30:00,Completed,Attended,2026-05-09,64,Failed
1665,5077,1325,2026-04-14 15:15:00,Completed,Attended,2026-05-09,75,Passed
1666,5077,1458,2026-04-12 10:15:00,Completed,Attended,2026-05-09,63,Failed
1667,5077,1330,2026-04-13 13:45:00,Cancelled,NotApplicable,,,NotAssessed
1668,5077,1467,2026-04-01 08:00:00,Completed,Attended,2026-05-09,67,Failed
1669,5077,1469,2026-03-24 10:15:00,Completed,Attended,2026-05-09,51,Failed
1670,5077,1346,2026-04-30 14:15:00,Completed,Attended,2026-05-09,86,Passed
1671,5077,1864,2026-04-02 12:15:00,Completed,Attended,2026-05-09,97,Passed
1672,5077,1353,2026-04-03 13:30:00,Completed,Attended,2026-05-09,74,Passed
1673,5077,1611,2026-03-30 15:30:00,NoShow,Absent,,,NotAssessed
1674,5077,1485,2026-03-17 16:00:00,Completed,Attended,2026-05-09,64,Failed
1675,5077,1358,2026-04-02 15:15:00,Completed,Attended,2026-05-09,76,Passed
1676,5077,1362,2026-04-29 10:15:00,NoShow,Absent,,,NotAssessed
1677,5077,1398,2026-04-16 10:45:00,Completed,Attended,2026-05-09,81,Passed
1678,5077,2045,2026-04-09 10:45:00,Completed,Attended,2026-05-09,52,Failed
1679,5077,1790,2026-03-23 15:15:00,Completed,Attended,2026-05-09,65,Failed
1680,5077,2047,2026-04-18 09:00:00,Completed,Attended,2026-05-09,85,Passed
1681,5078,1412,2024-12-22 13:00:00,Completed,Attended,2025-02-10,79,Passed
1682,5078,1157,2024-12-26 16:15:00,Completed,Attended,2025-02-10,73,Passed
1683,5078,1160,2025-01-14 16:00:00,Completed,Attended,2025-02-10,88,Passed
1684,5078,1544,2025-02-01 12:30:00,Completed,Attended,2025-02-10,87,Passed
1685,5078,1033,2025-01-17 11:15:00,Completed,Attended,2025-02-10,83,Passed
1686,5078,2059,2024-12-17 14:00:00,Cancelled,NotApplicable,,,NotAssessed
1687,5078,1418,2024-12-21 12:30:00,Completed,Attended,2025-02-10,84,Passed
1688,5078,1041,2025-01-08 12:15:00,Completed,Attended,2025-02-10,99,Passed
1689,5078,1044,2025-01-18 12:30:00,Completed,Attended,2025-02-10,76,Passed
1690,5078,1175,2025-02-02 09:15:00,Completed,Attended,2025-02-10,84,Passed
1691,5078,1197,2024-12-31 14:30:00,NoShow,Absent,,,NotAssessed
1692,5078,1211,2024-12-23 10:15:00,Completed,Attended,2025-02-10,84,Passed
1693,5078,1217,2024-12-22 13:45:00,Cancelled,NotApplicable,,,NotAssessed
1694,5078,1218,2025-01-18 11:00:00,Completed,Attended,2025-02-10,59,Failed
1695,5078,1096,2025-01-11 15:00:00,Completed,Attended,2025-02-10,78,Passed
1696,5078,1227,2025-01-14 09:30:00,Completed,Attended,2025-02-10,83,Passed
1697,5078,1241,2025-01-27 13:00:00,Completed,Attended,2025-02-10,85,Passed
1698,5078,1243,2024-12-31 15:15:00,Cancelled,NotApplicable,,,NotAssessed
1699,5078,1385,2024-12-17 16:30:00,Completed,Attended,2025-02-10,66,Failed
1700,5078,1003,2025-01-27 14:00:00,InProgress,Attended,,,NotAssessed
1701,5078,2034,2025-01-18 14:30:00,Cancelled,NotApplicable,,,NotAssessed
1702,5078,1012,2025-01-03 13:15:00,Completed,Attended,2025-02-10,66,Failed
1703,5078,1270,2025-01-03 14:00:00,Completed,Attended,2025-02-10,78,Passed
1704,5078,1145,2025-01-30 13:30:00,Completed,Attended,2025-02-10,69,Failed
1705,5078,1022,2025-01-08 13:45:00,Completed,Attended,2025-02-10,83,Passed
1706,5079,1538,2025-08-14 13:00:00,Cancelled,NotApplicable,,,NotAssessed
1707,5079,2019,2025-07-11 08:30:00,Completed,Attended,2025-08-27,81,Passed
1708,5079,1991,2025-08-03 08:30:00,Completed,Attended,2025-08-27,54,Failed
1709,5079,1932,2025-07-04 13:00:00,Completed,Attended,2025-08-27,94,Passed
1710,5079,1970,2025-08-05 09:45:00,Cancelled,NotApplicable,,,NotAssessed
1711,5079,1975,2025-08-14 11:15:00,Completed,Attended,2025-08-27,70,Passed
1712,5079,1913,2025-07-10 13:45:00,Completed,Attended,2025-08-27,75,Passed
1713,5079,1979,2025-08-05 15:30:00,Completed,Attended,2025-08-27,77,Passed
1714,5079,1916,2025-07-25 10:45:00,Cancelled,NotApplicable,,,NotAssessed
1715,5079,1917,2025-07-30 14:45:00,NoShow,Absent,,,NotAssessed
1716,5080,1920,2026-03-28 13:00:00,Completed,Attended,2026-04-24,72,Passed
1717,5080,2053,2026-03-29 08:15:00,Completed,Attended,2026-04-24,79,Passed
1718,5080,2054,2026-03-16 13:30:00,Completed,Attended,2026-04-24,67,Failed
1719,5080,2056,2026-04-10 15:30:00,Completed,Attended,2026-04-24,82,Passed
1720,5080,2060,2026-03-12 11:00:00,Completed,Attended,2026-04-24,86,Passed
1721,5080,2066,2026-03-05 13:45:00,Completed,Attended,2026-04-24,70,Passed
1722,5080,2067,2026-03-22 15:30:00,Completed,Attended,2026-04-24,87,Passed
1723,5080,2068,2026-03-20 15:45:00,Completed,Attended,2026-04-24,90,Passed
1724,5080,2069,2026-04-13 13:30:00,Completed,Attended,2026-04-24,83,Passed
1725,5080,1042,2026-03-03 11:15:00,Completed,Attended,2026-04-24,91,Passed
1726,5080,2071,2026-03-01 14:15:00,Completed,Attended,2026-04-24,74,Passed
1727,5080,2072,2026-03-27 11:00:00,Completed,Attended,2026-04-24,73,Passed
1728,5080,2040,2026-03-26 10:00:00,Completed,Attended,2026-04-24,88,Passed
1729,5080,2075,2026-03-15 14:30:00,Completed,Attended,2026-04-24,73,Passed
1730,5080,2076,2026-03-12 09:45:00,Cancelled,NotApplicable,,,NotAssessed
1731,5080,2077,2026-03-30 12:45:00,Completed,Attended,2026-04-24,67,Failed
1732,5080,2079,2026-04-06 15:15:00,Completed,Attended,2026-04-24,64,Failed
1733,5080,2084,2026-03-10 15:00:00,Completed,Attended,2026-04-24,53,Failed
1734,5080,2085,2026-04-14 10:45:00,Completed,Attended,2026-04-24,84,Passed
1735,5080,2089,2026-03-07 14:15:00,Completed,Attended,2026-04-24,91,Passed
1736,5080,2091,2026-03-29 15:30:00,Completed,Attended,2026-04-24,88,Passed
1737,5080,2094,2026-04-05 12:30:00,Completed,Attended,2026-04-24,74,Passed
1738,5080,2095,2026-03-13 15:30:00,Completed,Attended,2026-04-24,83,Passed
1739,5080,2098,2026-03-30 14:30:00,Completed,Attended,2026-04-24,79,Passed
1740,5080,1086,2026-03-28 12:15:00,Completed,Attended,2026-04-24,90,Passed
1741,5080,1244,2026-03-22 14:15:00,Completed,Attended,2026-04-24,90,Passed
1742,5080,1372,2026-04-12 08:45:00,Completed,Attended,2026-04-24,86,Passed
1743,5080,2029,2026-04-06 12:15:00,Completed,Attended,2026-04-24,75,Passed
1744,5080,1645,2026-04-03 10:30:00,Completed,Attended,2026-04-24,63,Failed
1745,5080,2032,2026-03-08 11:00:00,Completed,Attended,2026-04-24,62,Failed
1746,5080,1905,2026-03-23 11:30:00,Completed,Attended,2026-04-24,90,Passed
1747,5080,2034,2026-03-25 13:00:00,Completed,Attended,2026-04-24,72,Passed
1748,5080,2035,2026-03-25 15:45:00,Completed,Attended,2026-04-24,73,Passed
1749,5080,2039,2026-03-05 10:30:00,Completed,Attended,2026-04-24,75,Passed
1750,5080,1272,2026-03-09 13:15:00,Completed,Attended,2026-04-24,73,Passed
1751,5080,2043,2026-03-05 10:00:00,Completed,Attended,2026-04-24,62,Failed
1752,5080,2045,2026-03-29 15:45:00,InProgress,Attended,,,NotAssessed
1753,5080,2047,2026-04-11 11:30:00,NoShow,Absent,,,NotAssessed
1754,5081,1537,2025-02-06 16:15:00,Completed,Attended,2025-03-31,86,Passed
1755,5081,2051,2025-02-22 10:00:00,Completed,Attended,2025-03-31,87,Passed
1756,5081,1286,2025-03-05 08:45:00,Completed,Attended,2025-03-31,97,Passed
1757,5081,2054,2025-03-22 11:15:00,Completed,Attended,2025-03-31,93,Passed
1758,5081,2059,2025-03-14 16:00:00,Completed,Attended,2025-03-31,79,Passed
1759,5081,2061,2025-03-05 14:45:00,Completed,Attended,2025-03-31,64,Failed
1760,5081,2063,2025-03-08 14:00:00,Completed,Attended,2025-03-31,100,Passed
1761,5081,2068,2025-03-04 14:00:00,Completed,Attended,2025-03-31,62,Failed
1762,5081,2070,2025-02-08 15:15:00,Completed,Attended,2025-03-31,91,Passed
1763,5081,2073,2025-02-26 10:45:00,Completed,Attended,2025-03-31,58,Failed
1764,5081,1435,2025-02-17 16:45:00,Completed,Attended,2025-03-31,75,Passed
1765,5081,2078,2025-03-06 12:00:00,Completed,Attended,2025-03-31,96,Passed
1766,5081,1568,2025-03-18 10:30:00,Completed,Attended,2025-03-31,64,Failed
1767,5081,2083,2025-03-19 09:30:00,Completed,Attended,2025-03-31,96,Passed
1768,5081,2087,2025-03-02 10:30:00,Completed,Attended,2025-03-31,89,Passed
1769,5081,1831,2025-02-27 14:15:00,Completed,Attended,2025-03-31,100,Passed
1770,5081,1449,2025-02-20 14:15:00,Completed,Attended,2025-03-31,73,Passed
1771,5081,2091,2025-03-18 08:15:00,Cancelled,NotApplicable,,,NotAssessed
1772,5081,2092,2025-03-18 11:30:00,Completed,Attended,2025-03-31,74,Passed
1773,5081,2093,2025-03-04 10:15:00,Completed,Attended,2025-03-31,56,Failed
1774,5081,2096,2025-03-19 13:30:00,Completed,Attended,2025-03-31,77,Passed
1775,5081,2098,2025-02-28 11:15:00,Completed,Attended,2025-03-31,72,Passed
1776,5081,1730,2025-02-14 12:45:00,Completed,Attended,2025-03-31,82,Passed
1777,5081,1605,2025-02-13 15:15:00,Completed,Attended,2025-03-31,60,Failed
1778,5081,2006,2025-02-07 08:00:00,Completed,Attended,2025-03-31,94,Passed
1779,5081,2007,2025-03-16 10:15:00,Completed,Attended,2025-03-31,95,Passed
1780,5081,2011,2025-02-06 16:15:00,Cancelled,NotApplicable,,,NotAssessed
1781,5081,1382,2025-02-10 09:30:00,Completed,Attended,2025-03-31,72,Passed
1782,5081,2024,2025-02-19 16:00:00,Completed,Attended,2025-03-31,89,Passed
1783,5081,2027,2025-03-19 16:00:00,Completed,Attended,2025-03-31,59,Failed
1784,5081,2032,2025-03-17 12:00:00,Completed,Attended,2025-03-31,63,Failed
1785,5081,1526,2025-03-15 14:00:00,Completed,Attended,2025-03-31,59,Failed
1786,5081,2040,2025-02-05 09:15:00,Completed,Attended,2025-03-31,84,Passed
1787,5081,2041,2025-02-11 12:30:00,Completed,Attended,2025-03-31,78,Passed
1788,5081,2042,2025-03-23 10:45:00,Completed,Attended,2025-03-31,77,Passed
1789,5081,1534,2025-03-07 12:15:00,Completed,Attended,2025-03-31,85,Passed
1790,5081,2047,2025-02-07 12:00:00,Completed,Attended,2025-03-31,73,Passed
1791,5082,1376,2025-06-15 09:30:00,Completed,Attended,2025-07-14,59,Failed
1792,5082,1412,2025-05-29 13:30:00,Completed,Attended,2025-07-14,91,Passed
1793,5082,1508,2025-05-22 08:15:00,Completed,Attended,2025-07-14,96,Passed
1794,5082,1318,2025-06-19 11:00:00,Completed,Attended,2025-07-14,71,Passed
1795,5082,1478,2025-05-20 15:00:00,Completed,Attended,2025-07-14,78,Passed
1796,5082,1476,2025-06-01 14:15:00,Completed,Attended,2025-07-14,77,Passed
1797,5082,1481,2025-05-21 13:45:00,Completed,Attended,2025-07-14,81,Passed
1798,5082,1422,2025-06-08 11:30:00,Cancelled,NotApplicable,,,NotAssessed
1799,5082,1879,2025-06-29 13:15:00,Completed,Attended,2025-07-14,56,Failed
1800,5082,1495,2025-06-10 12:15:00,Completed,Attended,2025-07-14,78,Passed
1801,5082,1497,2025-06-20 15:30:00,Completed,Attended,2025-07-14,72,Passed
1802,5082,1372,2025-06-17 12:30:00,Completed,Attended,2025-07-14,76,Passed
1803,5082,1405,2025-06-06 15:00:00,Completed,Attended,2025-07-14,46,Failed
1804,5082,2014,2025-06-22 16:00:00,NoShow,Absent,,,NotAssessed
1805,5083,1029,2025-12-12 14:45:00,Cancelled,NotApplicable,,,NotAssessed
1806,5083,1256,2025-12-10 14:30:00,Cancelled,NotApplicable,,,NotAssessed
1807,5083,1418,2025-11-28 10:00:00,Cancelled,NotApplicable,,,NotAssessed
1808,5083,1164,2025-11-17 08:15:00,Cancelled,NotApplicable,,,NotAssessed
1809,5083,1202,2025-12-19 14:15:00,Cancelled,NotApplicable,,,NotAssessed
1810,5083,1146,2025-12-11 16:00:00,Cancelled,NotApplicable,,,NotAssessed
1811,5083,1020,2025-12-15 12:30:00,Cancelled,NotApplicable,,,NotAssessed
1812,5084,1190,2026-05-23 11:30:00,Completed,Attended,2026-07-09,91,Passed
1813,5084,1261,2026-06-13 10:00:00,Completed,Attended,2026-07-09,73,Passed
1814,5084,1011,2026-06-12 16:00:00,Completed,Attended,2026-07-09,93,Passed
1815,5084,1076,2026-06-02 16:00:00,Completed,Attended,2026-07-09,76,Passed
1816,5084,1015,2026-06-23 16:00:00,Completed,Attended,2026-07-09,82,Passed
1817,5084,1085,2026-05-28 13:45:00,Completed,Attended,2026-07-09,63,Failed
1818,5085,2051,2025-09-04 08:15:00,Completed,Attended,2025-10-14,80,Passed
1819,5085,1667,2025-09-18 13:00:00,Completed,Attended,2025-10-14,76,Passed
1820,5085,2054,2025-09-25 08:45:00,NoShow,Absent,,,NotAssessed
1821,5085,2057,2025-09-13 12:45:00,Completed,Attended,2025-10-14,84,Passed
1822,5085,2059,2025-10-05 09:30:00,Completed,Attended,2025-10-14,76,Passed
1823,5085,2061,2025-08-22 09:30:00,Completed,Attended,2025-10-14,81,Passed
1824,5085,2062,2025-09-01 12:00:00,Completed,Attended,2025-10-14,72,Passed
1825,5085,2068,2025-08-28 15:30:00,Completed,Attended,2025-10-14,78,Passed
1826,5085,2072,2025-08-31 16:15:00,Completed,Attended,2025-10-14,80,Passed
1827,5085,2075,2025-09-03 16:45:00,Completed,Attended,2025-10-14,76,Passed
1828,5085,2083,2025-09-23 16:00:00,Completed,Attended,2025-10-14,79,Passed
1829,5085,2095,2025-08-21 08:30:00,Completed,Attended,2025-10-14,80,Passed
1830,5085,2096,2025-09-03 14:00:00,Completed,Attended,2025-10-14,61,Failed
1831,5085,2099,2025-08-30 10:15:00,NoShow,Absent,,,NotAssessed
1832,5085,1372,2025-09-25 13:30:00,Completed,Attended,2025-10-14,93,Passed
1833,5085,2028,2025-09-07 11:00:00,Cancelled,NotApplicable,,,NotAssessed
1834,5085,2031,2025-09-13 12:15:00,Completed,Attended,2025-10-14,76,Passed
1835,5085,2032,2025-10-03 09:45:00,Completed,Attended,2025-10-14,77,Passed
1836,5085,1910,2025-09-16 08:45:00,Cancelled,NotApplicable,,,NotAssessed
1837,5085,2039,2025-09-04 13:45:00,Completed,Attended,2025-10-14,86,Passed
1838,5086,1926,2024-11-18 12:45:00,Cancelled,NotApplicable,,,NotAssessed
1839,5086,1927,2024-11-22 14:30:00,Completed,Attended,2025-01-12,86,Passed
1840,5086,1931,2024-12-05 13:00:00,Cancelled,NotApplicable,,,NotAssessed
1841,5086,1932,2024-11-20 15:15:00,Completed,Attended,2025-01-12,70,Passed
1842,5086,2067,2024-12-12 15:00:00,Completed,Attended,2025-01-12,72,Passed
1843,5086,2068,2024-12-24 13:30:00,Completed,Attended,2025-01-12,98,Passed
1844,5086,1690,2024-12-12 16:15:00,Completed,Attended,2025-01-12,81,Passed
1845,5086,1569,2024-12-19 10:45:00,Completed,Attended,2025-01-12,91,Passed
1846,5086,1957,2024-12-03 14:00:00,Completed,Attended,2025-01-12,90,Passed
1847,5086,1575,2024-12-30 14:00:00,Cancelled,NotApplicable,,,NotAssessed
1848,5086,1835,2024-12-06 09:15:00,Cancelled,NotApplicable,,,NotAssessed
1849,5086,1966,2024-12-09 15:30:00,Completed,Attended,2025-01-12,55,Failed
1850,5086,1970,2025-01-01 12:00:00,Completed,Attended,2025-01-12,91,Passed
1851,5086,1975,2024-12-01 12:30:00,Completed,Attended,2025-01-12,66,Failed
1852,5086,1980,2024-12-05 11:30:00,Completed,Attended,2025-01-12,91,Passed
1853,5086,1982,2024-12-26 13:00:00,Completed,Attended,2025-01-12,85,Passed
1854,5086,1985,2024-12-02 11:15:00,Completed,Attended,2025-01-12,69,Failed
1855,5086,1989,2024-11-25 09:15:00,Completed,Attended,2025-01-12,82,Passed
1856,5086,2003,2024-12-23 13:45:00,Completed,Attended,2025-01-12,74,Passed
1857,5086,2005,2024-11-18 15:00:00,Completed,Attended,2025-01-12,77,Passed
1858,5086,1114,2024-12-12 13:30:00,Completed,Attended,2025-01-12,83,Passed
1859,5086,2013,2024-12-07 10:30:00,Cancelled,NotApplicable,,,NotAssessed
1860,5086,2014,2024-11-30 13:30:00,Completed,Attended,2025-01-12,95,Passed
1861,5086,2017,2024-12-10 13:45:00,Completed,Attended,2025-01-12,68,Failed
1862,5086,2019,2024-12-19 12:30:00,NoShow,Absent,,,NotAssessed
1863,5086,2020,2024-12-24 08:30:00,Completed,Attended,2025-01-12,86,Passed
1864,5086,1519,2024-12-05 13:15:00,Completed,Attended,2025-01-12,90,Passed
1865,5086,1903,2024-11-29 10:00:00,NoShow,Absent,,,NotAssessed
1866,5086,1649,2024-11-19 09:30:00,Cancelled,NotApplicable,,,NotAssessed
1867,5086,1009,2024-11-19 13:15:00,Completed,Attended,2025-01-12,70,Passed
1868,5086,1912,2024-12-28 16:15:00,Completed,Attended,2025-01-12,72,Passed
1869,5086,1917,2024-12-19 16:45:00,Completed,Attended,2025-01-12,74,Passed
1870,5087,1472,2026-01-12 15:15:00,NoShow,Absent,,,NotAssessed
1871,5087,1441,2025-11-29 10:00:00,Completed,Attended,2026-01-20,76,Passed
1872,5087,1123,2025-12-27 16:00:00,Completed,Attended,2026-01-20,96,Passed
1873,5087,1353,2026-01-06 12:30:00,InProgress,Attended,,,NotAssessed
1874,5087,1361,2025-12-10 10:30:00,Completed,Attended,2026-01-20,77,Passed
1875,5087,1810,2026-01-05 16:15:00,NoShow,Absent,,,NotAssessed
1876,5087,1747,2026-01-02 10:00:00,InProgress,Attended,,,NotAssessed
1877,5087,1817,2025-12-06 16:00:00,Completed,Attended,2026-01-20,71,Passed
1878,5087,1435,2025-12-26 12:45:00,Completed,Attended,2026-01-20,75,Passed
1879,5087,1342,2025-12-11 08:00:00,Completed,Attended,2026-01-20,84,Passed
1880,5088,1280,2025-05-13 09:45:00,Completed,Attended,2025-06-23,88,Passed
1881,5088,2049,2025-06-13 11:15:00,Cancelled,NotApplicable,,,NotAssessed
1882,5088,2055,2025-05-24 14:00:00,NoShow,Absent,,,NotAssessed
1883,5088,2057,2025-05-18 11:15:00,NoShow,Absent,,,NotAssessed
1884,5088,2058,2025-06-05 15:45:00,Completed,Attended,2025-06-23,88,Passed
1885,5088,1420,2025-05-24 12:15:00,NoShow,Absent,,,NotAssessed
1886,5088,2061,2025-05-27 11:45:00,InProgress,Attended,,,NotAssessed
1887,5088,2063,2025-06-11 16:15:00,Completed,Attended,2025-06-23,83,Passed
1888,5088,2065,2025-05-22 11:45:00,Cancelled,NotApplicable,,,NotAssessed
1889,5088,2068,2025-05-10 14:30:00,Completed,Attended,2025-06-23,57,Failed
1890,5088,2071,2025-06-01 15:15:00,InProgress,Attended,,,NotAssessed
1891,5088,2076,2025-06-12 14:30:00,Completed,Attended,2025-06-23,82,Passed
1892,5088,1184,2025-05-13 14:45:00,Completed,Attended,2025-06-23,81,Passed
1893,5088,2082,2025-05-27 10:00:00,NoShow,Absent,,,NotAssessed
1894,5088,1574,2025-05-29 16:45:00,Completed,Attended,2025-06-23,81,Passed
1895,5088,2089,2025-05-01 10:15:00,InProgress,Attended,,,NotAssessed
1896,5088,2091,2025-06-07 12:45:00,InProgress,Attended,,,NotAssessed
1897,5088,2100,2025-05-02 16:00:00,Completed,Attended,2025-06-23,56,Failed
1898,5088,1077,2025-05-25 14:45:00,NoShow,Absent,,,NotAssessed
1899,5088,1980,2025-06-06 10:45:00,Completed,Attended,2025-06-23,57,Failed
1900,5088,1600,2025-05-25 09:30:00,Completed,Attended,2025-06-23,81,Passed
1901,5088,1092,2025-05-14 16:00:00,Completed,Attended,2025-06-23,67,Failed
1902,5088,1887,2025-05-13 12:45:00,Completed,Attended,2025-06-23,74,Passed
1903,5088,2021,2025-04-30 12:30:00,Completed,Attended,2025-06-23,70,Passed
1904,5088,2023,2025-05-26 16:30:00,Completed,Attended,2025-06-23,65,Failed
1905,5088,2024,2025-06-06 13:00:00,Cancelled,NotApplicable,,,NotAssessed
1906,5088,2031,2025-06-06 11:30:00,InProgress,Attended,,,NotAssessed
1907,5088,2035,2025-05-03 13:00:00,Cancelled,NotApplicable,,,NotAssessed
1908,5088,1908,2025-05-14 14:30:00,Completed,Attended,2025-06-23,94,Passed
1909,5088,1912,2025-05-30 15:45:00,Completed,Attended,2025-06-23,79,Passed
1910,5088,2046,2025-04-29 16:00:00,InProgress,Attended,,,NotAssessed
1911,5089,1410,2025-05-19 08:30:00,Completed,Attended,2025-07-13,84,Passed
1912,5089,2052,2025-07-04 14:00:00,Completed,Attended,2025-07-13,97,Passed
1913,5089,1541,2025-06-16 11:45:00,Completed,Attended,2025-07-13,64,Failed
1914,5089,1413,2025-07-05 16:30:00,Completed,Attended,2025-07-13,78,Passed
1915,5089,1029,2025-06-11 13:15:00,Completed,Attended,2025-07-13,77,Passed
1916,5089,1420,2025-06-01 11:45:00,Completed,Attended,2025-07-13,90,Passed
1917,5089,1553,2025-06-14 14:00:00,Completed,Attended,2025-07-13,82,Passed
1918,5089,1554,2025-05-27 10:30:00,Completed,Attended,2025-07-13,81,Passed
1919,5089,1427,2025-06-10 14:00:00,Completed,Attended,2025-07-13,72,Passed
1920,5089,1301,2025-05-31 08:45:00,Completed,Attended,2025-07-13,92,Passed
1921,5089,1305,2025-05-23 08:30:00,NoShow,Absent,,,NotAssessed
1922,5089,1563,2025-06-18 12:30:00,Completed,Attended,2025-07-13,92,Passed
1923,5089,1439,2025-06-07 14:00:00,Cancelled,NotApplicable,,,NotAssessed
1924,5089,1440,2025-05-23 16:00:00,Completed,Attended,2025-07-13,66,Failed
1925,5089,1313,2025-06-08 10:30:00,Completed,Attended,2025-07-13,62,Failed
1926,5089,2080,2025-07-03 08:15:00,Completed,Attended,2025-07-13,95,Passed
1927,5089,1442,2025-06-08 08:30:00,Completed,Attended,2025-07-13,71,Passed
1928,5089,1447,2025-05-22 14:15:00,Completed,Attended,2025-07-13,66,Failed
1929,5089,1451,2025-06-15 16:30:00,Completed,Attended,2025-07-13,79,Passed
1930,5089,1475,2025-06-22 14:00:00,Completed,Attended,2025-07-13,85,Passed
1931,5089,1476,2025-06-02 09:45:00,Completed,Attended,2025-07-13,76,Passed
1932,5089,1479,2025-05-28 13:15:00,Completed,Attended,2025-07-13,87,Passed
1933,5089,1484,2025-06-17 15:45:00,Completed,Attended,2025-07-13,59,Failed
1934,5089,1356,2025-05-20 11:00:00,Completed,Attended,2025-07-13,70,Passed
1935,5089,1361,2025-06-10 15:00:00,Completed,Attended,2025-07-13,75,Passed
1936,5089,1372,2025-07-01 09:00:00,Completed,Attended,2025-07-13,91,Passed
1937,5089,1640,2025-07-02 11:00:00,Completed,Attended,2025-07-13,72,Passed
1938,5089,1518,2025-06-05 09:00:00,Completed,Attended,2025-07-13,67,Failed
1939,5089,2033,2025-06-19 08:00:00,Completed,Attended,2025-07-13,74,Passed
1940,5089,1777,2025-07-02 16:45:00,NoShow,Absent,,,NotAssessed
1941,5089,1267,2025-06-14 10:45:00,Completed,Attended,2025-07-13,73,Passed
1942,5089,1400,2025-06-11 13:15:00,Completed,Attended,2025-07-13,58,Failed
1943,5089,2042,2025-07-04 08:30:00,Completed,Attended,2025-07-13,45,Failed
1944,5089,1407,2025-05-26 09:00:00,Completed,Attended,2025-07-13,71,Passed
1945,5090,2048,2025-02-02 14:30:00,Completed,Attended,2025-03-30,69,Failed
1946,5090,2049,2025-02-04 12:30:00,Completed,Attended,2025-03-30,66,Failed
1947,5090,2052,2025-02-14 11:15:00,Completed,Attended,2025-03-30,69,Failed
1948,5090,2057,2025-03-22 12:15:00,Completed,Attended,2025-03-30,84,Passed
1949,5090,1036,2025-02-21 09:45:00,Completed,Attended,2025-03-30,64,Failed
1950,5090,2070,2025-02-15 15:15:00,Completed,Attended,2025-03-30,79,Passed
1951,5090,2071,2025-03-20 13:15:00,Completed,Attended,2025-03-30,70,Passed
1952,5090,1434,2025-03-16 13:45:00,Completed,Attended,2025-03-30,54,Failed
1953,5090,2077,2025-02-26 11:00:00,Completed,Attended,2025-03-30,69,Failed
1954,5090,2080,2025-02-05 10:30:00,Completed,Attended,2025-03-30,60,Failed
1955,5090,2081,2025-02-20 11:15:00,Completed,Attended,2025-03-30,77,Passed
1956,5090,2084,2025-02-19 13:45:00,Completed,Attended,2025-03-30,72,Passed
1957,5090,2091,2025-03-07 14:00:00,InProgress,Attended,,,NotAssessed
1958,5090,2092,2025-02-04 11:45:00,Cancelled,NotApplicable,,,NotAssessed
1959,5090,1965,2025-03-02 16:00:00,Completed,Attended,2025-03-30,76,Passed
1960,5090,2094,2025-03-14 13:30:00,Completed,Attended,2025-03-30,69,Failed
1961,5090,2093,2025-02-03 10:30:00,Completed,Attended,2025-03-30,84,Passed
1962,5090,2095,2025-03-13 13:30:00,Completed,Attended,2025-03-30,83,Passed
1963,5090,2097,2025-02-28 11:30:00,Completed,Attended,2025-03-30,82,Passed
1964,5090,2098,2025-02-03 11:00:00,Completed,Attended,2025-03-30,69,Failed
1965,5090,1604,2025-03-21 14:15:00,InProgress,Attended,,,NotAssessed
1966,5090,1231,2025-03-11 12:15:00,Completed,Attended,2025-03-30,82,Passed
1967,5090,1234,2025-02-06 13:45:00,Completed,Attended,2025-03-30,60,Failed
1968,5090,1368,2025-02-04 11:00:00,NoShow,Absent,,,NotAssessed
1969,5090,2022,2025-03-01 15:15:00,Completed,Attended,2025-03-30,89,Passed
1970,5090,2027,2025-02-15 13:00:00,Completed,Attended,2025-03-30,77,Passed
1971,5090,2028,2025-02-17 10:00:00,Completed,Attended,2025-03-30,81,Passed
1972,5091,1536,2025-10-01 15:45:00,Completed,Attended,2025-11-14,76,Passed
1973,5091,1513,2025-11-05 14:15:00,Completed,Attended,2025-11-14,61,Failed
1974,5091,1898,2025-10-17 09:45:00,Completed,Attended,2025-11-14,74,Passed
1975,5091,1465,2025-10-08 12:45:00,Completed,Attended,2025-11-14,95,Passed
1976,5091,1324,2025-11-05 15:45:00,InProgress,Attended,,,NotAssessed
1977,5091,1741,2025-09-21 11:30:00,InProgress,Attended,,,NotAssessed
1978,5091,2028,2025-09-23 14:30:00,Completed,Attended,2025-11-14,92,Passed
1979,5091,1391,2025-09-29 12:15:00,Completed,Attended,2025-11-14,81,Passed
1980,5091,1423,2025-09-20 08:00:00,Completed,Attended,2025-11-14,74,Passed
1981,5091,1461,2025-11-03 09:45:00,Completed,Attended,2025-11-14,82,Passed
1982,5091,1305,2025-10-14 08:15:00,Completed,Attended,2025-11-14,93,Passed
1983,5091,1439,2025-11-04 13:15:00,InProgress,Attended,,,NotAssessed
1984,5092,1152,2025-11-29 09:45:00,Completed,Attended,2026-01-04,74,Passed
1985,5092,1027,2025-11-27 10:00:00,Completed,Attended,2026-01-04,79,Passed
1986,5092,2061,2025-12-19 12:00:00,NoShow,Absent,,,NotAssessed
1987,5092,1296,2025-11-20 16:15:00,Completed,Attended,2026-01-04,81,Passed
1988,5092,2066,2025-11-13 14:30:00,Completed,Attended,2026-01-04,80,Passed
1989,5092,1171,2025-12-21 12:45:00,Completed,Attended,2026-01-04,93,Passed
1990,5092,1151,2025-11-25 08:45:00,Completed,Attended,2026-01-04,82,Passed
1991,5092,1571,2025-11-16 08:15:00,Completed,Attended,2026-01-04,99,Passed
1992,5092,1188,2025-12-13 15:00:00,Completed,Attended,2026-01-04,72,Passed
1993,5092,1067,2025-11-26 16:15:00,Completed,Attended,2026-01-04,75,Passed
1994,5092,1068,2025-11-12 08:15:00,Completed,Attended,2026-01-04,67,Failed
1995,5092,1198,2025-12-14 11:30:00,NoShow,Absent,,,NotAssessed
1996,5092,1714,2025-11-16 09:00:00,Completed,Attended,2026-01-04,78,Passed
1997,5092,1215,2025-11-26 09:30:00,Completed,Attended,2026-01-04,86,Passed
1998,5092,1090,2025-12-23 12:00:00,Completed,Attended,2026-01-04,82,Passed
1999,5092,1478,2025-12-08 14:00:00,Completed,Attended,2026-01-04,84,Passed
2000,5092,1225,2025-12-13 11:30:00,Completed,Attended,2026-01-04,64,Failed
2001,5092,1228,2025-11-24 14:15:00,Completed,Attended,2026-01-04,55,Failed
2002,5092,1230,2025-11-15 08:15:00,Completed,Attended,2026-01-04,90,Passed
2003,5092,2001,2025-12-06 11:30:00,Completed,Attended,2026-01-04,91,Passed
2004,5092,1618,2025-12-22 16:30:00,Completed,Attended,2026-01-04,84,Passed
2005,5092,1112,2025-11-17 14:30:00,Completed,Attended,2026-01-04,83,Passed
2006,5092,1625,2025-12-01 09:45:00,Cancelled,NotApplicable,,,NotAssessed
2007,5092,1241,2025-12-17 15:30:00,NoShow,Absent,,,NotAssessed
2008,5092,1115,2025-12-10 15:30:00,Completed,Attended,2026-01-04,64,Failed
2009,5092,1119,2025-12-06 12:00:00,Completed,Attended,2026-01-04,65,Failed
2010,5092,1149,2025-12-07 09:00:00,NoShow,Absent,,,NotAssessed
2011,5092,1279,2025-12-22 12:15:00,Completed,Attended,2026-01-04,82,Passed
2012,5093,1815,2025-05-11 16:15:00,Completed,Attended,2025-07-06,65,Failed
2013,5093,1822,2025-05-24 08:15:00,Completed,Attended,2025-07-06,83,Passed
2014,5093,1701,2025-06-04 11:15:00,Completed,Attended,2025-07-06,83,Passed
2015,5093,1961,2025-06-17 08:15:00,Completed,Attended,2025-07-06,68,Failed
2016,5093,1849,2025-05-23 16:00:00,Cancelled,NotApplicable,,,NotAssessed
2017,5093,1721,2025-05-28 11:30:00,Completed,Attended,2025-07-06,80,Passed
2018,5093,1729,2025-06-24 08:15:00,Completed,Attended,2025-07-06,84,Passed
2019,5093,1731,2025-05-17 14:15:00,Completed,Attended,2025-07-06,100,Passed
2020,5093,1859,2025-06-03 15:15:00,Completed,Attended,2025-07-06,83,Passed
2021,5093,1732,2025-06-10 09:45:00,NoShow,Absent,,,NotAssessed
2022,5093,1232,2025-06-21 14:00:00,Completed,Attended,2025-07-06,80,Passed
2023,5093,1746,2025-06-07 12:00:00,Completed,Attended,2025-07-06,73,Passed
2024,5093,1749,2025-05-11 16:45:00,NoShow,Absent,,,NotAssessed
2025,5093,1751,2025-05-14 13:15:00,Completed,Attended,2025-07-06,75,Passed
2026,5093,1882,2025-06-25 15:45:00,Completed,Attended,2025-07-06,71,Passed
2027,5093,1757,2025-06-14 11:30:00,Completed,Attended,2025-07-06,76,Passed
2028,5093,1760,2025-06-05 10:00:00,NoShow,Absent,,,NotAssessed
2029,5093,1889,2025-06-22 14:30:00,Completed,Attended,2025-07-06,71,Passed
2030,5093,1761,2025-06-07 10:30:00,Completed,Attended,2025-07-06,83,Passed
2031,5093,1891,2025-06-01 13:00:00,Completed,Attended,2025-07-06,73,Passed
2032,5093,1893,2025-05-24 15:15:00,Completed,Attended,2025-07-06,85,Passed
2033,5093,1771,2025-05-31 15:15:00,InProgress,Attended,,,NotAssessed
2034,5093,2031,2025-05-23 09:45:00,Completed,Attended,2025-07-06,73,Passed
2035,5093,1783,2025-06-09 11:30:00,Completed,Attended,2025-07-06,74,Passed
2036,5093,1784,2025-06-20 12:15:00,Completed,Attended,2025-07-06,80,Passed
2037,5093,1789,2025-05-14 14:45:00,Completed,Attended,2025-07-06,100,Passed
2038,5094,1682,2026-02-18 12:15:00,InProgress,Attended,,,NotAssessed
2039,5094,1435,2026-03-21 10:00:00,Completed,Attended,2026-03-29,91,Passed
2040,5094,1436,2026-02-21 15:30:00,Completed,Attended,2026-03-29,58,Failed
2041,5094,1440,2026-02-18 09:00:00,Completed,Attended,2026-03-29,95,Passed
2042,5094,1312,2026-02-13 09:15:00,Completed,Attended,2026-03-29,72,Passed
2043,5094,1453,2026-02-18 14:15:00,Completed,Attended,2026-03-29,73,Passed
2044,5094,1455,2026-03-06 14:30:00,Completed,Attended,2026-03-29,100,Passed
2045,5094,1464,2026-03-04 11:30:00,Completed,Attended,2026-03-29,75,Passed
2046,5094,1338,2026-02-27 16:30:00,Completed,Attended,2026-03-29,74,Passed
2047,5094,1855,2026-03-22 10:30:00,Completed,Attended,2026-03-29,54,Failed
2048,5094,1353,2026-03-17 13:30:00,Completed,Attended,2026-03-29,72,Passed
2049,5094,1483,2026-03-03 10:15:00,InProgress,Attended,,,NotAssessed
2050,5094,1358,2026-03-14 11:00:00,Completed,Attended,2026-03-29,82,Passed
2051,5094,2003,2026-03-04 12:00:00,NoShow,Absent,,,NotAssessed
2052,5094,1492,2026-03-22 10:45:00,Completed,Attended,2026-03-29,96,Passed
2053,5094,1497,2026-02-16 09:30:00,InProgress,Attended,,,NotAssessed
2054,5094,1251,2026-02-09 14:15:00,Completed,Attended,2026-03-29,90,Passed
2055,5094,1382,2026-03-04 10:45:00,Cancelled,NotApplicable,,,NotAssessed
2056,5094,1383,2026-02-13 14:30:00,Completed,Attended,2026-03-29,57,Failed
2057,5094,1399,2026-03-07 14:15:00,Completed,Attended,2026-03-29,72,Passed
2058,5094,1401,2026-03-16 09:30:00,Completed,Attended,2026-03-29,58,Failed
2059,5094,1402,2026-03-13 16:15:00,Completed,Attended,2026-03-29,91,Passed
2060,5094,1403,2026-03-05 11:45:00,Completed,Attended,2026-03-29,89,Passed
2061,5095,1463,2025-03-30 10:15:00,Completed,Attended,2025-05-03,76,Passed
2062,5095,1443,2025-03-30 11:15:00,Completed,Attended,2025-05-03,78,Passed
2063,5095,1315,2025-03-14 10:15:00,Completed,Attended,2025-05-03,70,Passed
2064,5095,1511,2025-03-19 09:15:00,Completed,Attended,2025-05-03,87,Passed
2065,5095,1513,2025-04-21 11:15:00,NoShow,Absent,,,NotAssessed
2066,5095,1481,2025-04-25 08:45:00,Completed,Attended,2025-05-03,77,Passed
2067,5095,1417,2025-04-21 15:30:00,Completed,Attended,2025-05-03,69,Failed
2068,5095,1484,2025-04-11 15:30:00,Completed,Attended,2025-05-03,90,Passed
2069,5095,1641,2025-04-12 10:30:00,Completed,Attended,2025-05-03,83,Passed
2070,5095,1422,2025-03-11 15:45:00,Cancelled,NotApplicable,,,NotAssessed
2071,5095,1391,2025-04-09 08:15:00,Completed,Attended,2025-05-03,81,Passed
2072,5095,1328,2025-03-21 15:15:00,Cancelled,NotApplicable,,,NotAssessed
2073,5095,1423,2025-04-25 13:15:00,Completed,Attended,2025-05-03,63,Failed
2074,5095,1354,2025-03-19 16:30:00,Completed,Attended,2025-05-03,95,Passed
2075,5095,1491,2025-04-11 14:15:00,Completed,Attended,2025-05-03,62,Failed
2076,5095,2039,2025-04-06 16:30:00,Completed,Attended,2025-05-03,71,Passed
2077,5096,1537,2025-03-27 12:00:00,Completed,Attended,2025-05-01,70,Passed
2078,5096,2049,2025-03-25 16:15:00,Completed,Attended,2025-05-01,72,Passed
2079,5096,1545,2025-03-28 14:45:00,Completed,Attended,2025-05-01,77,Passed
2080,5096,1680,2025-03-30 15:45:00,Completed,Attended,2025-05-01,76,Passed
2081,5096,1684,2025-03-17 14:30:00,Completed,Attended,2025-05-01,87,Passed
2082,5096,1562,2025-03-20 16:00:00,Completed,Attended,2025-05-01,76,Passed
2083,5096,1696,2025-04-21 15:00:00,NoShow,Absent,,,NotAssessed
2084,5096,1959,2025-04-07 16:30:00,Completed,Attended,2025-05-01,82,Passed
2085,5096,1703,2025-03-29 10:45:00,Completed,Attended,2025-05-01,78,Passed
2086,5096,1201,2025-03-08 08:45:00,Completed,Attended,2025-05-01,90,Passed
2087,5096,1714,2025-04-10 16:00:00,Completed,Attended,2025-05-01,85,Passed
2088,5096,2098,2025-03-05 09:45:00,Cancelled,NotApplicable,,,NotAssessed
2089,5096,1594,2025-03-25 12:45:00,InProgress,Attended,,,NotAssessed
2090,5096,2008,2025-04-09 14:00:00,Cancelled,NotApplicable,,,NotAssessed
2091,5096,2013,2025-03-21 14:30:00,Completed,Attended,2025-05-01,88,Passed
2092,5096,1633,2025-04-17 11:15:00,Completed,Attended,2025-05-01,75,Passed
2093,5096,1638,2025-04-09 13:00:00,Completed,Attended,2025-05-01,96,Passed
2094,5096,1649,2025-03-07 14:45:00,Cancelled,NotApplicable,,,NotAssessed
2095,5096,1522,2025-04-19 12:15:00,InProgress,Attended,,,NotAssessed
2096,5096,2035,2025-03-31 09:00:00,Completed,Attended,2025-05-01,70,Passed
2097,5096,1521,2025-04-15 10:15:00,Completed,Attended,2025-05-01,58,Failed
2098,5096,1654,2025-04-10 13:45:00,Completed,Attended,2025-05-01,79,Passed
2099,5096,1913,2025-04-20 14:30:00,Completed,Attended,2025-05-01,89,Passed
2100,5096,1918,2025-03-27 08:15:00,Completed,Attended,2025-05-01,87,Passed
2101,5097,1923,2025-09-12 15:30:00,Completed,Attended,2025-10-24,64,Failed
2102,5097,1670,2025-09-13 12:30:00,InProgress,Attended,,,NotAssessed
2103,5097,2055,2025-10-02 14:15:00,Completed,Attended,2025-10-24,66,Failed
2104,5097,2063,2025-09-25 11:45:00,Completed,Attended,2025-10-24,100,Passed
2105,5097,1429,2025-10-01 10:45:00,Completed,Attended,2025-10-24,84,Passed
2106,5097,1432,2025-09-28 15:45:00,Completed,Attended,2025-10-24,83,Passed
2107,5097,1435,2025-10-09 12:45:00,Completed,Attended,2025-10-24,77,Passed
2108,5097,1309,2025-10-06 12:45:00,Completed,Attended,2025-10-24,73,Passed
2109,5097,1694,2025-09-04 16:15:00,Completed,Attended,2025-10-24,74,Passed
2110,5097,1311,2025-10-06 10:45:00,Completed,Attended,2025-10-24,94,Passed
2111,5097,1318,2025-09-05 12:15:00,Completed,Attended,2025-10-24,80,Passed
2112,5097,1830,2025-10-13 13:00:00,Completed,Attended,2025-10-24,82,Passed
2113,5097,1449,2025-09-05 10:00:00,Completed,Attended,2025-10-24,78,Passed
2114,5097,1579,2025-10-15 15:30:00,Completed,Attended,2025-10-24,93,Passed
2115,5097,1325,2025-10-07 12:00:00,Completed,Attended,2025-10-24,88,Passed
2116,5097,1453,2025-10-09 12:15:00,Completed,Attended,2025-10-24,73,Passed
2117,5097,1455,2025-10-01 08:00:00,Completed,Attended,2025-10-24,74,Passed
2118,5097,1969,2025-09-05 16:30:00,Completed,Attended,2025-10-24,72,Passed
2119,5097,1459,2025-09-30 10:30:00,Completed,Attended,2025-10-24,73,Passed
2120,5097,1332,2025-10-03 15:30:00,Completed,Attended,2025-10-24,96,Passed
2121,5097,1460,2025-09-14 13:00:00,Completed,Attended,2025-10-24,79,Passed
2122,5097,1336,2025-09-30 10:15:00,Completed,Attended,2025-10-24,85,Passed
2123,5097,1340,2025-09-06 10:30:00,Completed,Attended,2025-10-24,88,Passed
2124,5097,1603,2025-10-13 16:30:00,Completed,Attended,2025-10-24,84,Passed
2125,5097,1476,2025-09-23 14:00:00,Completed,Attended,2025-10-24,61,Failed
2126,5097,1865,2025-10-02 12:00:00,Completed,Attended,2025-10-24,65,Failed
2127,5097,1358,2025-09-27 09:15:00,Completed,Attended,2025-10-24,79,Passed
2128,5097,1360,2025-09-02 13:00:00,Completed,Attended,2025-10-24,89,Passed
2129,5097,1489,2025-09-18 14:00:00,Completed,Attended,2025-10-24,77,Passed
2130,5097,1618,2025-10-03 11:30:00,Completed,Attended,2025-10-24,67,Failed
2131,5097,1364,2025-10-07 08:30:00,Completed,Attended,2025-10-24,81,Passed
2132,5097,1495,2025-09-02 12:15:00,InProgress,Attended,,,NotAssessed
2133,5097,1368,2025-09-24 16:00:00,Completed,Attended,2025-10-24,85,Passed
2134,5097,1499,2025-10-11 09:15:00,InProgress,Attended,,,NotAssessed
2135,5097,1505,2025-09-26 12:15:00,Completed,Attended,2025-10-24,64,Failed
2136,5097,1508,2025-08-31 15:45:00,Completed,Attended,2025-10-24,82,Passed
2137,5097,1765,2025-09-12 15:00:00,Completed,Attended,2025-10-24,72,Passed
2138,5097,1382,2025-09-20 11:00:00,Completed,Attended,2025-10-24,87,Passed
2139,5097,1512,2025-09-03 13:00:00,Completed,Attended,2025-10-24,48,Failed
2140,5097,1387,2025-09-26 14:00:00,Completed,Attended,2025-10-24,61,Failed
2141,5097,1391,2025-10-05 13:00:00,Completed,Attended,2025-10-24,82,Passed
2142,5097,1648,2025-09-06 10:15:00,InProgress,Attended,,,NotAssessed
2143,5097,1905,2025-10-17 10:00:00,Completed,Attended,2025-10-24,82,Passed
2144,5097,1394,2025-09-30 15:45:00,Completed,Attended,2025-10-24,72,Passed
2145,5097,1397,2025-10-16 13:45:00,Completed,Attended,2025-10-24,68,Failed
2146,5097,1917,2025-09-09 13:45:00,Completed,Attended,2025-10-24,74,Passed
2147,5097,1407,2025-09-11 08:00:00,Completed,Attended,2025-10-24,80,Passed
2148,5098,1932,2025-12-31 10:15:00,Completed,Attended,2026-02-16,79,Passed
2149,5098,1422,2026-02-01 13:00:00,Cancelled,NotApplicable,,,NotAssessed
2150,5098,1403,2026-01-16 13:15:00,Completed,Attended,2026-02-16,68,Failed
2151,5098,1302,2026-01-21 15:00:00,Completed,Attended,2026-02-16,61,Failed
2152,5098,1303,2026-01-08 14:15:00,Completed,Attended,2026-02-16,94,Passed
2153,5098,1434,2026-01-13 14:45:00,NoShow,Absent,,,NotAssessed
2154,5098,1440,2026-01-31 14:30:00,Completed,Attended,2026-02-16,74,Passed
2155,5098,1442,2025-12-23 10:45:00,Cancelled,NotApplicable,,,NotAssessed
2156,5098,1314,2026-01-12 14:15:00,Completed,Attended,2026-02-16,76,Passed
2157,5098,1444,2026-02-01 09:30:00,Completed,Attended,2026-02-16,78,Passed
2158,5098,1316,2025-12-27 12:30:00,Cancelled,NotApplicable,,,NotAssessed
2159,5098,1443,2025-12-26 16:00:00,Completed,Attended,2026-02-16,71,Passed
2160,5098,1319,2026-01-21 13:00:00,Completed,Attended,2026-02-16,100,Passed
2161,5098,1063,2026-01-21 14:30:00,Cancelled,NotApplicable,,,NotAssessed
2162,5098,1463,2025-12-23 16:45:00,Completed,Attended,2026-02-16,58,Failed
2163,5098,1465,2026-01-28 14:15:00,Completed,Attended,2026-02-16,75,Passed
2164,5098,1337,2026-01-27 13:30:00,Completed,Attended,2026-02-16,69,Failed
2165,5098,1346,2026-01-09 12:00:00,InProgress,Attended,,,NotAssessed
2166,5098,1475,2026-01-03 11:30:00,Completed,Attended,2026-02-16,57,Failed
2167,5098,1489,2026-01-02 12:00:00,InProgress,Attended,,,NotAssessed
2168,5098,1490,2026-01-11 13:45:00,Completed,Attended,2026-02-16,78,Passed
2169,5098,1373,2026-02-03 09:30:00,Completed,Attended,2026-02-16,75,Passed
2170,5098,1375,2026-02-09 13:00:00,Completed,Attended,2026-02-16,90,Passed
2171,5098,1508,2025-12-24 11:15:00,Completed,Attended,2026-02-16,64,Failed
2172,5098,1389,2026-01-25 13:00:00,Completed,Attended,2026-02-16,71,Passed
2173,5098,1912,2026-01-19 16:45:00,Completed,Attended,2026-02-16,62,Failed
2174,5098,2043,2026-01-19 16:15:00,Completed,Attended,2026-02-16,90,Passed
2175,5099,1408,2025-07-22 11:30:00,Completed,Attended,2025-09-06,92,Passed
2176,5099,1428,2025-07-27 13:00:00,Completed,Attended,2025-09-06,61,Failed
2177,5099,1307,2025-07-15 12:15:00,Cancelled,NotApplicable,,,NotAssessed
2178,5099,1564,2025-08-15 16:30:00,InProgress,Attended,,,NotAssessed
2179,5099,2079,2025-08-09 10:45:00,NoShow,Absent,,,NotAssessed
2180,5099,1952,2025-07-26 09:15:00,Completed,Attended,2025-09-06,78,Passed
2181,5099,1441,2025-08-02 09:45:00,Completed,Attended,2025-09-06,88,Passed
2182,5099,1317,2025-08-14 10:00:00,Completed,Attended,2025-09-06,73,Passed
2183,5099,1319,2025-07-18 14:15:00,Completed,Attended,2025-09-06,64,Failed
2184,5099,1448,2025-07-24 09:45:00,Completed,Attended,2025-09-06,67,Failed
2185,5099,1068,2025-07-23 15:00:00,Completed,Attended,2025-09-06,64,Failed
2186,5099,2096,2025-08-24 12:30:00,Completed,Attended,2025-09-06,87,Passed
2187,5099,1843,2025-07-21 12:15:00,Completed,Attended,2025-09-06,76,Passed
2188,5099,1334,2025-08-02 08:15:00,NoShow,Absent,,,NotAssessed
2189,5099,1467,2025-07-25 14:00:00,Completed,Attended,2025-09-06,78,Passed
2190,5099,1350,2025-08-16 11:45:00,NoShow,Absent,,,NotAssessed
2191,5099,1488,2025-08-10 12:30:00,Completed,Attended,2025-09-06,88,Passed
2192,5099,2006,2025-08-27 15:00:00,Completed,Attended,2025-09-06,74,Passed
2193,5099,1371,2025-07-16 11:15:00,Cancelled,NotApplicable,,,NotAssessed
2194,5099,1372,2025-07-26 11:15:00,Cancelled,NotApplicable,,,NotAssessed
2195,5099,1377,2025-08-02 13:15:00,Completed,Attended,2025-09-06,68,Failed
2196,5099,1507,2025-08-15 08:00:00,NoShow,Absent,,,NotAssessed
2197,5099,1380,2025-08-07 08:30:00,Completed,Attended,2025-09-06,79,Passed
2198,5099,2025,2025-08-21 08:30:00,Completed,Attended,2025-09-06,70,Passed
2199,5099,1393,2025-08-05 13:30:00,Completed,Attended,2025-09-06,52,Failed
2200,5099,1402,2025-08-25 13:00:00,Completed,Attended,2025-09-06,100,Passed
2201,5099,1407,2025-08-18 12:45:00,Completed,Attended,2025-09-06,47,Failed
2202,5100,1792,2025-07-29 11:45:00,Completed,Attended,2025-08-26,82,Passed
2203,5100,1801,2025-07-09 11:30:00,Completed,Attended,2025-08-26,81,Passed
2204,5100,1808,2025-08-05 12:45:00,InProgress,Attended,,,NotAssessed
2205,5100,1051,2025-07-26 15:30:00,Completed,Attended,2025-08-26,86,Passed
2206,5100,1833,2025-07-22 16:30:00,Completed,Attended,2025-08-26,78,Passed
2207,5100,1841,2025-08-16 10:45:00,Completed,Attended,2025-08-26,70,Passed
2208,5100,1459,2025-08-13 13:15:00,NoShow,Absent,,,NotAssessed
2209,5100,1338,2025-07-06 09:30:00,NoShow,Absent,,,NotAssessed
2210,5100,1852,2025-07-15 08:00:00,Completed,Attended,2025-08-26,83,Passed
2211,5100,1597,2025-08-09 13:30:00,Completed,Attended,2025-08-26,56,Failed
2212,5100,1856,2025-07-10 16:00:00,Cancelled,NotApplicable,,,NotAssessed
2213,5100,1728,2025-08-12 09:00:00,Completed,Attended,2025-08-26,89,Passed
2214,5100,1858,2025-07-29 08:45:00,Completed,Attended,2025-08-26,67,Failed
2215,5100,1863,2025-07-02 08:00:00,Completed,Attended,2025-08-26,76,Passed
2216,5100,1739,2025-08-14 11:45:00,Completed,Attended,2025-08-26,79,Passed
2217,5100,1868,2025-07-30 09:45:00,Completed,Attended,2025-08-26,71,Passed
2218,5100,1744,2025-08-14 12:15:00,Completed,Attended,2025-08-26,65,Failed
2219,5100,2004,2025-07-30 16:15:00,Cancelled,NotApplicable,,,NotAssessed
2220,5100,1748,2025-07-14 15:15:00,Completed,Attended,2025-08-26,57,Failed
2221,5100,1753,2025-07-28 12:45:00,Completed,Attended,2025-08-26,58,Failed
2222,5100,1754,2025-07-21 08:30:00,Completed,Attended,2025-08-26,77,Passed
2223,5100,1884,2025-07-09 16:45:00,Completed,Attended,2025-08-26,100,Passed
2224,5100,1760,2025-07-29 15:00:00,Cancelled,NotApplicable,,,NotAssessed
2225,5100,1763,2025-07-07 14:00:00,Completed,Attended,2025-08-26,53,Failed
2226,5100,1767,2025-07-05 16:15:00,Completed,Attended,2025-08-26,86,Passed
2227,5100,1780,2025-08-07 13:30:00,Completed,Attended,2025-08-26,81,Passed
2228,5100,1785,2025-07-26 09:15:00,Completed,Attended,2025-08-26,71,Passed
2229,5100,1786,2025-07-15 12:15:00,Completed,Attended,2025-08-26,71,Passed
2230,5100,2045,2025-08-17 10:15:00,Completed,Attended,2025-08-26,78,Passed
2231,5101,1665,2025-04-01 11:30:00,NoShow,Absent,,,NotAssessed
2232,5101,1688,2025-04-03 16:45:00,Completed,Attended,2025-04-28,83,Passed
2233,5101,1563,2025-03-16 11:30:00,NoShow,Absent,,,NotAssessed
2234,5101,2084,2025-04-06 13:45:00,Completed,Attended,2025-04-28,81,Passed
2235,5101,2085,2025-03-18 10:30:00,Completed,Attended,2025-04-28,53,Failed
2236,5101,1704,2025-04-08 14:45:00,Completed,Attended,2025-04-28,80,Passed
2237,5101,1322,2025-04-14 14:15:00,Completed,Attended,2025-04-28,81,Passed
2238,5101,1707,2025-04-12 13:45:00,Completed,Attended,2025-04-28,60,Failed
2239,5101,1718,2025-04-20 08:15:00,Completed,Attended,2025-04-28,92,Passed
2240,5101,1592,2025-03-23 15:15:00,Completed,Attended,2025-04-28,88,Passed
2241,5101,1599,2025-03-08 12:45:00,Completed,Attended,2025-04-28,61,Failed
2242,5101,1219,2025-04-15 13:15:00,Completed,Attended,2025-04-28,66,Failed
2243,5101,1111,2025-04-04 08:30:00,Completed,Attended,2025-04-28,65,Failed
2244,5101,1626,2025-03-30 15:30:00,Cancelled,NotApplicable,,,NotAssessed
2245,5101,1119,2025-03-04 11:45:00,Completed,Attended,2025-04-28,81,Passed
2246,5101,1632,2025-04-09 14:30:00,Completed,Attended,2025-04-28,73,Passed
2247,5101,1636,2025-04-19 09:45:00,Completed,Attended,2025-04-28,79,Passed
2248,5101,1637,2025-03-22 10:15:00,Completed,Attended,2025-04-28,64,Failed
2249,5101,2031,2025-03-14 11:45:00,NoShow,Absent,,,NotAssessed
2250,5101,1648,2025-04-15 12:00:00,Cancelled,NotApplicable,,,NotAssessed
2251,5101,1650,2025-04-16 12:00:00,Completed,Attended,2025-04-28,80,Passed
2252,5101,1654,2025-04-09 08:30:00,NoShow,Absent,,,NotAssessed
2253,5101,1657,2025-04-02 14:15:00,Completed,Attended,2025-04-28,64,Failed
2254,5102,1797,2026-02-06 15:00:00,Completed,Attended,2026-03-25,72,Passed
2255,5102,1931,2026-03-12 13:00:00,Completed,Attended,2026-03-25,53,Failed
2256,5102,1933,2026-02-18 16:15:00,Cancelled,NotApplicable,,,NotAssessed
2257,5102,1935,2026-03-07 11:00:00,Completed,Attended,2026-03-25,72,Passed
2258,5102,1940,2026-03-02 10:45:00,Completed,Attended,2026-03-25,86,Passed
2259,5102,1941,2026-03-06 08:30:00,Completed,Attended,2026-03-25,81,Passed
2260,5102,1950,2026-02-13 10:00:00,Completed,Attended,2026-03-25,64,Failed
2261,5102,1951,2026-03-08 16:15:00,Completed,Attended,2026-03-25,96,Passed
2262,5102,1952,2026-02-23 08:30:00,Completed,Attended,2026-03-25,84,Passed
2263,5102,1954,2026-02-24 14:15:00,Completed,Attended,2026-03-25,95,Passed
2264,5102,1955,2026-02-03 12:00:00,Completed,Attended,2026-03-25,84,Passed
2265,5102,2082,2026-02-10 08:00:00,Completed,Attended,2026-03-25,60,Failed
2266,5102,1967,2026-02-18 12:45:00,Completed,Attended,2026-03-25,78,Passed
2267,5102,1973,2026-03-05 10:15:00,Completed,Attended,2026-03-25,78,Passed
2268,5102,1987,2026-01-29 16:30:00,Completed,Attended,2026-03-25,68,Failed
2269,5102,1990,2026-03-01 14:00:00,Completed,Attended,2026-03-25,74,Passed
2270,5102,2007,2026-02-18 09:15:00,Completed,Attended,2026-03-25,79,Passed
2271,5102,2008,2026-02-20 12:45:00,Completed,Attended,2026-03-25,76,Passed
2272,5102,2010,2026-03-13 12:30:00,Completed,Attended,2026-03-25,85,Passed
2273,5102,1883,2026-03-08 10:30:00,Completed,Attended,2026-03-25,100,Passed
2274,5102,2020,2026-01-29 11:15:00,Completed,Attended,2026-03-25,77,Passed
2275,5102,1901,2026-03-06 08:30:00,Completed,Attended,2026-03-25,82,Passed
2276,5102,1907,2026-02-19 10:00:00,NoShow,Absent,,,NotAssessed
2277,5102,2036,2026-02-23 10:30:00,Completed,Attended,2026-03-25,78,Passed
2278,5102,1915,2026-02-10 16:45:00,Completed,Attended,2026-03-25,79,Passed
2279,5103,1793,2025-08-25 08:45:00,Completed,Attended,2025-10-08,100,Passed
2280,5103,1802,2025-09-12 09:15:00,Completed,Attended,2025-10-08,71,Passed
2281,5103,1816,2025-09-05 09:45:00,Completed,Attended,2025-10-08,93,Passed
2282,5103,1818,2025-08-29 12:00:00,Completed,Attended,2025-10-08,83,Passed
2283,5103,1819,2025-08-13 14:15:00,Completed,Attended,2025-10-08,71,Passed
2284,5103,1825,2025-08-27 15:45:00,Completed,Attended,2025-10-08,88,Passed
2285,5103,1832,2025-09-19 12:45:00,Completed,Attended,2025-10-08,68,Failed
2286,5103,1192,2025-09-27 09:00:00,NoShow,Absent,,,NotAssessed
2287,5103,1834,2025-08-28 08:00:00,Completed,Attended,2025-10-08,89,Passed
2288,5103,1835,2025-09-08 09:30:00,Completed,Attended,2025-10-08,80,Passed
2289,5103,1584,2025-09-15 14:45:00,InProgress,Attended,,,NotAssessed
2290,5103,1844,2025-09-15 14:45:00,Completed,Attended,2025-10-08,77,Passed
2291,5103,1846,2025-09-07 08:45:00,Cancelled,NotApplicable,,,NotAssessed
2292,5103,1847,2025-09-09 08:30:00,InProgress,Attended,,,NotAssessed
2293,5103,1724,2025-09-20 10:45:00,Completed,Attended,2025-10-08,80,Passed
2294,5103,1853,2025-08-22 14:30:00,NoShow,Absent,,,NotAssessed
2295,5103,1856,2025-08-24 14:15:00,Completed,Attended,2025-10-08,81,Passed
2296,5103,1863,2025-09-17 10:00:00,Completed,Attended,2025-10-08,71,Passed
2297,5103,1740,2025-09-01 14:15:00,NoShow,Absent,,,NotAssessed
2298,5103,1741,2025-09-11 11:30:00,Completed,Attended,2025-10-08,69,Failed
2299,5103,1873,2025-09-17 08:30:00,Completed,Attended,2025-10-08,55,Failed
2300,5103,1875,2025-08-28 14:45:00,Completed,Attended,2025-10-08,67,Failed
2301,5103,1750,2025-09-01 09:00:00,Completed,Attended,2025-10-08,90,Passed
2302,5103,1878,2025-08-29 10:45:00,Completed,Attended,2025-10-08,61,Failed
2303,5103,1884,2025-08-16 16:15:00,Completed,Attended,2025-10-08,62,Failed
2304,5103,1887,2025-09-03 13:15:00,Cancelled,NotApplicable,,,NotAssessed
2305,5103,1760,2025-09-16 08:45:00,Completed,Attended,2025-10-08,72,Passed
2306,5103,1762,2025-09-05 08:15:00,Completed,Attended,2025-10-08,82,Passed
2307,5103,1893,2025-09-18 10:00:00,Completed,Attended,2025-10-08,89,Passed
2308,5103,1895,2025-09-06 11:15:00,Completed,Attended,2025-10-08,79,Passed
2309,5103,1769,2025-08-20 09:00:00,Completed,Attended,2025-10-08,81,Passed
2310,5103,1900,2025-09-25 13:30:00,Completed,Attended,2025-10-08,81,Passed
2311,5103,1779,2025-08-16 10:00:00,Completed,Attended,2025-10-08,66,Failed
2312,5103,1780,2025-08-26 09:15:00,Completed,Attended,2025-10-08,77,Passed
2313,5103,1785,2025-08-15 08:45:00,Cancelled,NotApplicable,,,NotAssessed
2314,5103,2042,2025-08-17 09:30:00,Completed,Attended,2025-10-08,69,Failed
2315,5103,1789,2025-09-25 16:15:00,Completed,Attended,2025-10-08,76,Passed
2316,5104,1545,2025-09-12 10:00:00,Completed,Attended,2025-10-26,71,Passed
2317,5104,1804,2025-10-06 11:00:00,InProgress,Attended,,,NotAssessed
2318,5104,1815,2025-09-07 14:15:00,Completed,Attended,2025-10-26,90,Passed
2319,5104,1823,2025-10-12 11:30:00,Completed,Attended,2025-10-26,89,Passed
2320,5104,1834,2025-10-05 11:45:00,Completed,Attended,2025-10-26,81,Passed
2321,5104,1846,2025-10-09 16:00:00,Completed,Attended,2025-10-26,74,Passed
2322,5104,1728,2025-09-08 09:45:00,Completed,Attended,2025-10-26,90,Passed
2323,5104,1345,2025-09-22 14:45:00,Completed,Attended,2025-10-26,86,Passed
2324,5104,1858,2025-10-13 11:30:00,Completed,Attended,2025-10-26,42,Failed
2325,5104,1732,2025-09-24 10:00:00,Completed,Attended,2025-10-26,72,Passed
2326,5104,1992,2025-10-18 10:15:00,Completed,Attended,2025-10-26,68,Failed
2327,5104,1874,2025-10-10 10:15:00,Completed,Attended,2025-10-26,81,Passed
2328,5104,1880,2025-09-28 15:00:00,Completed,Attended,2025-10-26,92,Passed
2329,5104,1881,2025-09-17 08:45:00,Completed,Attended,2025-10-26,75,Passed
2330,5104,1753,2025-09-07 16:15:00,InProgress,Attended,,,NotAssessed
2331,5104,1883,2025-10-08 12:15:00,Completed,Attended,2025-10-26,87,Passed
2332,5104,1756,2025-09-24 09:15:00,Completed,Attended,2025-10-26,86,Passed
2333,5104,1757,2025-09-01 15:45:00,Completed,Attended,2025-10-26,84,Passed
2334,5104,1629,2025-10-12 10:45:00,Completed,Attended,2025-10-26,81,Passed
2335,5104,1758,2025-10-13 15:45:00,InProgress,Attended,,,NotAssessed
2336,5104,1888,2025-10-13 14:00:00,Completed,Attended,2025-10-26,73,Passed
2337,5104,1649,2025-09-01 09:30:00,Completed,Attended,2025-10-26,69,Failed
2338,5104,1778,2025-09-07 16:00:00,Completed,Attended,2025-10-26,76,Passed
2339,5105,2050,2026-07-13 12:00:00,Completed,Attended,2026-07-25,87,Passed
2340,5105,2056,2026-06-27 16:30:00,Completed,Attended,2026-07-25,72,Passed
2341,5105,1040,2026-06-09 15:15:00,Completed,Attended,2026-07-25,100,Passed
2342,5105,2065,2026-06-05 12:30:00,Cancelled,NotApplicable,,,NotAssessed
2343,5105,2067,2026-07-15 16:00:00,Completed,Attended,2026-07-25,76,Passed
2344,5105,1684,2026-07-11 15:30:00,Completed,Attended,2026-07-25,75,Passed
2345,5105,2072,2026-06-03 16:00:00,Completed,Attended,2026-07-25,80,Passed
2346,5105,2077,2026-06-09 12:15:00,Completed,Attended,2026-07-25,80,Passed
2347,5105,1704,2026-06-25 08:00:00,Completed,Attended,2026-07-25,73,Passed
2348,5105,2090,2026-07-07 13:00:00,Completed,Attended,2026-07-25,85,Passed
2349,5105,1468,2026-06-30 14:15:00,NoShow,Absent,,,NotAssessed
2350,5105,1863,2026-07-08 12:30:00,NoShow,Absent,,,NotAssessed
2351,5105,1994,2026-06-15 11:45:00,Completed,Attended,2026-07-25,94,Passed
2352,5105,2021,2026-06-18 16:00:00,Completed,Attended,2026-07-25,94,Passed
2353,5105,2023,2026-06-01 09:30:00,Completed,Attended,2026-07-25,75,Passed
2354,5105,2025,2026-07-01 13:30:00,Completed,Attended,2026-07-25,87,Passed
2355,5105,2026,2026-06-16 13:15:00,NoShow,Absent,,,NotAssessed
2356,5105,2029,2026-05-30 09:00:00,Completed,Attended,2026-07-25,75,Passed
2357,5105,2030,2026-07-08 08:30:00,Completed,Attended,2026-07-25,100,Passed
2358,5105,2031,2026-05-31 08:30:00,Completed,Attended,2026-07-25,70,Passed
2359,5105,2037,2026-07-08 09:00:00,NoShow,Absent,,,NotAssessed
2360,5105,1269,2026-06-20 09:15:00,Completed,Attended,2026-07-25,83,Passed
2361,5105,2043,2026-06-23 09:30:00,InProgress,Attended,,,NotAssessed
2362,5105,2044,2026-06-11 08:15:00,Completed,Attended,2026-07-25,94,Passed
2363,5105,2045,2026-06-21 09:00:00,NoShow,Absent,,,NotAssessed
2364,5105,2047,2026-05-29 16:00:00,Completed,Attended,2026-07-25,100,Passed
2365,5106,1426,2026-04-16 10:15:00,Completed,Attended,2026-05-13,84,Passed
2366,5106,1437,2026-03-24 09:30:00,Completed,Attended,2026-05-13,95,Passed
2367,5106,1823,2026-04-16 14:15:00,Completed,Attended,2026-05-13,97,Passed
2368,5106,1322,2026-04-23 10:15:00,Completed,Attended,2026-05-13,71,Passed
2369,5106,1713,2026-04-04 14:45:00,Completed,Attended,2026-05-13,60,Failed
2370,5106,1842,2026-04-03 13:45:00,Completed,Attended,2026-05-13,77,Passed
2371,5106,1330,2026-04-01 10:00:00,Completed,Attended,2026-05-13,68,Failed
2372,5106,1347,2026-03-18 12:00:00,Completed,Attended,2026-05-13,96,Passed
2373,5106,1990,2026-03-19 13:15:00,Completed,Attended,2026-05-13,78,Passed
2374,5106,1363,2026-04-15 08:45:00,Completed,Attended,2026-05-13,88,Passed
2375,5106,1491,2026-04-17 14:15:00,Completed,Attended,2026-05-13,65,Failed
2376,5106,1497,2026-04-13 13:30:00,Completed,Attended,2026-05-13,76,Passed
2377,5106,1500,2026-03-27 10:00:00,Completed,Attended,2026-05-13,92,Passed
2378,5106,1381,2026-04-19 16:15:00,Completed,Attended,2026-05-13,87,Passed
2379,5106,1385,2026-04-14 08:30:00,Completed,Attended,2026-05-13,69,Failed
2380,5106,1513,2026-05-02 13:45:00,Completed,Attended,2026-05-13,62,Failed
2381,5106,1396,2026-04-06 12:00:00,Cancelled,NotApplicable,,,NotAssessed
2382,5106,1403,2026-04-09 14:00:00,Completed,Attended,2026-05-13,74,Passed
2383,5106,1020,2026-03-23 09:00:00,Completed,Attended,2026-05-13,83,Passed
2384,5107,1861,2026-02-15 09:15:00,Completed,Attended,2026-03-19,90,Passed
2385,5107,1031,2026-02-19 08:00:00,Completed,Attended,2026-03-19,68,Failed
2386,5107,1159,2026-01-24 08:15:00,Completed,Attended,2026-03-19,62,Failed
2387,5107,1103,2026-01-27 16:00:00,Completed,Attended,2026-03-19,82,Passed
2388,5107,1074,2026-02-23 13:15:00,Completed,Attended,2026-03-19,83,Passed
2389,5107,1268,2026-03-10 09:30:00,Completed,Attended,2026-03-19,70,Passed
2390,5107,1943,2026-02-15 09:45:00,Completed,Attended,2026-03-19,81,Passed
2391,5107,1209,2026-03-01 15:45:00,Completed,Attended,2026-03-19,75,Passed
2392,5108,1537,2025-09-22 09:15:00,NoShow,Absent,,,NotAssessed
2393,5108,1541,2025-09-07 16:30:00,Cancelled,NotApplicable,,,NotAssessed
2394,5108,1678,2025-10-11 16:45:00,Completed,Attended,2025-10-27,84,Passed
2395,5108,1560,2025-09-04 11:45:00,Completed,Attended,2025-10-27,91,Passed
2396,5108,1695,2025-08-31 10:15:00,Completed,Attended,2025-10-27,61,Failed
2397,5108,1827,2025-09-30 11:15:00,Completed,Attended,2025-10-27,79,Passed
2398,5108,1708,2025-10-01 09:30:00,Completed,Attended,2025-10-27,84,Passed
2399,5108,1581,2025-10-06 09:00:00,Completed,Attended,2025-10-27,69,Failed
2400,5108,1711,2025-10-09 08:15:00,Completed,Attended,2025-10-27,86,Passed
2401,5108,1583,2025-10-03 12:30:00,Completed,Attended,2025-10-27,75,Passed
2402,5108,1082,2025-09-23 10:30:00,Completed,Attended,2025-10-27,69,Failed
2403,5108,1856,2025-08-31 13:15:00,Completed,Attended,2025-10-27,72,Passed
2404,5108,1605,2025-09-02 10:15:00,Completed,Attended,2025-10-27,96,Passed
2405,5108,1619,2025-10-12 14:00:00,NoShow,Absent,,,NotAssessed
2406,5108,1647,2025-09-23 14:00:00,Completed,Attended,2025-10-27,71,Passed
2407,5108,1266,2025-09-10 09:30:00,Cancelled,NotApplicable,,,NotAssessed
2408,5108,1658,2025-10-17 08:45:00,Completed,Attended,2025-10-27,76,Passed
2409,5108,1916,2025-10-16 14:45:00,Completed,Attended,2025-10-27,98,Passed
2410,5108,1662,2025-10-13 11:30:00,Completed,Attended,2025-10-27,78,Passed
2411,5109,1281,2025-10-09 11:30:00,Cancelled,NotApplicable,,,NotAssessed
2412,5109,1565,2025-11-06 14:00:00,Cancelled,NotApplicable,,,NotAssessed
2413,5109,1570,2025-11-03 11:00:00,Cancelled,NotApplicable,,,NotAssessed
2414,5109,1629,2025-10-17 15:00:00,Cancelled,NotApplicable,,,NotAssessed
2415,5109,2021,2025-10-24 14:45:00,Cancelled,NotApplicable,,,NotAssessed
2416,5109,1640,2025-10-12 15:45:00,Cancelled,NotApplicable,,,NotAssessed
2417,5109,1512,2025-10-22 10:15:00,Cancelled,NotApplicable,,,NotAssessed
2418,5109,1548,2025-11-19 16:30:00,Cancelled,NotApplicable,,,NotAssessed
2419,5109,1644,2025-11-03 14:30:00,Cancelled,NotApplicable,,,NotAssessed
2420,5109,1649,2025-11-24 11:30:00,Cancelled,NotApplicable,,,NotAssessed
2421,5109,1714,2025-10-09 11:45:00,Cancelled,NotApplicable,,,NotAssessed
2422,5109,1652,2025-10-12 08:00:00,Cancelled,NotApplicable,,,NotAssessed
2423,5109,1690,2025-10-18 09:45:00,Cancelled,NotApplicable,,,NotAssessed
2424,5109,1496,2025-10-13 15:45:00,Cancelled,NotApplicable,,,NotAssessed
2425,5109,2073,2025-10-10 16:45:00,Cancelled,NotApplicable,,,NotAssessed
2426,5109,1658,2025-11-08 09:45:00,Cancelled,NotApplicable,,,NotAssessed
2427,5109,1467,2025-10-27 08:30:00,Cancelled,NotApplicable,,,NotAssessed
2428,5109,1405,2025-11-10 12:30:00,Cancelled,NotApplicable,,,NotAssessed
2429,5110,1536,2026-04-17 14:00:00,Completed,Attended,2026-05-08,84,Passed
2430,5110,1018,2026-03-18 08:30:00,Completed,Attended,2026-05-08,71,Passed
2431,5110,1029,2026-05-01 09:45:00,Completed,Attended,2026-05-08,82,Passed
2432,5110,1289,2026-04-20 12:00:00,Completed,Attended,2026-05-08,80,Passed
2433,5110,1808,2026-04-06 16:45:00,Completed,Attended,2026-05-08,77,Passed
2434,5110,1947,2026-03-17 10:15:00,Completed,Attended,2026-05-08,70,Passed
2435,5110,1182,2026-03-18 12:15:00,Completed,Attended,2026-05-08,62,Failed
2436,5110,1195,2026-03-15 14:30:00,Completed,Attended,2026-05-08,46,Failed
2437,5110,1463,2026-04-27 10:30:00,Completed,Attended,2026-05-08,76,Passed
2438,5110,1215,2026-03-22 11:15:00,Completed,Attended,2026-05-08,75,Passed
2439,5110,1091,2026-04-06 15:45:00,Completed,Attended,2026-05-08,84,Passed
2440,5110,1232,2026-04-16 14:30:00,Completed,Attended,2026-05-08,74,Passed
2441,5110,1104,2026-03-26 09:00:00,Completed,Attended,2026-05-08,68,Failed
2442,5110,1108,2026-03-19 14:15:00,Completed,Attended,2026-05-08,70,Passed
2443,5110,1245,2026-03-20 11:45:00,Completed,Attended,2026-05-08,85,Passed
2444,5110,1375,2026-04-05 11:30:00,Completed,Attended,2026-05-08,60,Failed
2445,5110,1008,2026-04-21 08:45:00,Completed,Attended,2026-05-08,51,Failed
2446,5110,1139,2026-04-17 13:30:00,Completed,Attended,2026-05-08,77,Passed
2447,5110,1142,2026-04-01 09:00:00,Completed,Attended,2026-05-08,70,Passed
2448,5110,1786,2026-04-04 16:15:00,Completed,Attended,2026-05-08,84,Passed
2449,5110,1147,2026-04-01 12:15:00,Cancelled,NotApplicable,,,NotAssessed
2450,5111,1170,2025-11-11 13:15:00,Completed,Attended,2025-12-09,62,Failed
2451,5111,1940,2025-11-14 10:45:00,Completed,Attended,2025-12-09,54,Failed
2452,5111,1435,2025-10-15 12:15:00,Completed,Attended,2025-12-09,68,Failed
2453,5111,1568,2025-11-20 10:15:00,Completed,Attended,2025-12-09,76,Passed
2454,5111,1454,2025-10-16 09:30:00,Completed,Attended,2025-12-09,70,Passed
2455,5111,1456,2025-10-17 16:30:00,Completed,Attended,2025-12-09,54,Failed
2456,5111,1458,2025-11-09 09:00:00,Completed,Attended,2025-12-09,71,Passed
2457,5111,1331,2025-11-14 11:15:00,Completed,Attended,2025-12-09,78,Passed
2458,5111,1470,2025-11-24 14:45:00,Completed,Attended,2025-12-09,86,Passed
2459,5111,1343,2025-11-29 16:15:00,Completed,Attended,2025-12-09,79,Passed
2460,5111,1984,2025-11-21 13:30:00,InProgress,Attended,,,NotAssessed
2461,5111,1482,2025-10-24 15:00:00,Completed,Attended,2025-12-09,80,Passed
2462,5111,1743,2025-11-07 10:00:00,NoShow,Absent,,,NotAssessed
2463,5111,1492,2025-11-30 08:45:00,Completed,Attended,2025-12-09,85,Passed
2464,5111,1368,2025-10-25 16:45:00,Completed,Attended,2025-12-09,79,Passed
2465,5111,1753,2025-10-24 13:15:00,Completed,Attended,2025-12-09,89,Passed
2466,5111,1500,2025-11-28 14:15:00,Completed,Attended,2025-12-09,86,Passed
2467,5111,1002,2025-11-09 14:45:00,Completed,Attended,2025-12-09,64,Failed
2468,5111,1517,2025-11-12 08:30:00,Completed,Attended,2025-12-09,81,Passed
2469,5111,1006,2025-11-13 10:15:00,Completed,Attended,2025-12-09,63,Failed
2470,5112,1025,2025-10-04 10:15:00,Completed,Attended,2025-10-25,84,Passed
2471,5112,1026,2025-10-04 11:45:00,Completed,Attended,2025-10-25,96,Passed
2472,5112,1284,2025-09-25 13:45:00,Completed,Attended,2025-10-25,92,Passed
2473,5112,1935,2025-10-16 09:45:00,Completed,Attended,2025-10-25,60,Failed
2474,5112,1042,2025-09-12 13:45:00,Completed,Attended,2025-10-25,78,Passed
2475,5112,2068,2025-10-14 11:45:00,Completed,Attended,2025-10-25,69,Failed
2476,5112,1940,2025-10-11 16:30:00,Completed,Attended,2025-10-25,96,Passed
2477,5112,1066,2025-10-07 13:00:00,Completed,Attended,2025-10-25,100,Passed
2478,5112,1197,2025-09-30 15:00:00,Completed,Attended,2025-10-25,74,Passed
2479,5112,1198,2025-10-02 16:00:00,Completed,Attended,2025-10-25,75,Passed
2480,5112,1078,2025-09-27 16:00:00,Completed,Attended,2025-10-25,69,Failed
2481,5112,1351,2025-09-06 15:30:00,Completed,Attended,2025-10-25,64,Failed
2482,5112,1096,2025-09-08 13:00:00,Completed,Attended,2025-10-25,75,Passed
2483,5112,1226,2025-09-11 16:00:00,Completed,Attended,2025-10-25,95,Passed
2484,5112,1232,2025-10-11 08:30:00,Completed,Attended,2025-10-25,82,Passed
2485,5112,1105,2025-09-14 16:15:00,Completed,Attended,2025-10-25,71,Passed
2486,5112,1244,2025-09-09 10:45:00,Completed,Attended,2025-10-25,67,Failed
2487,5112,1247,2025-10-05 08:45:00,Completed,Attended,2025-10-25,74,Passed
2488,5112,1008,2025-10-01 08:30:00,Completed,Attended,2025-10-25,87,Passed
2489,5112,1265,2025-10-07 12:00:00,Completed,Attended,2025-10-25,72,Passed
2490,5112,1141,2025-09-21 13:15:00,Completed,Attended,2025-10-25,99,Passed
2491,5112,1271,2025-10-06 14:15:00,Completed,Attended,2025-10-25,71,Passed
2492,5113,1952,2024-12-28 16:00:00,Completed,Attended,2025-02-12,78,Passed
2493,5113,1409,2025-01-10 09:00:00,Completed,Attended,2025-02-12,79,Passed
2494,5113,1378,2025-01-02 08:15:00,Completed,Attended,2025-02-12,79,Passed
2495,5113,1408,2025-01-03 09:15:00,Completed,Attended,2025-02-12,70,Passed
2496,5113,1317,2025-01-01 16:30:00,Completed,Attended,2025-02-12,80,Passed
2497,5113,1414,2025-01-21 11:15:00,Completed,Attended,2025-02-12,80,Passed
2498,5113,1449,2024-12-23 10:45:00,Completed,Attended,2025-02-12,74,Passed
2499,5113,1358,2024-12-18 10:30:00,NoShow,Absent,,,NotAssessed
2500,5113,1806,2025-01-03 09:30:00,NoShow,Absent,,,NotAssessed
2501,5113,1489,2025-01-15 09:30:00,Completed,Attended,2025-02-12,81,Passed
2502,5113,1396,2025-01-25 12:00:00,Completed,Attended,2025-02-12,80,Passed
2503,5113,1271,2025-01-19 09:30:00,InProgress,Attended,,,NotAssessed
2504,5113,1374,2024-12-30 15:00:00,Completed,Attended,2025-02-12,84,Passed
2505,5114,1760,2026-02-28 12:45:00,Completed,Attended,2026-04-09,71,Passed
2506,5114,1475,2026-03-29 14:00:00,Completed,Attended,2026-04-09,68,Failed
2507,5114,1477,2026-03-17 16:15:00,NoShow,Absent,,,NotAssessed
2508,5114,1382,2026-02-26 15:45:00,InProgress,Attended,,,NotAssessed
2509,5114,1671,2026-03-15 10:45:00,Completed,Attended,2026-04-09,89,Passed
2510,5114,1385,2026-02-19 15:00:00,Completed,Attended,2026-04-09,94,Passed
2511,5114,1503,2026-02-22 12:45:00,Completed,Attended,2026-04-09,82,Passed
2512,5114,1453,2026-03-01 08:30:00,Completed,Attended,2026-04-09,81,Passed
2513,5114,1837,2026-03-08 13:30:00,Completed,Attended,2026-04-09,100,Passed
2514,5114,1422,2026-03-03 10:30:00,Completed,Attended,2026-04-09,89,Passed
2515,5114,1648,2026-03-03 15:30:00,Completed,Attended,2026-04-09,67,Failed
2516,5114,1425,2026-03-12 14:00:00,Completed,Attended,2026-04-09,62,Failed
2517,5114,1877,2026-04-01 14:15:00,Completed,Attended,2026-04-09,97,Passed
2518,5114,1372,2026-02-14 09:15:00,Completed,Attended,2026-04-09,91,Passed
2519,5114,1431,2026-03-29 13:45:00,Completed,Attended,2026-04-09,71,Passed
2520,5114,1404,2026-03-17 09:45:00,NoShow,Absent,,,NotAssessed
2521,5114,1311,2026-03-03 16:15:00,Completed,Attended,2026-04-09,81,Passed
2522,5115,1796,2026-07-06 11:15:00,Completed,Attended,2026-07-18,70,Passed
2523,5115,1798,2026-05-28 08:30:00,Completed,Attended,2026-07-18,87,Passed
2524,5115,2060,2026-07-08 15:00:00,Completed,Attended,2026-07-18,69,Failed
2525,5115,1807,2026-05-26 12:15:00,InProgress,Attended,,,NotAssessed
2526,5115,1808,2026-06-04 12:30:00,Completed,Attended,2026-07-18,69,Failed
2527,5115,1688,2026-06-01 16:30:00,Completed,Attended,2026-07-18,77,Passed
2528,5115,1822,2026-06-28 14:45:00,Completed,Attended,2026-07-18,95,Passed
2529,5115,1824,2026-06-08 13:00:00,Completed,Attended,2026-07-18,77,Passed
2530,5115,1826,2026-05-26 15:45:00,Completed,Attended,2026-07-18,58,Failed
2531,5115,2089,2026-06-20 09:15:00,Completed,Attended,2026-07-18,84,Passed
2532,5115,1836,2026-07-01 11:00:00,NoShow,Absent,,,NotAssessed
2533,5115,2093,2026-05-31 16:00:00,Completed,Attended,2026-07-18,80,Passed
2534,5115,1841,2026-06-15 09:00:00,Completed,Attended,2026-07-18,86,Passed
2535,5115,1333,2026-06-19 09:30:00,Completed,Attended,2026-07-18,84,Passed
2536,5115,1847,2026-05-24 15:45:00,Completed,Attended,2026-07-18,77,Passed
2537,5115,1982,2026-06-21 15:30:00,Completed,Attended,2026-07-18,62,Failed
2538,5115,1726,2026-06-11 11:15:00,NoShow,Absent,,,NotAssessed
2539,5115,1856,2026-05-27 16:15:00,Completed,Attended,2026-07-18,72,Passed
2540,5115,1857,2026-06-12 11:15:00,Completed,Attended,2026-07-18,72,Passed
2541,5115,1729,2026-06-06 09:00:00,Completed,Attended,2026-07-18,62,Failed
2542,5115,1733,2026-06-01 16:00:00,Completed,Attended,2026-07-18,77,Passed
2543,5115,1867,2026-07-06 10:45:00,NoShow,Absent,,,NotAssessed
2544,5115,1998,2026-06-04 12:15:00,Completed,Attended,2026-07-18,68,Failed
2545,5115,1743,2026-06-24 13:45:00,Completed,Attended,2026-07-18,67,Failed
2546,5115,1744,2026-07-01 08:45:00,Cancelled,NotApplicable,,,NotAssessed
2547,5115,1105,2026-05-28 14:15:00,Completed,Attended,2026-07-18,78,Passed
2548,5115,1746,2026-05-31 09:30:00,Completed,Attended,2026-07-18,53,Failed
2549,5115,1874,2026-06-15 12:00:00,Completed,Attended,2026-07-18,83,Passed
2550,5115,1876,2026-07-04 08:30:00,InProgress,Attended,,,NotAssessed
2551,5115,1880,2026-05-30 10:30:00,Completed,Attended,2026-07-18,83,Passed
2552,5115,1753,2026-07-08 13:00:00,NoShow,Absent,,,NotAssessed
2553,5115,1370,2026-06-12 14:15:00,Cancelled,NotApplicable,,,NotAssessed
2554,5115,1883,2026-06-14 08:45:00,Cancelled,NotApplicable,,,NotAssessed
2555,5115,1115,2026-06-27 10:15:00,Completed,Attended,2026-07-18,80,Passed
2556,5115,1754,2026-06-17 12:00:00,NoShow,Absent,,,NotAssessed
2557,5115,1890,2026-06-28 14:15:00,Cancelled,NotApplicable,,,NotAssessed
2558,5115,1892,2026-06-28 10:15:00,NoShow,Absent,,,NotAssessed
2559,5115,1125,2026-06-30 12:00:00,Completed,Attended,2026-07-18,88,Passed
2560,5115,1254,2026-06-08 11:30:00,Cancelled,NotApplicable,,,NotAssessed
2561,5115,1768,2026-06-16 08:00:00,InProgress,Attended,,,NotAssessed
2562,5115,1002,2026-06-22 14:45:00,Completed,Attended,2026-07-18,65,Failed
2563,5115,1772,2026-05-29 10:30:00,Completed,Attended,2026-07-18,93,Passed
2564,5115,1776,2026-06-01 16:30:00,Completed,Attended,2026-07-18,66,Failed
2565,5115,1781,2026-06-26 15:45:00,Cancelled,NotApplicable,,,NotAssessed
2566,5115,2042,2026-06-26 13:45:00,Completed,Attended,2026-07-18,57,Failed
2567,5116,1954,2025-02-28 14:00:00,NoShow,Absent,,,NotAssessed
2568,5116,1063,2025-01-31 10:45:00,Completed,Attended,2025-03-16,77,Passed
2569,5116,1097,2025-02-12 11:15:00,Completed,Attended,2025-03-16,61,Failed
2570,5116,1003,2025-02-01 10:30:00,Completed,Attended,2025-03-16,76,Passed
2571,5116,1454,2025-02-07 10:30:00,Completed,Attended,2025-03-16,91,Passed
2572,5116,1102,2025-02-25 09:45:00,Completed,Attended,2025-03-16,84,Passed
2573,5116,1105,2025-02-05 16:30:00,Completed,Attended,2025-03-16,58,Failed
2574,5116,1074,2025-03-02 15:45:00,Completed,Attended,2025-03-16,72,Passed
2575,5116,1207,2025-03-05 15:45:00,Completed,Attended,2025-03-16,63,Failed
2576,5117,1506,2025-04-05 09:15:00,NoShow,Absent,,,NotAssessed
2577,5117,1419,2025-03-17 12:00:00,Completed,Attended,2025-04-17,71,Passed
2578,5117,1201,2025-04-01 15:30:00,Completed,Attended,2025-04-17,80,Passed
2579,5117,1335,2025-03-27 16:45:00,Completed,Attended,2025-04-17,86,Passed
2580,5117,1406,2025-04-03 16:15:00,Completed,Attended,2025-04-17,82,Passed
2581,5118,1419,2025-03-13 11:00:00,Completed,Attended,2025-04-18,72,Passed
2582,5118,2059,2025-03-24 12:45:00,Completed,Attended,2025-04-18,80,Passed
2583,5118,1036,2025-03-18 14:15:00,Completed,Attended,2025-04-18,67,Failed
2584,5118,2068,2025-04-11 10:30:00,Completed,Attended,2025-04-18,70,Passed
2585,5118,2076,2025-03-29 08:15:00,NoShow,Absent,,,NotAssessed
2586,5118,2080,2025-02-28 14:30:00,Completed,Attended,2025-04-18,100,Passed
2587,5118,2082,2025-03-19 14:15:00,Completed,Attended,2025-04-18,76,Passed
2588,5118,2083,2025-03-17 08:30:00,Completed,Attended,2025-04-18,56,Failed
2589,5118,2084,2025-03-25 15:00:00,Completed,Attended,2025-04-18,70,Passed
2590,5118,2087,2025-03-26 10:00:00,Completed,Attended,2025-04-18,67,Failed
2591,5118,2090,2025-03-29 08:00:00,Completed,Attended,2025-04-18,67,Failed
2592,5118,2093,2025-03-18 09:30:00,Completed,Attended,2025-04-18,78,Passed
2593,5118,1837,2025-03-08 13:30:00,Completed,Attended,2025-04-18,61,Failed
2594,5118,2095,2025-03-15 16:15:00,Completed,Attended,2025-04-18,70,Passed
2595,5118,1967,2025-03-08 12:30:00,Completed,Attended,2025-04-18,94,Passed
2596,5118,2099,2025-04-02 16:15:00,InProgress,Attended,,,NotAssessed
2597,5118,1973,2025-04-09 16:00:00,InProgress,Attended,,,NotAssessed
2598,5118,1079,2025-03-31 14:30:00,Completed,Attended,2025-04-18,79,Passed
2599,5118,1620,2025-03-11 12:00:00,Completed,Attended,2025-04-18,98,Passed
2600,5118,1366,2025-02-26 08:00:00,Completed,Attended,2025-04-18,100,Passed
2601,5118,1495,2025-02-28 11:15:00,Completed,Attended,2025-04-18,66,Failed
2602,5118,2023,2025-03-07 13:45:00,Completed,Attended,2025-04-18,77,Passed
2603,5118,2026,2025-03-11 12:15:00,Completed,Attended,2025-04-18,87,Passed
2604,5118,1263,2025-03-27 12:45:00,Completed,Attended,2025-04-18,94,Passed
2605,5118,2031,2025-03-02 09:00:00,Completed,Attended,2025-04-18,90,Passed
2606,5118,1519,2025-03-13 13:30:00,NoShow,Absent,,,NotAssessed
2607,5118,2035,2025-04-03 13:45:00,Completed,Attended,2025-04-18,78,Passed
2608,5118,2039,2025-03-13 11:00:00,Completed,Attended,2025-04-18,78,Passed
2609,5118,2041,2025-03-23 13:45:00,Completed,Attended,2025-04-18,74,Passed
2610,5118,2044,2025-04-03 10:30:00,Completed,Attended,2025-04-18,85,Passed
2611,5118,2045,2025-02-22 10:45:00,Completed,Attended,2025-04-18,94,Passed
2612,5118,2047,2025-03-17 09:15:00,Completed,Attended,2025-04-18,83,Passed
2613,5119,1924,2025-07-21 09:30:00,Completed,Attended,2025-08-19,74,Passed
2614,5119,1553,2025-07-31 15:45:00,Completed,Attended,2025-08-19,90,Passed
2615,5119,1561,2025-08-03 12:00:00,Completed,Attended,2025-08-19,86,Passed
2616,5119,1689,2025-07-10 13:00:00,Completed,Attended,2025-08-19,62,Failed
2617,5119,1691,2025-08-07 13:30:00,Completed,Attended,2025-08-19,76,Passed
2618,5119,1695,2025-08-05 16:15:00,Completed,Attended,2025-08-19,97,Passed
2619,5119,1955,2025-06-24 13:30:00,InProgress,Attended,,,NotAssessed
2620,5119,1702,2025-07-13 09:15:00,Completed,Attended,2025-08-19,76,Passed
2621,5119,1578,2025-07-05 08:00:00,NoShow,Absent,,,NotAssessed
2622,5119,1579,2025-07-13 08:15:00,Completed,Attended,2025-08-19,80,Passed
2623,5119,1450,2025-07-20 10:30:00,Completed,Attended,2025-08-19,79,Passed
2624,5119,1710,2025-06-23 08:15:00,Completed,Attended,2025-08-19,72,Passed
2625,5119,1712,2025-06-23 16:45:00,Cancelled,NotApplicable,,,NotAssessed
2626,5119,1716,2025-07-29 11:00:00,Completed,Attended,2025-08-19,51,Failed
2627,5119,1594,2025-08-06 13:30:00,Completed,Attended,2025-08-19,75,Passed
2628,5119,1603,2025-07-04 08:30:00,Completed,Attended,2025-08-19,84,Passed
2629,5119,1989,2025-07-26 08:15:00,Completed,Attended,2025-08-19,55,Failed
2630,5119,1097,2025-06-23 09:45:00,Completed,Attended,2025-08-19,71,Passed
2631,5119,1998,2025-07-27 08:15:00,Completed,Attended,2025-08-19,100,Passed
2632,5119,1103,2025-07-20 12:45:00,Completed,Attended,2025-08-19,75,Passed
2633,5119,1624,2025-06-24 12:30:00,NoShow,Absent,,,NotAssessed
2634,5119,1629,2025-07-03 12:00:00,Cancelled,NotApplicable,,,NotAssessed
2635,5119,1634,2025-08-06 13:30:00,Completed,Attended,2025-08-19,61,Failed
2636,5119,1507,2025-07-28 14:30:00,Cancelled,NotApplicable,,,NotAssessed
2637,5119,2029,2025-07-21 11:30:00,Completed,Attended,2025-08-19,77,Passed
2638,5119,1647,2025-08-07 11:45:00,Completed,Attended,2025-08-19,65,Failed
2639,5119,1521,2025-08-01 08:00:00,NoShow,Absent,,,NotAssessed
2640,5119,1655,2025-08-08 12:00:00,NoShow,Absent,,,NotAssessed
2641,5120,1538,2025-06-28 08:45:00,Completed,Attended,2025-07-20,76,Passed
2642,5120,1795,2025-06-01 11:00:00,Cancelled,NotApplicable,,,NotAssessed
2643,5120,1541,2025-05-30 13:45:00,Completed,Attended,2025-07-20,74,Passed
2644,5120,1606,2025-05-30 16:15:00,Completed,Attended,2025-07-20,69,Failed
2645,5120,1479,2025-06-14 10:45:00,Completed,Attended,2025-07-20,86,Passed
2646,5120,1581,2025-05-28 10:15:00,Completed,Attended,2025-07-20,56,Failed
2647,5121,1922,2026-06-10 09:30:00,Completed,Attended,2026-07-05,82,Passed
2648,5121,1925,2026-06-10 16:45:00,Completed,Attended,2026-07-05,91,Passed
2649,5121,1928,2026-05-11 10:00:00,InProgress,Attended,,,NotAssessed
2650,5121,1931,2026-06-21 08:00:00,NoShow,Absent,,,NotAssessed
2651,5121,1036,2026-06-21 11:30:00,Completed,Attended,2026-07-05,71,Passed
2652,5121,1934,2026-06-20 10:15:00,Completed,Attended,2026-07-05,92,Passed
2653,5121,1684,2026-05-30 09:45:00,Completed,Attended,2026-07-05,77,Passed
2654,5121,1941,2026-05-24 08:15:00,Completed,Attended,2026-07-05,90,Passed
2655,5121,1951,2026-05-09 12:45:00,Completed,Attended,2026-07-05,85,Passed
2656,5121,1839,2026-05-09 10:00:00,InProgress,Attended,,,NotAssessed
2657,5121,1970,2026-05-28 14:30:00,Completed,Attended,2026-07-05,80,Passed
2658,5121,1081,2026-06-15 11:45:00,Completed,Attended,2026-07-05,69,Failed
2659,5121,1733,2026-06-17 15:15:00,Completed,Attended,2026-07-05,70,Passed
2660,5121,1995,2026-05-23 14:00:00,Completed,Attended,2026-07-05,65,Failed
2661,5121,2002,2026-06-14 13:00:00,Cancelled,NotApplicable,,,NotAssessed
2662,5121,2003,2026-06-05 11:00:00,Completed,Attended,2026-07-05,77,Passed
2663,5121,2005,2026-06-06 08:15:00,Completed,Attended,2026-07-05,95,Passed
2664,5121,2006,2026-06-01 14:00:00,Completed,Attended,2026-07-05,65,Failed
2665,5121,2011,2026-05-28 08:15:00,Completed,Attended,2026-07-05,76,Passed
2666,5121,2017,2026-06-10 12:45:00,Completed,Attended,2026-07-05,73,Passed
2667,5121,2018,2026-05-19 16:00:00,NoShow,Absent,,,NotAssessed
2668,5121,2019,2026-06-01 12:45:00,Completed,Attended,2026-07-05,72,Passed
2669,5121,2029,2026-05-30 11:15:00,Completed,Attended,2026-07-05,58,Failed
2670,5121,1914,2026-05-16 09:45:00,Completed,Attended,2026-07-05,84,Passed
2671,5121,1916,2026-06-13 11:00:00,Completed,Attended,2026-07-05,62,Failed
2672,5121,2046,2026-06-20 09:00:00,Completed,Attended,2026-07-05,76,Passed
2673,5121,1919,2026-05-25 15:00:00,Completed,Attended,2026-07-05,79,Passed
2674,5122,1250,2025-02-24 11:15:00,Completed,Attended,2025-03-10,63,Failed
2675,5122,1124,2025-01-17 12:45:00,Completed,Attended,2025-03-10,93,Passed
2676,5122,2087,2025-02-03 14:30:00,Completed,Attended,2025-03-10,73,Passed
2677,5122,1384,2025-02-06 16:00:00,Completed,Attended,2025-03-10,63,Failed
2678,5122,1789,2025-01-27 16:15:00,Completed,Attended,2025-03-10,82,Passed
2679,5122,2089,2025-01-27 13:30:00,Completed,Attended,2025-03-10,71,Passed
2680,5122,2091,2025-01-27 12:45:00,Completed,Attended,2025-03-10,72,Passed
2681,5122,2028,2025-01-18 13:15:00,Completed,Attended,2025-03-10,67,Failed
2682,5122,2093,2025-02-13 13:00:00,Completed,Attended,2025-03-10,84,Passed
2683,5122,1707,2025-01-15 08:00:00,Completed,Attended,2025-03-10,63,Failed
2684,5122,2024,2025-02-15 09:00:00,NoShow,Absent,,,NotAssessed
2685,5122,2059,2025-01-17 15:15:00,Completed,Attended,2025-03-10,91,Passed
2686,5122,2066,2025-01-31 08:00:00,Completed,Attended,2025-03-10,61,Failed
2687,5122,1811,2025-02-05 13:15:00,Completed,Attended,2025-03-10,54,Failed
2688,5122,1525,2025-01-22 16:15:00,Completed,Attended,2025-03-10,71,Passed
2689,5122,2072,2025-02-11 16:45:00,Completed,Attended,2025-03-10,90,Passed
2690,5122,2077,2025-01-30 15:30:00,Completed,Attended,2025-03-10,67,Failed
2691,5122,1694,2025-02-08 10:45:00,Completed,Attended,2025-03-10,73,Passed
2692,5123,1931,2025-05-18 10:00:00,Completed,Attended,2025-07-03,86,Passed
2693,5123,1421,2025-06-26 13:15:00,Completed,Attended,2025-07-03,60,Failed
2694,5123,1426,2025-06-10 10:45:00,Completed,Attended,2025-07-03,77,Passed
2695,5123,2069,2025-05-27 14:15:00,Completed,Attended,2025-07-03,84,Passed
2696,5123,1302,2025-05-11 14:15:00,Completed,Attended,2025-07-03,77,Passed
2697,5123,1694,2025-05-29 09:00:00,Completed,Attended,2025-07-03,66,Failed
2698,5123,1317,2025-05-27 08:15:00,Completed,Attended,2025-07-03,68,Failed
2699,5123,1320,2025-06-13 15:00:00,Completed,Attended,2025-07-03,74,Passed
2700,5123,1330,2025-05-24 15:30:00,Cancelled,NotApplicable,,,NotAssessed
2701,5123,1342,2025-05-28 11:30:00,Completed,Attended,2025-07-03,71,Passed
2702,5123,1347,2025-06-25 08:15:00,Completed,Attended,2025-07-03,77,Passed
2703,5123,1880,2025-06-14 10:00:00,Completed,Attended,2025-07-03,80,Passed
2704,5123,1373,2025-05-25 13:00:00,Completed,Attended,2025-07-03,72,Passed
2705,5123,1374,2025-05-24 16:00:00,Completed,Attended,2025-07-03,45,Failed
2706,5123,1505,2025-05-28 13:00:00,Completed,Attended,2025-07-03,84,Passed
2707,5123,1512,2025-06-26 15:30:00,Completed,Attended,2025-07-03,84,Passed
2708,5123,1513,2025-06-13 08:00:00,Completed,Attended,2025-07-03,78,Passed
2709,5123,1387,2025-06-13 11:00:00,Completed,Attended,2025-07-03,87,Passed
2710,5123,1398,2025-05-29 13:15:00,Completed,Attended,2025-07-03,70,Passed
2711,5123,1404,2025-06-13 14:30:00,Completed,Attended,2025-07-03,66,Failed
2712,5123,1919,2025-06-07 08:45:00,Cancelled,NotApplicable,,,NotAssessed
2713,5124,1025,2025-08-30 09:15:00,Completed,Attended,2025-09-28,60,Failed
2714,5124,1156,2025-09-13 09:00:00,Completed,Attended,2025-09-28,93,Passed
2715,5124,1028,2025-08-20 10:00:00,Completed,Attended,2025-09-28,84,Passed
2716,5124,2056,2025-09-07 14:45:00,Completed,Attended,2025-09-28,69,Failed
2717,5124,1295,2025-09-10 14:45:00,Completed,Attended,2025-09-28,90,Passed
2718,5124,1683,2025-08-20 13:15:00,Completed,Attended,2025-09-28,98,Passed
2719,5124,1022,2025-09-06 11:00:00,NoShow,Absent,,,NotAssessed
2720,5124,1176,2025-09-08 11:30:00,Completed,Attended,2025-09-28,88,Passed
2721,5124,1055,2025-08-18 14:15:00,Completed,Attended,2025-09-28,59,Failed
2722,5124,1964,2025-08-12 09:45:00,NoShow,Absent,,,NotAssessed
2723,5124,1070,2025-08-07 09:45:00,InProgress,Attended,,,NotAssessed
2724,5124,1587,2025-08-25 16:45:00,Cancelled,NotApplicable,,,NotAssessed
2725,5124,1973,2025-08-11 11:15:00,Completed,Attended,2025-09-28,67,Failed
2726,5124,1595,2025-08-08 12:00:00,Cancelled,NotApplicable,,,NotAssessed
2727,5124,1596,2025-09-13 12:30:00,Cancelled,NotApplicable,,,NotAssessed
2728,5124,1214,2025-09-06 10:15:00,Completed,Attended,2025-09-28,85,Passed
2729,5124,1225,2025-08-05 13:45:00,Completed,Attended,2025-09-28,61,Failed
2730,5124,1099,2025-08-02 10:30:00,Completed,Attended,2025-09-28,88,Passed
2731,5124,1227,2025-08-14 10:15:00,Completed,Attended,2025-09-28,89,Passed
2732,5124,1615,2025-08-28 14:45:00,Completed,Attended,2025-09-28,79,Passed
2733,5124,1233,2025-09-09 11:30:00,Completed,Attended,2025-09-28,76,Passed
2734,5124,1620,2025-08-18 13:15:00,Completed,Attended,2025-09-28,78,Passed
2735,5124,1109,2025-08-21 08:00:00,Completed,Attended,2025-09-28,73,Passed
2736,5124,1110,2025-08-14 09:00:00,Completed,Attended,2025-09-28,73,Passed
2737,5124,1239,2025-09-18 09:30:00,Completed,Attended,2025-09-28,86,Passed
2738,5124,1241,2025-09-16 16:00:00,Completed,Attended,2025-09-28,87,Passed
2739,5124,1370,2025-08-06 15:00:00,Completed,Attended,2025-09-28,80,Passed
2740,5124,1251,2025-08-31 11:45:00,Completed,Attended,2025-09-28,65,Failed
2741,5124,1891,2025-09-08 14:15:00,NoShow,Absent,,,NotAssessed
2742,5124,1635,2025-08-21 08:00:00,Cancelled,NotApplicable,,,NotAssessed
2743,5124,1125,2025-08-07 16:00:00,Completed,Attended,2025-09-28,82,Passed
2744,5124,1514,2025-09-10 13:00:00,Completed,Attended,2025-09-28,50,Failed
2745,5124,1131,2025-08-26 16:15:00,Completed,Attended,2025-09-28,79,Passed
2746,5124,1004,2025-08-17 15:00:00,Completed,Attended,2025-09-28,78,Passed
2747,5124,2029,2025-08-18 10:45:00,NoShow,Absent,,,NotAssessed
2748,5124,1136,2025-08-28 11:45:00,Completed,Attended,2025-09-28,58,Failed
2749,5124,1906,2025-08-17 14:30:00,Completed,Attended,2025-09-28,63,Failed
2750,5124,1144,2025-09-13 15:30:00,InProgress,Attended,,,NotAssessed
2751,5124,1275,2025-09-03 10:00:00,Completed,Attended,2025-09-28,69,Failed
2752,5124,1020,2025-08-15 12:30:00,Completed,Attended,2025-09-28,90,Passed
2753,5124,2045,2025-08-20 08:45:00,NoShow,Absent,,,NotAssessed
2754,5124,1278,2025-08-25 10:00:00,Completed,Attended,2025-09-28,90,Passed
2755,5125,1920,2026-02-05 09:45:00,Cancelled,NotApplicable,,,NotAssessed
2756,5125,1927,2026-01-27 15:30:00,Cancelled,NotApplicable,,,NotAssessed
2757,5125,1940,2026-02-05 11:00:00,Cancelled,NotApplicable,,,NotAssessed
2758,5125,1942,2026-01-31 09:45:00,Cancelled,NotApplicable,,,NotAssessed
2759,5125,1943,2026-01-20 13:15:00,Cancelled,NotApplicable,,,NotAssessed
2760,5125,1688,2026-01-16 15:00:00,Cancelled,NotApplicable,,,NotAssessed
2761,5125,1966,2025-12-23 11:00:00,Cancelled,NotApplicable,,,NotAssessed
2762,5125,1970,2025-12-20 11:00:00,Cancelled,NotApplicable,,,NotAssessed
2763,5125,1590,2026-01-23 10:15:00,Cancelled,NotApplicable,,,NotAssessed
2764,5125,1987,2025-12-29 10:15:00,Cancelled,NotApplicable,,,NotAssessed
2765,5125,2001,2026-01-11 12:45:00,Cancelled,NotApplicable,,,NotAssessed
2766,5125,2003,2025-12-31 16:00:00,Cancelled,NotApplicable,,,NotAssessed
2767,5125,2008,2026-01-04 13:15:00,Cancelled,NotApplicable,,,NotAssessed
2768,5125,2010,2026-01-27 16:15:00,Cancelled,NotApplicable,,,NotAssessed
2769,5125,2020,2025-12-23 08:45:00,Cancelled,NotApplicable,,,NotAssessed
2770,5125,1902,2026-01-03 12:30:00,Cancelled,NotApplicable,,,NotAssessed
2771,5125,1906,2026-02-02 13:15:00,Cancelled,NotApplicable,,,NotAssessed
2772,5125,1914,2026-01-17 11:45:00,Cancelled,NotApplicable,,,NotAssessed
2773,5125,1917,2025-12-20 13:15:00,Cancelled,NotApplicable,,,NotAssessed
2774,5126,1032,2025-05-30 11:30:00,Completed,Attended,2025-06-15,96,Passed
2775,5126,1290,2025-05-29 16:30:00,Completed,Attended,2025-06-15,56,Failed
2776,5126,1169,2025-05-06 16:30:00,NoShow,Absent,,,NotAssessed
2777,5126,1171,2025-05-11 11:45:00,Completed,Attended,2025-06-15,100,Passed
2778,5126,1812,2025-05-15 08:45:00,Completed,Attended,2025-06-15,64,Failed
2779,5126,2070,2025-05-15 11:15:00,Completed,Attended,2025-06-15,81,Passed
2780,5126,1188,2025-05-04 12:45:00,Completed,Attended,2025-06-15,82,Passed
2781,5126,1448,2025-05-12 13:45:00,Completed,Attended,2025-06-15,88,Passed
2782,5126,1196,2025-04-29 16:30:00,Completed,Attended,2025-06-15,85,Passed
2783,5126,1197,2025-05-12 12:00:00,Completed,Attended,2025-06-15,76,Passed
2784,5126,1461,2025-04-27 14:00:00,Completed,Attended,2025-06-15,84,Passed
2785,5126,1208,2025-05-15 13:45:00,Completed,Attended,2025-06-15,96,Passed
2786,5126,1084,2025-04-23 10:45:00,Completed,Attended,2025-06-15,67,Failed
2787,5126,1085,2025-05-08 08:00:00,Completed,Attended,2025-06-15,53,Failed
2788,5126,1102,2025-05-03 09:15:00,Completed,Attended,2025-06-15,85,Passed
2789,5126,1999,2025-05-14 08:00:00,Completed,Attended,2025-06-15,69,Failed
2790,5126,1117,2025-05-04 15:15:00,Completed,Attended,2025-06-15,64,Failed
2791,5126,1252,2025-05-26 09:30:00,Completed,Attended,2025-06-15,89,Passed
2792,5126,1007,2025-04-21 14:15:00,Completed,Attended,2025-06-15,64,Failed
2793,5126,1139,2025-05-25 09:30:00,Completed,Attended,2025-06-15,67,Failed
2794,5126,1140,2025-04-26 10:15:00,Completed,Attended,2025-06-15,72,Passed
2795,5126,1270,2025-05-12 15:15:00,Completed,Attended,2025-06-15,68,Failed
2796,5126,1017,2025-04-24 10:00:00,Completed,Attended,2025-06-15,39,Failed
2797,5126,1149,2025-05-18 15:45:00,Completed,Attended,2025-06-15,66,Failed
2798,5127,1349,2025-03-25 13:00:00,Completed,Attended,2025-04-03,75,Passed
2799,5127,1318,2025-03-26 08:45:00,Completed,Attended,2025-04-03,61,Failed
2800,5127,1158,2025-03-07 14:15:00,Completed,Attended,2025-04-03,73,Passed
2801,5127,1225,2025-02-18 10:15:00,Completed,Attended,2025-04-03,77,Passed
2802,5127,1514,2025-03-07 15:15:00,Completed,Attended,2025-04-03,72,Passed
2803,5127,1356,2025-03-08 15:45:00,Cancelled,NotApplicable,,,NotAssessed
2804,5127,1454,2025-02-14 15:00:00,NoShow,Absent,,,NotAssessed
2805,5127,1362,2025-03-03 10:00:00,Completed,Attended,2025-04-03,55,Failed
2806,5127,1428,2025-03-20 12:00:00,Completed,Attended,2025-04-03,73,Passed
2807,5127,1493,2025-03-26 08:00:00,Completed,Attended,2025-04-03,62,Failed
2808,5127,1431,2025-03-17 16:15:00,Completed,Attended,2025-04-03,76,Passed
2809,5127,1374,2025-03-10 09:00:00,Completed,Attended,2025-04-03,72,Passed
2810,5127,1311,2025-02-19 11:45:00,Completed,Attended,2025-04-03,72,Passed
2811,5128,1921,2025-06-13 13:30:00,Completed,Attended,2025-06-26,74,Passed
2812,5128,1924,2025-06-03 10:00:00,Completed,Attended,2025-06-26,61,Failed
2813,5128,2053,2025-06-11 16:15:00,Completed,Attended,2025-06-26,95,Passed
2814,5128,1926,2025-05-10 11:15:00,Completed,Attended,2025-06-26,69,Failed
2815,5128,1943,2025-05-28 13:30:00,Completed,Attended,2025-06-26,85,Passed
2816,5128,1945,2025-05-24 15:00:00,Completed,Attended,2025-06-26,64,Failed
2817,5128,1434,2025-05-04 16:45:00,Completed,Attended,2025-06-26,91,Passed
2818,5128,1950,2025-06-17 13:15:00,Completed,Attended,2025-06-26,69,Failed
2819,5128,1951,2025-05-31 14:00:00,Cancelled,NotApplicable,,,NotAssessed
2820,5128,1957,2025-06-09 15:45:00,Completed,Attended,2025-06-26,77,Passed
2821,5128,1962,2025-05-13 10:00:00,Completed,Attended,2025-06-26,86,Passed
2822,5128,1963,2025-06-06 12:00:00,Completed,Attended,2025-06-26,86,Passed
2823,5128,1965,2025-05-08 11:00:00,Completed,Attended,2025-06-26,68,Failed
2824,5128,1968,2025-05-11 11:45:00,Completed,Attended,2025-06-26,55,Failed
2825,5128,2099,2025-05-18 14:15:00,InProgress,Attended,,,NotAssessed
2826,5128,1974,2025-05-08 16:15:00,Completed,Attended,2025-06-26,73,Passed
2827,5128,1719,2025-05-30 08:30:00,Completed,Attended,2025-06-26,79,Passed
2828,5128,1978,2025-06-07 08:15:00,Completed,Attended,2025-06-26,75,Passed
2829,5128,1984,2025-05-13 13:00:00,Completed,Attended,2025-06-26,95,Passed
2830,5128,1988,2025-05-26 16:30:00,Completed,Attended,2025-06-26,91,Passed
2831,5128,1990,2025-05-12 11:45:00,Completed,Attended,2025-06-26,87,Passed
2832,5128,1607,2025-05-02 10:30:00,Completed,Attended,2025-06-26,79,Passed
2833,5128,1993,2025-05-07 09:00:00,Completed,Attended,2025-06-26,73,Passed
2834,5128,1997,2025-05-14 16:15:00,Completed,Attended,2025-06-26,88,Passed
2835,5128,2003,2025-05-08 09:30:00,Completed,Attended,2025-06-26,76,Passed
2836,5128,2005,2025-05-11 16:15:00,Completed,Attended,2025-06-26,59,Failed
2837,5128,2012,2025-06-16 12:30:00,Completed,Attended,2025-06-26,96,Passed
2838,5128,2017,2025-05-09 10:30:00,Completed,Attended,2025-06-26,67,Failed
2839,5128,2020,2025-05-24 15:45:00,Completed,Attended,2025-06-26,93,Passed
2840,5128,1909,2025-06-15 15:00:00,Completed,Attended,2025-06-26,90,Passed
2841,5128,1910,2025-05-29 09:00:00,Completed,Attended,2025-06-26,84,Passed
2842,5128,1656,2025-05-07 16:00:00,Completed,Attended,2025-06-26,100,Passed
2843,5128,1915,2025-06-14 13:30:00,Completed,Attended,2025-06-26,91,Passed
2844,5129,1924,2025-04-24 08:30:00,Completed,Attended,2025-05-27,88,Passed
2845,5129,1414,2025-04-10 16:45:00,Completed,Attended,2025-05-27,77,Passed
2846,5129,1927,2025-04-10 14:45:00,Completed,Attended,2025-05-27,89,Passed
2847,5129,1929,2025-04-04 10:00:00,Completed,Attended,2025-05-27,70,Passed
2848,5129,1932,2025-04-02 09:15:00,Completed,Attended,2025-05-27,78,Passed
2849,5129,1935,2025-05-04 10:45:00,Completed,Attended,2025-05-27,61,Failed
2850,5129,1941,2025-05-15 13:00:00,Completed,Attended,2025-05-27,79,Passed
2851,5129,1943,2025-05-18 11:15:00,Cancelled,NotApplicable,,,NotAssessed
2852,5129,1946,2025-04-06 08:45:00,Completed,Attended,2025-05-27,76,Passed
2853,5129,1948,2025-04-04 14:45:00,Cancelled,NotApplicable,,,NotAssessed
2854,5129,1822,2025-05-04 14:30:00,Completed,Attended,2025-05-27,85,Passed
2855,5129,1953,2025-04-21 13:15:00,Completed,Attended,2025-05-27,71,Passed
2856,5129,1954,2025-04-18 08:00:00,Completed,Attended,2025-05-27,66,Failed
2857,5129,1955,2025-04-02 10:45:00,Completed,Attended,2025-05-27,76,Passed
2858,5129,1958,2025-05-13 09:15:00,InProgress,Attended,,,NotAssessed
2859,5129,1964,2025-04-01 11:15:00,Completed,Attended,2025-05-27,87,Passed
2860,5129,1969,2025-04-23 16:45:00,Completed,Attended,2025-05-27,89,Passed
2861,5129,1978,2025-04-30 08:45:00,Completed,Attended,2025-05-27,83,Passed
2862,5129,1215,2025-04-01 15:30:00,Completed,Attended,2025-05-27,71,Passed
2863,5129,1984,2025-05-16 08:15:00,Completed,Attended,2025-05-27,89,Passed
2864,5129,1990,2025-04-02 09:00:00,Completed,Attended,2025-05-27,87,Passed
2865,5129,1991,2025-04-10 08:00:00,InProgress,Attended,,,NotAssessed
2866,5129,1992,2025-05-16 15:45:00,Completed,Attended,2025-05-27,87,Passed
2867,5129,1993,2025-04-07 13:30:00,Completed,Attended,2025-05-27,78,Passed
2868,5129,1485,2025-04-10 14:15:00,Completed,Attended,2025-05-27,70,Passed
2869,5129,2004,2025-04-06 16:30:00,Completed,Attended,2025-05-27,74,Passed
2870,5129,1878,2025-04-06 10:45:00,NoShow,Absent,,,NotAssessed
2871,5129,2013,2025-04-17 12:00:00,Completed,Attended,2025-05-27,67,Failed
2872,5129,1770,2025-04-27 15:45:00,NoShow,Absent,,,NotAssessed
2873,5129,1005,2025-04-09 15:00:00,InProgress,Attended,,,NotAssessed
2874,5129,1907,2025-03-31 08:15:00,Completed,Attended,2025-05-27,99,Passed
2875,5129,1908,2025-05-18 10:30:00,Completed,Attended,2025-05-27,73,Passed
2876,5129,1909,2025-05-12 16:45:00,Completed,Attended,2025-05-27,92,Passed
2877,5129,2039,2025-04-10 10:30:00,Cancelled,NotApplicable,,,NotAssessed
2878,5130,1665,2026-04-25 11:15:00,Completed,Attended,2026-05-21,86,Passed
2879,5130,1538,2026-04-06 10:45:00,Completed,Attended,2026-05-21,75,Passed
2880,5130,1537,2026-04-14 15:30:00,Completed,Attended,2026-05-21,74,Passed
2881,5130,1676,2026-04-13 08:00:00,Completed,Attended,2026-05-21,80,Passed
2882,5130,1553,2026-04-23 15:45:00,NoShow,Absent,,,NotAssessed
2883,5130,1682,2026-04-02 12:45:00,Completed,Attended,2026-05-21,65,Failed
2884,5130,1687,2026-04-25 10:45:00,Completed,Attended,2026-05-21,94,Passed
2885,5130,1688,2026-04-06 15:00:00,Completed,Attended,2026-05-21,87,Passed
2886,5130,1690,2026-04-07 10:00:00,Completed,Attended,2026-05-21,60,Failed
2887,5130,1693,2026-04-29 10:00:00,Completed,Attended,2026-05-21,74,Passed
2888,5130,1566,2026-04-13 13:30:00,Completed,Attended,2026-05-21,91,Passed
2889,5130,1699,2026-04-25 15:00:00,Completed,Attended,2026-05-21,68,Failed
2890,5130,1702,2026-05-01 10:30:00,Completed,Attended,2026-05-21,93,Passed
2891,5130,1706,2026-05-08 15:15:00,Completed,Attended,2026-05-21,84,Passed
2892,5130,1583,2026-04-04 12:45:00,Completed,Attended,2026-05-21,69,Failed
2893,5130,1715,2026-03-27 15:00:00,Completed,Attended,2026-05-21,99,Passed
2894,5130,1332,2026-05-05 16:30:00,Completed,Attended,2026-05-21,69,Failed
2895,5130,1972,2026-04-27 08:00:00,NoShow,Absent,,,NotAssessed
2896,5130,1591,2026-03-30 10:45:00,Completed,Attended,2026-05-21,81,Passed
2897,5130,1988,2026-04-24 09:00:00,Completed,Attended,2026-05-21,83,Passed
2898,5130,1604,2026-05-11 10:30:00,Completed,Attended,2026-05-21,69,Failed
2899,5130,1609,2026-04-21 10:15:00,Completed,Attended,2026-05-21,66,Failed
2900,5130,1610,2026-05-09 11:45:00,Completed,Attended,2026-05-21,95,Passed
2901,5130,1481,2026-04-09 11:45:00,Completed,Attended,2026-05-21,100,Passed
2902,5130,1360,2026-05-04 13:30:00,Cancelled,NotApplicable,,,NotAssessed
2903,5130,1627,2026-05-05 15:15:00,Completed,Attended,2026-05-21,77,Passed
2904,5130,1629,2026-04-20 09:30:00,Completed,Attended,2026-05-21,89,Passed
2905,5130,1644,2026-04-16 09:45:00,Completed,Attended,2026-05-21,83,Passed
2906,5130,1646,2026-03-30 08:45:00,Completed,Attended,2026-05-21,74,Passed
2907,5130,1649,2026-03-28 11:00:00,Cancelled,NotApplicable,,,NotAssessed
2908,5130,1525,2026-04-10 08:45:00,Completed,Attended,2026-05-21,79,Passed
2909,5130,1662,2026-04-08 08:15:00,Cancelled,NotApplicable,,,NotAssessed
2910,5131,1920,2026-04-17 08:00:00,InProgress,Attended,,,NotAssessed
2911,5131,1926,2026-04-01 08:45:00,Completed,Attended,2026-04-28,80,Passed
2912,5131,1929,2026-04-03 13:45:00,Completed,Attended,2026-04-28,73,Passed
2913,5131,2058,2026-04-14 15:45:00,Completed,Attended,2026-04-28,68,Failed
2914,5131,1931,2026-03-18 12:15:00,Completed,Attended,2026-04-28,68,Failed
2915,5131,1934,2026-03-23 15:15:00,Completed,Attended,2026-04-28,58,Failed
2916,5131,2065,2026-04-11 08:00:00,Completed,Attended,2026-04-28,75,Passed
2917,5131,1943,2026-03-19 11:30:00,Completed,Attended,2026-04-28,84,Passed
2918,5131,1944,2026-04-04 11:15:00,Completed,Attended,2026-04-28,79,Passed
2919,5131,1948,2026-04-02 11:15:00,Completed,Attended,2026-04-28,73,Passed
2920,5131,1953,2026-03-11 16:15:00,Completed,Attended,2026-04-28,66,Failed
2921,5131,1960,2026-04-17 12:30:00,Completed,Attended,2026-04-28,74,Passed
2922,5131,1963,2026-03-14 10:30:00,Completed,Attended,2026-04-28,87,Passed
2923,5131,1464,2026-04-20 10:45:00,NoShow,Absent,,,NotAssessed
2924,5131,1977,2026-04-14 15:00:00,InProgress,Attended,,,NotAssessed
2925,5131,1978,2026-04-03 15:45:00,NoShow,Absent,,,NotAssessed
2926,5131,1851,2026-04-18 11:00:00,Completed,Attended,2026-04-28,69,Failed
2927,5131,1986,2026-04-19 14:45:00,Completed,Attended,2026-04-28,75,Passed
2928,5131,1989,2026-04-19 13:45:00,Completed,Attended,2026-04-28,76,Passed
2929,5131,1990,2026-04-14 14:15:00,Completed,Attended,2026-04-28,86,Passed
2930,5131,1610,2026-04-03 13:15:00,Completed,Attended,2026-04-28,82,Passed
2931,5131,1994,2026-04-19 13:00:00,Completed,Attended,2026-04-28,88,Passed
2932,5131,1872,2026-04-09 08:00:00,Cancelled,NotApplicable,,,NotAssessed
2933,5131,2001,2026-03-09 12:30:00,Completed,Attended,2026-04-28,89,Passed
2934,5131,2003,2026-03-25 14:00:00,Cancelled,NotApplicable,,,NotAssessed
2935,5131,2007,2026-03-24 13:45:00,Completed,Attended,2026-04-28,77,Passed
2936,5131,2012,2026-03-04 10:00:00,Completed,Attended,2026-04-28,76,Passed
2937,5131,2019,2026-04-13 08:45:00,Completed,Attended,2026-04-28,78,Passed
2938,5131,1641,2026-03-24 11:30:00,Completed,Attended,2026-04-28,79,Passed
2939,5131,1904,2026-04-18 14:00:00,Completed,Attended,2026-04-28,51,Failed
2940,5131,1914,2026-03-15 13:45:00,Completed,Attended,2026-04-28,74,Passed
2941,5131,1915,2026-04-03 12:00:00,Completed,Attended,2026-04-28,85,Passed
2942,5132,1888,2025-01-23 10:00:00,Completed,Attended,2025-03-19,58,Failed
2943,5132,1889,2025-02-16 13:15:00,Completed,Attended,2025-03-19,72,Passed
2944,5132,1857,2025-01-28 15:15:00,Completed,Attended,2025-03-19,68,Failed
2945,5132,1765,2025-02-14 10:00:00,Completed,Attended,2025-03-19,78,Passed
2946,5132,1733,2025-02-26 09:30:00,NoShow,Absent,,,NotAssessed
2947,5132,1863,2025-02-18 11:15:00,Completed,Attended,2025-03-19,71,Passed
2948,5132,1704,2025-02-22 13:15:00,Completed,Attended,2025-03-19,93,Passed
2949,5132,1897,2025-02-23 16:00:00,Completed,Attended,2025-03-19,82,Passed
2950,5132,1098,2025-01-23 08:30:00,Completed,Attended,2025-03-19,84,Passed
2951,5132,1638,2025-03-04 12:30:00,Cancelled,NotApplicable,,,NotAssessed
2952,5132,1804,2025-01-24 08:45:00,Cancelled,NotApplicable,,,NotAssessed
2953,5132,1743,2025-02-05 08:00:00,Completed,Attended,2025-03-19,90,Passed
2954,5132,1775,2025-01-29 09:45:00,Completed,Attended,2025-03-19,91,Passed
2955,5132,2001,2025-03-10 12:15:00,Completed,Attended,2025-03-19,79,Passed
2956,5132,1782,2025-02-22 13:45:00,Completed,Attended,2025-03-19,83,Passed
2957,5132,1785,2025-02-24 14:45:00,NoShow,Absent,,,NotAssessed
2958,5132,1886,2025-02-02 16:30:00,Completed,Attended,2025-03-19,68,Failed
2959,5132,1759,2025-02-06 08:30:00,Cancelled,NotApplicable,,,NotAssessed
2960,5133,1665,2026-02-01 10:00:00,Completed,Attended,2026-03-23,69,Failed
2961,5133,2052,2026-03-08 13:15:00,Completed,Attended,2026-03-23,86,Passed
2962,5133,1542,2026-02-12 14:15:00,Completed,Attended,2026-03-23,83,Passed
2963,5133,1674,2026-02-21 10:45:00,Completed,Attended,2026-03-23,48,Failed
2964,5133,1676,2026-03-15 09:00:00,Completed,Attended,2026-03-23,82,Passed
2965,5133,1553,2026-03-13 11:45:00,Completed,Attended,2026-03-23,86,Passed
2966,5133,1681,2026-02-11 09:00:00,Completed,Attended,2026-03-23,73,Passed
2967,5133,1558,2026-03-04 16:15:00,Completed,Attended,2026-03-23,82,Passed
2968,5133,1692,2026-02-04 10:30:00,Completed,Attended,2026-03-23,83,Passed
2969,5133,1567,2026-02-10 14:45:00,Completed,Attended,2026-03-23,81,Passed
2970,5133,1574,2026-02-18 16:45:00,Completed,Attended,2026-03-23,100,Passed
2971,5133,1706,2026-02-17 13:15:00,Completed,Attended,2026-03-23,56,Failed
2972,5133,1326,2026-01-30 10:15:00,Completed,Attended,2026-03-23,61,Failed
2973,5133,1455,2026-02-09 09:15:00,Completed,Attended,2026-03-23,71,Passed
2974,5133,1585,2026-02-10 09:45:00,Completed,Attended,2026-03-23,88,Passed
2975,5133,1714,2026-03-03 11:00:00,InProgress,Attended,,,NotAssessed
2976,5133,1587,2026-01-29 10:30:00,Completed,Attended,2026-03-23,51,Failed
2977,5133,1596,2026-03-13 15:30:00,NoShow,Absent,,,NotAssessed
2978,5133,1611,2026-03-08 11:30:00,Completed,Attended,2026-03-23,69,Failed
2979,5133,1240,2026-02-08 11:00:00,Completed,Attended,2026-03-23,62,Failed
2980,5133,1624,2026-03-03 12:45:00,Completed,Attended,2026-03-23,78,Passed
2981,5133,1628,2026-01-30 11:00:00,Completed,Attended,2026-03-23,70,Passed
2982,5133,1631,2026-03-12 13:00:00,Completed,Attended,2026-03-23,87,Passed
2983,5133,2022,2026-03-06 10:30:00,NoShow,Absent,,,NotAssessed
2984,5133,1383,2026-02-15 14:15:00,Completed,Attended,2026-03-23,62,Failed
2985,5133,1653,2026-03-15 11:30:00,Completed,Attended,2026-03-23,72,Passed
2986,5133,1527,2026-03-13 10:00:00,Completed,Attended,2026-03-23,100,Passed
2987,5133,1528,2026-02-13 14:45:00,NoShow,Absent,,,NotAssessed
2988,5133,1661,2026-02-18 12:15:00,Completed,Attended,2026-03-23,88,Passed
2989,5133,1535,2026-03-12 10:45:00,Completed,Attended,2026-03-23,80,Passed
2990,5134,1412,2025-05-12 10:15:00,Completed,Attended,2025-07-02,75,Passed
2991,5134,1425,2025-06-21 09:00:00,Completed,Attended,2025-07-02,80,Passed
2992,5134,1301,2025-06-02 16:15:00,Completed,Attended,2025-07-02,96,Passed
2993,5134,1302,2025-06-01 15:00:00,Completed,Attended,2025-07-02,60,Failed
2994,5134,1433,2025-06-01 13:45:00,Completed,Attended,2025-07-02,65,Failed
2995,5134,1310,2025-06-08 11:15:00,Completed,Attended,2025-07-02,70,Passed
2996,5134,1311,2025-05-25 11:15:00,Completed,Attended,2025-07-02,76,Passed
2997,5134,1312,2025-06-22 16:00:00,Completed,Attended,2025-07-02,90,Passed
2998,5134,1317,2025-05-16 08:45:00,Completed,Attended,2025-07-02,52,Failed
2999,5134,1319,2025-06-01 13:15:00,Completed,Attended,2025-07-02,81,Passed
3000,5134,1322,2025-05-17 11:45:00,Completed,Attended,2025-07-02,87,Passed
3001,5134,1454,2025-06-06 10:15:00,Completed,Attended,2025-07-02,57,Failed
3002,5134,1715,2025-05-19 09:45:00,Completed,Attended,2025-07-02,85,Passed
3003,5134,1335,2025-05-14 12:45:00,InProgress,Attended,,,NotAssessed
3004,5134,1979,2025-05-29 09:45:00,Completed,Attended,2025-07-02,77,Passed
3005,5134,1468,2025-05-07 09:15:00,Completed,Attended,2025-07-02,93,Passed
3006,5134,1986,2025-06-18 16:00:00,Completed,Attended,2025-07-02,74,Passed
3007,5134,1223,2025-05-11 08:30:00,Completed,Attended,2025-07-02,87,Passed
3008,5134,1613,2025-06-03 13:45:00,Completed,Attended,2025-07-02,81,Passed
3009,5134,1359,2025-05-31 13:45:00,Completed,Attended,2025-07-02,69,Failed
3010,5134,1364,2025-05-11 10:15:00,Completed,Attended,2025-07-02,65,Failed
3011,5134,1498,2025-05-08 15:00:00,Completed,Attended,2025-07-02,75,Passed
3012,5134,1757,2025-06-18 12:15:00,Completed,Attended,2025-07-02,87,Passed
3013,5134,1376,2025-05-22 08:45:00,Completed,Attended,2025-07-02,79,Passed
3014,5134,1888,2025-06-04 09:00:00,Completed,Attended,2025-07-02,61,Failed
3015,5134,1635,2025-05-20 10:45:00,Completed,Attended,2025-07-02,69,Failed
3016,5134,1507,2025-05-24 14:00:00,Completed,Attended,2025-07-02,58,Failed
3017,5134,1390,2025-06-05 11:00:00,Completed,Attended,2025-07-02,86,Passed
3018,5134,1518,2025-06-02 14:30:00,Completed,Attended,2025-07-02,94,Passed
3019,5134,1392,2025-06-03 09:30:00,Completed,Attended,2025-07-02,78,Passed
3020,5134,1405,2025-06-07 11:00:00,Completed,Attended,2025-07-02,69,Failed
3021,5135,2048,2025-11-12 13:45:00,Cancelled,NotApplicable,,,NotAssessed
3022,5135,2050,2025-11-26 10:00:00,Completed,Attended,2025-12-29,98,Passed
3023,5135,2052,2025-11-27 08:00:00,Completed,Attended,2025-12-29,86,Passed
3024,5135,2058,2025-11-08 09:45:00,Completed,Attended,2025-12-29,54,Failed
3025,5135,2059,2025-11-21 11:15:00,Completed,Attended,2025-12-29,100,Passed
3026,5135,2060,2025-11-27 14:45:00,Cancelled,NotApplicable,,,NotAssessed
3027,5135,2061,2025-11-29 11:15:00,Completed,Attended,2025-12-29,82,Passed
3028,5135,2062,2025-11-06 13:30:00,Completed,Attended,2025-12-29,60,Failed
3029,5135,2065,2025-11-08 14:45:00,Completed,Attended,2025-12-29,81,Passed
3030,5135,2067,2025-11-03 09:30:00,Completed,Attended,2025-12-29,78,Passed
3031,5135,2073,2025-11-07 09:15:00,Completed,Attended,2025-12-29,56,Failed
3032,5135,1049,2025-11-19 12:00:00,Completed,Attended,2025-12-29,94,Passed
3033,5135,2077,2025-11-23 09:30:00,Completed,Attended,2025-12-29,68,Failed
3034,5135,2079,2025-11-24 15:45:00,Completed,Attended,2025-12-29,59,Failed
3035,5135,2081,2025-11-28 11:30:00,Cancelled,NotApplicable,,,NotAssessed
3036,5135,2083,2025-12-10 10:00:00,InProgress,Attended,,,NotAssessed
3037,5135,2084,2025-11-07 16:45:00,Completed,Attended,2025-12-29,83,Passed
3038,5135,2086,2025-12-08 11:45:00,InProgress,Attended,,,NotAssessed
3039,5135,2091,2025-11-16 09:45:00,Completed,Attended,2025-12-29,62,Failed
3040,5135,2093,2025-11-27 08:15:00,Cancelled,NotApplicable,,,NotAssessed
3041,5135,2094,2025-12-04 12:00:00,NoShow,Absent,,,NotAssessed
3042,5135,2096,2025-12-19 08:45:00,Completed,Attended,2025-12-29,63,Failed
3043,5135,1466,2025-12-18 10:00:00,Completed,Attended,2025-12-29,70,Passed
3044,5135,2011,2025-11-30 08:00:00,Completed,Attended,2025-12-29,83,Passed
3045,5135,2023,2025-11-13 14:45:00,Completed,Attended,2025-12-29,78,Passed
3046,5135,2025,2025-12-03 10:15:00,Cancelled,NotApplicable,,,NotAssessed
3047,5135,2026,2025-11-15 09:30:00,Completed,Attended,2025-12-29,75,Passed
3048,5135,2030,2025-12-18 14:30:00,Completed,Attended,2025-12-29,79,Passed
3049,5135,2031,2025-11-19 14:00:00,Completed,Attended,2025-12-29,81,Passed
3050,5135,2039,2025-11-10 15:45:00,Completed,Attended,2025-12-29,80,Passed
3051,5135,2040,2025-11-15 12:00:00,InProgress,Attended,,,NotAssessed
3052,5135,2043,2025-12-12 16:15:00,Completed,Attended,2025-12-29,49,Failed
3053,5135,2047,2025-12-20 11:30:00,Completed,Attended,2025-12-29,81,Passed
3054,5136,2051,2025-04-27 08:15:00,Completed,Attended,2025-05-09,75,Passed
3055,5136,1923,2025-04-16 16:30:00,Completed,Attended,2025-05-09,61,Failed
3056,5136,2019,2025-04-19 15:15:00,Completed,Attended,2025-05-09,62,Failed
3057,5136,2023,2025-03-28 08:00:00,Completed,Attended,2025-05-09,79,Passed
3058,5136,2027,2025-03-21 14:00:00,Cancelled,NotApplicable,,,NotAssessed
3059,5136,2092,2025-04-11 11:00:00,InProgress,Attended,,,NotAssessed
3060,5136,2059,2025-03-14 12:00:00,Completed,Attended,2025-05-09,69,Failed
3061,5136,2094,2025-04-13 12:30:00,Completed,Attended,2025-05-09,75,Passed
3062,5136,2028,2025-04-15 08:45:00,Completed,Attended,2025-05-09,65,Failed
3063,5136,2100,2025-04-15 16:15:00,Completed,Attended,2025-05-09,66,Failed
3064,5136,2068,2025-03-22 16:45:00,Completed,Attended,2025-05-09,65,Failed
3065,5136,1081,2025-03-26 10:00:00,NoShow,Absent,,,NotAssessed
3066,5136,2079,2025-04-08 14:45:00,Completed,Attended,2025-05-09,72,Passed
3067,5136,2047,2025-04-20 16:30:00,Completed,Attended,2025-05-09,93,Passed
3068,5137,1957,2026-05-06 14:00:00,Cancelled,NotApplicable,,,NotAssessed
3069,5137,1926,2026-05-04 16:15:00,Completed,Attended,2026-05-24,65,Failed
3070,5137,1927,2026-04-19 16:15:00,Completed,Attended,2026-05-24,93,Passed
3071,5137,2011,2026-04-26 13:45:00,Completed,Attended,2026-05-24,84,Passed
3072,5137,1611,2026-04-06 10:45:00,Completed,Attended,2026-05-24,84,Passed
3073,5137,1932,2026-04-19 13:15:00,Completed,Attended,2026-05-24,81,Passed
3074,5137,1966,2026-04-12 11:30:00,Cancelled,NotApplicable,,,NotAssessed
3075,5137,1968,2026-04-06 08:00:00,Completed,Attended,2026-05-24,74,Passed
3076,5137,1969,2026-05-05 13:45:00,InProgress,Attended,,,NotAssessed
3077,5137,2003,2026-04-14 10:00:00,Completed,Attended,2026-05-24,54,Failed
3078,5137,1467,2026-04-17 10:45:00,NoShow,Absent,,,NotAssessed
3079,5137,1944,2026-04-05 16:15:00,Completed,Attended,2026-05-24,89,Passed
3080,5137,2070,2026-03-31 11:00:00,Completed,Attended,2026-05-24,81,Passed
3081,5137,1976,2026-05-05 14:00:00,Completed,Attended,2026-05-24,81,Passed
3082,5137,2010,2026-04-19 15:15:00,Cancelled,NotApplicable,,,NotAssessed
3083,5137,1915,2026-05-15 13:00:00,Completed,Attended,2026-05-24,74,Passed
3084,5137,1950,2026-05-11 14:15:00,Completed,Attended,2026-05-24,84,Passed
3085,5138,2049,2025-05-28 16:30:00,Completed,Attended,2025-07-15,91,Passed
3086,5138,2050,2025-05-21 16:15:00,Completed,Attended,2025-07-15,90,Passed
3087,5138,2052,2025-06-12 11:30:00,Completed,Attended,2025-07-15,86,Passed
3088,5138,2053,2025-05-20 09:45:00,InProgress,Attended,,,NotAssessed
3089,5138,2061,2025-06-09 13:30:00,Completed,Attended,2025-07-15,82,Passed
3090,5138,2067,2025-07-01 15:30:00,Completed,Attended,2025-07-15,68,Failed
3091,5138,2069,2025-05-24 12:00:00,Completed,Attended,2025-07-15,69,Failed
3092,5138,2072,2025-05-27 09:15:00,Completed,Attended,2025-07-15,84,Passed
3093,5138,2081,2025-06-13 09:30:00,Completed,Attended,2025-07-15,80,Passed
3094,5138,2084,2025-06-11 15:30:00,Completed,Attended,2025-07-15,87,Passed
3095,5138,1444,2025-06-26 10:30:00,Completed,Attended,2025-07-15,77,Passed
3096,5138,1065,2025-06-30 12:15:00,Completed,Attended,2025-07-15,77,Passed
3097,5138,2089,2025-06-02 13:00:00,Completed,Attended,2025-07-15,60,Failed
3098,5138,2093,2025-06-23 10:15:00,Completed,Attended,2025-07-15,96,Passed
3099,5138,2096,2025-07-06 16:15:00,Completed,Attended,2025-07-15,100,Passed
3100,5138,1973,2025-06-12 13:00:00,Completed,Attended,2025-07-15,100,Passed
3101,5138,1975,2025-07-05 08:45:00,Completed,Attended,2025-07-15,67,Failed
3102,5138,1850,2025-07-05 08:30:00,Completed,Attended,2025-07-15,67,Failed
3103,5138,1998,2025-06-26 13:45:00,NoShow,Absent,,,NotAssessed
3104,5138,2004,2025-06-29 15:30:00,Completed,Attended,2025-07-15,76,Passed
3105,5138,1751,2025-05-26 10:45:00,Cancelled,NotApplicable,,,NotAssessed
3106,5138,2026,2025-06-22 15:45:00,Completed,Attended,2025-07-15,67,Failed
3107,5138,2029,2025-06-23 08:00:00,Completed,Attended,2025-07-15,68,Failed
3108,5138,2030,2025-06-08 11:30:00,Completed,Attended,2025-07-15,68,Failed
3109,5138,2032,2025-06-28 10:30:00,Completed,Attended,2025-07-15,78,Passed
3110,5138,2042,2025-07-02 10:15:00,Completed,Attended,2025-07-15,71,Passed
3111,5139,1952,2026-07-04 12:30:00,Completed,Attended,2026-08-21,70,Passed
3112,5139,2017,2026-08-10 15:15:00,Completed,Attended,2026-08-21,86,Passed
3113,5139,1986,2026-06-29 10:30:00,NoShow,Absent,,,NotAssessed
3114,5139,1923,2026-07-20 08:00:00,Completed,Attended,2026-08-21,59,Failed
3115,5139,1953,2026-07-23 08:15:00,Completed,Attended,2026-08-21,83,Passed
3116,5139,1961,2026-07-31 10:45:00,Completed,Attended,2026-08-21,98,Passed
3117,5139,1993,2026-08-07 08:30:00,Completed,Attended,2026-08-21,81,Passed
3118,5139,2012,2026-08-03 12:45:00,Completed,Attended,2026-08-21,56,Failed
3119,5139,1934,2026-07-31 16:15:00,Cancelled,NotApplicable,,,NotAssessed
3120,5139,1998,2026-07-17 11:30:00,NoShow,Absent,,,NotAssessed
3121,5139,1742,2026-08-10 12:30:00,Completed,Attended,2026-08-21,93,Passed
3122,5139,1073,2026-07-10 08:00:00,InProgress,Attended,,,NotAssessed
3123,5139,1906,2026-07-07 10:30:00,Completed,Attended,2026-08-21,76,Passed
3124,5139,1970,2026-07-01 15:30:00,Completed,Attended,2026-08-21,59,Failed
3125,5139,1944,2026-08-04 15:15:00,Completed,Attended,2026-08-21,57,Failed
3126,5139,1980,2026-07-21 08:15:00,Completed,Attended,2026-08-21,73,Passed
3127,5140,1922,2025-08-17 11:00:00,Completed,Attended,2025-10-08,56,Failed
3128,5140,1925,2025-09-29 14:00:00,Completed,Attended,2025-10-08,100,Passed
3129,5140,1157,2025-08-17 08:15:00,Completed,Attended,2025-10-08,81,Passed
3130,5140,1928,2025-09-25 10:15:00,Completed,Attended,2025-10-08,81,Passed
3131,5140,1930,2025-09-25 15:00:00,NoShow,Absent,,,NotAssessed
3132,5140,2076,2025-09-30 13:45:00,NoShow,Absent,,,NotAssessed
3133,5140,2077,2025-09-13 16:15:00,Completed,Attended,2025-10-08,73,Passed
3134,5140,1954,2025-08-23 09:00:00,Completed,Attended,2025-10-08,78,Passed
3135,5140,1965,2025-09-10 16:30:00,Completed,Attended,2025-10-08,87,Passed
3136,5140,1967,2025-08-28 08:45:00,Completed,Attended,2025-10-08,76,Passed
3137,5140,1972,2025-09-27 08:00:00,Completed,Attended,2025-10-08,79,Passed
3138,5140,1975,2025-08-15 08:15:00,Completed,Attended,2025-10-08,87,Passed
3139,5140,1979,2025-09-23 13:00:00,Completed,Attended,2025-10-08,69,Failed
3140,5140,1982,2025-09-17 10:15:00,Completed,Attended,2025-10-08,87,Passed
3141,5140,1986,2025-08-25 15:30:00,Completed,Attended,2025-10-08,51,Failed
3142,5140,1991,2025-09-11 08:15:00,Completed,Attended,2025-10-08,71,Passed
3143,5140,2002,2025-08-14 16:00:00,Completed,Attended,2025-10-08,81,Passed
3144,5140,2007,2025-08-18 08:15:00,Completed,Attended,2025-10-08,60,Failed
3145,5140,2018,2025-09-02 16:45:00,Completed,Attended,2025-10-08,68,Failed
3146,5140,1779,2025-08-23 15:30:00,Completed,Attended,2025-10-08,72,Passed
3147,5140,1784,2025-09-15 09:15:00,Completed,Attended,2025-10-08,76,Passed
3148,5140,1530,2025-10-01 15:15:00,Completed,Attended,2025-10-08,96,Passed
3149,5140,1915,2025-09-03 13:15:00,Completed,Attended,2025-10-08,76,Passed
3150,5140,1917,2025-08-21 10:00:00,Completed,Attended,2025-10-08,77,Passed
3151,5140,1918,2025-09-19 09:45:00,Completed,Attended,2025-10-08,76,Passed
3152,5141,1928,2025-04-28 10:00:00,Completed,Attended,2025-05-17,70,Passed
3153,5141,1805,2025-04-12 08:30:00,InProgress,Attended,,,NotAssessed
3154,5141,1813,2025-04-09 08:15:00,Cancelled,NotApplicable,,,NotAssessed
3155,5141,1817,2025-04-23 11:45:00,Completed,Attended,2025-05-17,88,Passed
3156,5141,2073,2025-03-29 11:00:00,NoShow,Absent,,,NotAssessed
3157,5141,1691,2025-04-21 12:00:00,Completed,Attended,2025-05-17,97,Passed
3158,5141,1825,2025-03-27 14:45:00,InProgress,Attended,,,NotAssessed
3159,5141,2086,2025-04-15 08:30:00,Completed,Attended,2025-05-17,100,Passed
3160,5141,1958,2025-04-12 15:30:00,NoShow,Absent,,,NotAssessed
3161,5141,1321,2025-03-25 09:15:00,Completed,Attended,2025-05-17,76,Passed
3162,5141,1845,2025-04-06 09:45:00,Completed,Attended,2025-05-17,73,Passed
3163,5141,1863,2025-05-02 10:30:00,InProgress,Attended,,,NotAssessed
3164,5141,1609,2025-03-25 14:45:00,InProgress,Attended,,,NotAssessed
3165,5141,1737,2025-05-05 14:45:00,Completed,Attended,2025-05-17,66,Failed
3166,5141,1740,2025-04-26 09:45:00,Completed,Attended,2025-05-17,62,Failed
3167,5141,1870,2025-04-19 15:30:00,Completed,Attended,2025-05-17,76,Passed
3168,5141,1871,2025-03-27 12:15:00,Completed,Attended,2025-05-17,79,Passed
3169,5141,1746,2025-03-31 13:00:00,Completed,Attended,2025-05-17,61,Failed
3170,5141,1874,2025-04-03 13:15:00,Completed,Attended,2025-05-17,67,Failed
3171,5141,1748,2025-05-07 14:30:00,InProgress,Attended,,,NotAssessed
3172,5141,1492,2025-04-16 09:30:00,NoShow,Absent,,,NotAssessed
3173,5141,1750,2025-05-02 14:30:00,Completed,Attended,2025-05-17,84,Passed
3174,5141,1880,2025-03-31 16:15:00,Completed,Attended,2025-05-17,58,Failed
3175,5141,1753,2025-04-10 11:30:00,Completed,Attended,2025-05-17,79,Passed
3176,5141,1754,2025-03-31 09:00:00,Cancelled,NotApplicable,,,NotAssessed
3177,5141,1884,2025-04-03 15:00:00,Completed,Attended,2025-05-17,71,Passed
3178,5141,1761,2025-03-23 09:00:00,Completed,Attended,2025-05-17,69,Failed
3179,5141,1889,2025-05-05 10:30:00,Completed,Attended,2025-05-17,80,Passed
3180,5141,1767,2025-03-28 16:15:00,Completed,Attended,2025-05-17,67,Failed
3181,5141,1776,2025-03-29 14:00:00,Completed,Attended,2025-05-17,85,Passed
3182,5141,1783,2025-05-05 11:30:00,Completed,Attended,2025-05-17,68,Failed
3183,5141,1790,2025-04-13 13:15:00,InProgress,Attended,,,NotAssessed
3184,5142,2050,2025-03-13 09:15:00,Cancelled,NotApplicable,,,NotAssessed
3185,5142,1666,2025-02-24 11:45:00,Completed,Attended,2025-04-18,97,Passed
3186,5142,2052,2025-02-28 13:30:00,Completed,Attended,2025-04-18,80,Passed
3187,5142,2053,2025-04-01 14:45:00,Completed,Attended,2025-04-18,87,Passed
3188,5142,2055,2025-04-06 14:00:00,Cancelled,NotApplicable,,,NotAssessed
3189,5142,1675,2025-02-24 15:30:00,NoShow,Absent,,,NotAssessed
3190,5142,2060,2025-02-23 10:00:00,Completed,Attended,2025-04-18,73,Passed
3191,5142,1932,2025-02-28 09:30:00,Completed,Attended,2025-04-18,84,Passed
3192,5142,1808,2025-03-05 08:15:00,Completed,Attended,2025-04-18,80,Passed
3193,5142,1298,2025-04-07 09:15:00,Completed,Attended,2025-04-18,89,Passed
3194,5142,2068,2025-03-10 15:30:00,Completed,Attended,2025-04-18,52,Failed
3195,5142,2070,2025-03-05 12:15:00,Completed,Attended,2025-04-18,68,Failed
3196,5142,2071,2025-03-11 12:00:00,Completed,Attended,2025-04-18,62,Failed
3197,5142,1560,2025-03-12 11:15:00,Completed,Attended,2025-04-18,100,Passed
3198,5142,2073,2025-02-28 10:00:00,Completed,Attended,2025-04-18,88,Passed
3199,5142,2075,2025-03-24 14:15:00,Completed,Attended,2025-04-18,78,Passed
3200,5142,2076,2025-03-30 12:30:00,Completed,Attended,2025-04-18,76,Passed
3201,5142,2079,2025-03-16 11:30:00,Completed,Attended,2025-04-18,97,Passed
3202,5142,2082,2025-04-02 14:45:00,Completed,Attended,2025-04-18,79,Passed
3203,5142,1059,2025-04-04 09:15:00,NoShow,Absent,,,NotAssessed
3204,5142,2091,2025-03-03 15:00:00,Completed,Attended,2025-04-18,74,Passed
3205,5142,2095,2025-03-27 12:00:00,Completed,Attended,2025-04-18,79,Passed
3206,5142,2099,2025-03-18 13:15:00,Completed,Attended,2025-04-18,83,Passed
3207,5142,2100,2025-03-01 14:30:00,NoShow,Absent,,,NotAssessed
3208,5142,1845,2025-04-09 12:00:00,Completed,Attended,2025-04-18,79,Passed
3209,5142,1755,2025-03-30 15:00:00,NoShow,Absent,,,NotAssessed
3210,5142,1116,2025-03-29 12:15:00,Completed,Attended,2025-04-18,59,Failed
3211,5142,1631,2025-03-17 14:00:00,Completed,Attended,2025-04-18,64,Failed
3212,5142,2021,2025-04-06 15:30:00,Completed,Attended,2025-04-18,87,Passed
3213,5142,2023,2025-03-14 09:00:00,Completed,Attended,2025-04-18,67,Failed
3214,5142,2028,2025-03-10 08:15:00,Completed,Attended,2025-04-18,52,Failed
3215,5142,2029,2025-03-20 14:00:00,Completed,Attended,2025-04-18,80,Passed
3216,5142,2033,2025-03-28 08:45:00,Completed,Attended,2025-04-18,78,Passed
3217,5142,2037,2025-04-03 12:15:00,Completed,Attended,2025-04-18,69,Failed
3218,5142,2039,2025-03-27 10:15:00,Completed,Attended,2025-04-18,64,Failed
3219,5142,2042,2025-03-16 12:15:00,Completed,Attended,2025-04-18,65,Failed
3220,5142,1277,2025-03-13 14:30:00,Completed,Attended,2025-04-18,59,Failed
3221,5142,2046,2025-03-10 15:00:00,Completed,Attended,2025-04-18,77,Passed
3222,5142,2047,2025-03-29 15:30:00,InProgress,Attended,,,NotAssessed
3223,5143,1923,2026-03-20 09:00:00,Completed,Attended,2026-04-21,76,Passed
3224,5143,1924,2026-03-23 09:45:00,Completed,Attended,2026-04-21,79,Passed
3225,5143,1414,2026-04-10 09:45:00,Completed,Attended,2026-04-21,63,Failed
3226,5143,1927,2026-03-02 12:00:00,Completed,Attended,2026-04-21,69,Failed
3227,5143,1931,2026-03-22 15:00:00,Completed,Attended,2026-04-21,73,Passed
3228,5143,1939,2026-03-01 15:45:00,Completed,Attended,2026-04-21,73,Passed
3229,5143,1943,2026-03-07 16:45:00,Completed,Attended,2026-04-21,66,Failed
3230,5143,1820,2026-03-11 14:00:00,Completed,Attended,2026-04-21,84,Passed
3231,5143,1951,2026-03-31 13:00:00,Completed,Attended,2026-04-21,81,Passed
3232,5143,1952,2026-03-22 16:45:00,Completed,Attended,2026-04-21,73,Passed
3233,5143,1954,2026-03-23 16:30:00,Completed,Attended,2026-04-21,85,Passed
3234,5143,1957,2026-03-21 14:30:00,Completed,Attended,2026-04-21,72,Passed
3235,5143,1959,2026-04-11 14:45:00,Completed,Attended,2026-04-21,58,Failed
3236,5143,1965,2026-03-12 12:00:00,Completed,Attended,2026-04-21,53,Failed
3237,5143,1975,2026-03-20 10:00:00,Cancelled,NotApplicable,,,NotAssessed
3238,5143,1208,2026-03-11 12:30:00,Completed,Attended,2026-04-21,77,Passed
3239,5143,1977,2026-04-13 12:30:00,Completed,Attended,2026-04-21,94,Passed
3240,5143,1980,2026-03-09 16:45:00,Completed,Attended,2026-04-21,70,Passed
3241,5143,1216,2026-04-06 16:30:00,Completed,Attended,2026-04-21,72,Passed
3242,5143,1989,2026-04-13 16:45:00,Completed,Attended,2026-04-21,77,Passed
3243,5143,1993,2026-02-24 16:30:00,Completed,Attended,2026-04-21,69,Failed
3244,5143,1995,2026-03-29 09:15:00,Completed,Attended,2026-04-21,74,Passed
3245,5143,1744,2026-03-09 10:15:00,Completed,Attended,2026-04-21,60,Failed
3246,5143,2008,2026-03-10 11:45:00,Completed,Attended,2026-04-21,88,Passed
3247,5143,2009,2026-04-03 13:45:00,InProgress,Attended,,,NotAssessed
3248,5143,2015,2026-03-30 08:00:00,Completed,Attended,2026-04-21,98,Passed
3249,5143,2016,2026-03-28 16:15:00,Completed,Attended,2026-04-21,87,Passed
3250,5143,2018,2026-03-16 09:30:00,Completed,Attended,2026-04-21,51,Failed
3251,5143,2020,2026-03-12 09:30:00,Completed,Attended,2026-04-21,69,Failed
3252,5143,1126,2026-03-08 11:45:00,InProgress,Attended,,,NotAssessed
3253,5143,1904,2026-03-22 08:45:00,Completed,Attended,2026-04-21,69,Failed
3254,5143,1910,2026-03-21 10:45:00,Completed,Attended,2026-04-21,72,Passed
3255,5143,1916,2026-03-18 14:30:00,Completed,Attended,2026-04-21,68,Failed
3256,5144,2042,2025-03-24 16:15:00,Completed,Attended,2025-04-13,75,Passed
3257,5144,1635,2025-03-15 13:30:00,Cancelled,NotApplicable,,,NotAssessed
3258,5144,1577,2025-03-25 16:45:00,Completed,Attended,2025-04-13,81,Passed
3259,5144,1610,2025-03-25 13:15:00,Completed,Attended,2025-04-13,75,Passed
3260,5144,1582,2025-03-12 14:45:00,Completed,Attended,2025-04-13,76,Passed
3261,5144,1648,2025-03-24 14:00:00,Completed,Attended,2025-04-13,90,Passed
3262,5144,1460,2025-03-15 08:00:00,Completed,Attended,2025-04-13,80,Passed
3263,5144,1978,2025-02-25 15:15:00,Cancelled,NotApplicable,,,NotAssessed
3264,5144,1691,2025-03-31 10:00:00,Completed,Attended,2025-04-13,72,Passed
3265,5145,1801,2026-07-15 10:15:00,Completed,Attended,2026-08-13,78,Passed
3266,5145,1802,2026-07-10 10:00:00,Completed,Attended,2026-08-13,81,Passed
3267,5145,1804,2026-08-02 09:15:00,InProgress,Attended,,,NotAssessed
3268,5145,1805,2026-07-09 16:45:00,Completed,Attended,2026-08-13,87,Passed
3269,5145,1806,2026-07-31 08:45:00,NoShow,Absent,,,NotAssessed
3270,5145,1812,2026-08-04 10:30:00,Cancelled,NotApplicable,,,NotAssessed
3271,5145,1819,2026-06-20 14:45:00,NoShow,Absent,,,NotAssessed
3272,5145,1826,2026-07-28 10:00:00,Cancelled,NotApplicable,,,NotAssessed
3273,5145,1842,2026-07-17 13:45:00,Completed,Attended,2026-08-13,86,Passed
3274,5145,2100,2026-07-03 08:30:00,Completed,Attended,2026-08-13,45,Failed
3275,5145,1846,2026-07-19 14:15:00,InProgress,Attended,,,NotAssessed
3276,5145,1463,2026-07-26 15:30:00,Completed,Attended,2026-08-13,80,Passed
3277,5145,1340,2026-06-27 10:15:00,Completed,Attended,2026-08-13,58,Failed
3278,5145,1222,2026-07-07 09:00:00,Completed,Attended,2026-08-13,57,Failed
3279,5145,1863,2026-06-26 15:30:00,NoShow,Absent,,,NotAssessed
3280,5145,1734,2026-07-14 13:30:00,Completed,Attended,2026-08-13,61,Failed
3281,5145,1739,2026-07-15 16:45:00,InProgress,Attended,,,NotAssessed
3282,5145,1746,2026-08-04 13:00:00,InProgress,Attended,,,NotAssessed
3283,5145,1876,2026-06-30 16:30:00,Completed,Attended,2026-08-13,81,Passed
3284,5145,1749,2026-06-30 15:00:00,Completed,Attended,2026-08-13,64,Failed
3285,5145,1882,2026-07-03 12:15:00,NoShow,Absent,,,NotAssessed
3286,5145,1765,2026-06-27 14:00:00,Completed,Attended,2026-08-13,77,Passed
3287,5145,1894,2026-07-01 14:30:00,Completed,Attended,2026-08-13,89,Passed
3288,5145,1778,2026-07-19 14:45:00,Completed,Attended,2026-08-13,95,Passed
3289,5145,1779,2026-06-29 11:30:00,Completed,Attended,2026-08-13,94,Passed
3290,5145,1785,2026-06-28 16:15:00,Completed,Attended,2026-08-13,66,Failed
3291,5146,1408,2025-06-16 14:15:00,Completed,Attended,2025-08-04,72,Passed
3292,5146,1409,2025-07-22 11:15:00,Completed,Attended,2025-08-04,82,Passed
3293,5146,1987,2025-06-12 16:45:00,Completed,Attended,2025-08-04,79,Passed
3294,5146,1381,2025-07-21 13:30:00,NoShow,Absent,,,NotAssessed
3295,5146,1382,2025-06-08 15:30:00,Completed,Attended,2025-08-04,79,Passed
3296,5146,1385,2025-07-01 13:30:00,InProgress,Attended,,,NotAssessed
3297,5146,1483,2025-07-08 09:45:00,Completed,Attended,2025-08-04,69,Failed
3298,5146,1389,2025-07-03 16:30:00,Completed,Attended,2025-08-04,81,Passed
3299,5146,1422,2025-07-09 13:45:00,Completed,Attended,2025-08-04,66,Failed
3300,5146,1362,2025-06-26 11:30:00,Completed,Attended,2025-08-04,67,Failed
3301,5146,1428,2025-06-17 16:30:00,Completed,Attended,2025-08-04,83,Passed
3302,5146,1397,2025-06-29 14:45:00,Completed,Attended,2025-08-04,91,Passed
3303,5146,1400,2025-06-21 16:45:00,Completed,Attended,2025-08-04,73,Passed
3304,5146,1497,2025-07-19 08:15:00,InProgress,Attended,,,NotAssessed
3305,5146,1982,2025-06-08 10:00:00,Completed,Attended,2025-08-04,96,Passed
3306,5146,1503,2025-06-27 09:45:00,NoShow,Absent,,,NotAssessed
3307,5147,2085,2025-03-10 15:45:00,Completed,Attended,2025-04-13,76,Passed
3308,5147,2054,2025-03-13 16:15:00,Completed,Attended,2025-04-13,99,Passed
3309,5147,2087,2025-03-01 11:30:00,Completed,Attended,2025-04-13,80,Passed
3310,5147,2027,2025-02-25 13:45:00,Completed,Attended,2025-04-13,99,Passed
3311,5147,2028,2025-02-22 14:15:00,Completed,Attended,2025-04-13,70,Passed
3312,5147,2030,2025-02-22 12:30:00,Completed,Attended,2025-04-13,90,Passed
3313,5147,2094,2025-03-14 09:15:00,NoShow,Absent,,,NotAssessed
3314,5147,2096,2025-03-14 16:45:00,Completed,Attended,2025-04-13,61,Failed
3315,5147,2100,2025-03-25 11:00:00,Completed,Attended,2025-04-13,52,Failed
3316,5147,2036,2025-02-27 16:45:00,Completed,Attended,2025-04-13,47,Failed
3317,5147,1110,2025-03-28 15:30:00,Completed,Attended,2025-04-13,67,Failed
3318,5147,2071,2025-03-14 15:30:00,Completed,Attended,2025-04-13,76,Passed
3319,5147,2072,2025-02-15 11:30:00,NoShow,Absent,,,NotAssessed
3320,5147,2047,2025-02-15 13:45:00,Completed,Attended,2025-04-13,87,Passed
3321,5147,2045,2025-03-16 14:30:00,Completed,Attended,2025-04-13,76,Passed
3322,5147,1247,2025-04-01 15:15:00,Completed,Attended,2025-04-13,69,Failed
3323,5148,1420,2025-09-28 11:45:00,NoShow,Absent,,,NotAssessed
3324,5148,1696,2025-09-18 15:00:00,Completed,Attended,2025-11-07,60,Failed
3325,5148,1066,2025-10-19 10:15:00,Completed,Attended,2025-11-07,80,Passed
3326,5148,2097,2025-10-23 15:30:00,Completed,Attended,2025-11-07,67,Failed
3327,5148,1844,2025-10-28 10:00:00,NoShow,Absent,,,NotAssessed
3328,5148,1336,2025-10-29 14:00:00,Completed,Attended,2025-11-07,70,Passed
3329,5148,1467,2025-10-20 10:15:00,Completed,Attended,2025-11-07,73,Passed
3330,5148,1469,2025-09-23 14:30:00,Completed,Attended,2025-11-07,69,Failed
3331,5148,1342,2025-09-29 15:30:00,Completed,Attended,2025-11-07,72,Passed
3332,5148,1472,2025-10-10 10:30:00,Completed,Attended,2025-11-07,66,Failed
3333,5148,1473,2025-10-23 13:00:00,Completed,Attended,2025-11-07,73,Passed
3334,5148,1477,2025-10-02 14:15:00,Completed,Attended,2025-11-07,78,Passed
3335,5148,1490,2025-10-21 10:30:00,Completed,Attended,2025-11-07,100,Passed
3336,5148,1366,2025-10-29 16:00:00,Completed,Attended,2025-11-07,100,Passed
3337,5148,1373,2025-09-21 14:45:00,Completed,Attended,2025-11-07,75,Passed
3338,5148,1377,2025-09-18 16:30:00,Completed,Attended,2025-11-07,91,Passed
3339,5148,1378,2025-10-30 10:30:00,Completed,Attended,2025-11-07,66,Failed
3340,5148,1382,2025-10-16 14:45:00,Completed,Attended,2025-11-07,71,Passed
3341,5148,1383,2025-09-14 14:45:00,Completed,Attended,2025-11-07,89,Passed
3342,5148,1389,2025-10-05 15:00:00,Completed,Attended,2025-11-07,72,Passed
3343,5148,1903,2025-09-29 14:30:00,Completed,Attended,2025-11-07,59,Failed
3344,5148,1650,2025-10-31 13:15:00,Completed,Attended,2025-11-07,81,Passed
3345,5148,1270,2025-10-29 09:15:00,Completed,Attended,2025-11-07,60,Failed
3346,5149,1931,2026-03-25 09:45:00,Completed,Attended,2026-04-20,67,Failed
3347,5149,1938,2026-04-06 09:45:00,Completed,Attended,2026-04-20,74,Passed
3348,5149,1944,2026-03-04 10:15:00,Completed,Attended,2026-04-20,79,Passed
3349,5149,1948,2026-04-10 12:30:00,Completed,Attended,2026-04-20,74,Passed
3350,5149,1949,2026-03-12 12:45:00,Cancelled,NotApplicable,,,NotAssessed
3351,5149,1315,2026-03-08 11:00:00,Completed,Attended,2026-04-20,79,Passed
3352,5149,1964,2026-03-15 16:45:00,Completed,Attended,2026-04-20,63,Failed
3353,5149,1324,2026-02-27 16:15:00,Completed,Attended,2026-04-20,71,Passed
3354,5149,1969,2026-03-24 16:00:00,Completed,Attended,2026-04-20,67,Failed
3355,5149,1974,2026-03-08 11:45:00,Completed,Attended,2026-04-20,62,Failed
3356,5149,1991,2026-02-27 14:30:00,Completed,Attended,2026-04-20,82,Passed
3357,5149,1999,2026-04-03 08:15:00,Completed,Attended,2026-04-20,54,Failed
3358,5149,2002,2026-04-09 11:30:00,Completed,Attended,2026-04-20,77,Passed
3359,5149,2008,2026-03-20 08:00:00,Completed,Attended,2026-04-20,76,Passed
3360,5149,2010,2026-03-28 16:15:00,NoShow,Absent,,,NotAssessed
3361,5149,2013,2026-03-30 08:30:00,Completed,Attended,2026-04-20,69,Failed
3362,5149,2015,2026-03-26 10:45:00,NoShow,Absent,,,NotAssessed
3363,5149,1905,2026-02-26 14:30:00,Completed,Attended,2026-04-20,78,Passed
3364,5149,1142,2026-03-29 09:15:00,NoShow,Absent,,,NotAssessed
3365,5149,1915,2026-04-02 14:45:00,Completed,Attended,2026-04-20,84,Passed
3366,5149,1916,2026-03-22 14:45:00,Completed,Attended,2026-04-20,76,Passed
3367,5149,1917,2026-03-12 09:15:00,Completed,Attended,2026-04-20,63,Failed
3368,5150,2048,2025-03-24 15:15:00,Completed,Attended,2025-05-12,49,Failed
3369,5150,2056,2025-04-09 14:30:00,Completed,Attended,2025-05-12,72,Passed
3370,5150,2057,2025-04-03 12:15:00,Completed,Attended,2025-05-12,82,Passed
3371,5150,2058,2025-05-01 13:30:00,InProgress,Attended,,,NotAssessed
3372,5150,2063,2025-03-25 13:30:00,NoShow,Absent,,,NotAssessed
3373,5150,1559,2025-03-19 12:15:00,NoShow,Absent,,,NotAssessed
3374,5150,2074,2025-04-01 14:15:00,Completed,Attended,2025-05-12,59,Failed
3375,5150,2082,2025-05-01 13:15:00,Completed,Attended,2025-05-12,89,Passed
3376,5150,2084,2025-04-26 16:15:00,Completed,Attended,2025-05-12,77,Passed
3377,5150,2086,2025-04-22 11:00:00,Completed,Attended,2025-05-12,71,Passed
3378,5150,2087,2025-04-09 10:15:00,Completed,Attended,2025-05-12,82,Passed
3379,5150,2090,2025-03-16 13:00:00,NoShow,Absent,,,NotAssessed
3380,5150,1971,2025-04-21 12:15:00,Completed,Attended,2025-05-12,62,Failed
3381,5150,2100,2025-04-26 16:00:00,Completed,Attended,2025-05-12,75,Passed
3382,5150,1751,2025-04-06 09:45:00,Completed,Attended,2025-05-12,81,Passed
3383,5150,2029,2025-04-15 15:15:00,Completed,Attended,2025-05-12,82,Passed
3384,5150,2030,2025-03-22 14:45:00,NoShow,Absent,,,NotAssessed
3385,5150,2033,2025-03-18 12:45:00,Completed,Attended,2025-05-12,94,Passed
3386,5150,2034,2025-04-17 12:15:00,Completed,Attended,2025-05-12,67,Failed
3387,5150,2039,2025-03-16 13:30:00,Cancelled,NotApplicable,,,NotAssessed
3388,5151,1473,2025-12-07 10:30:00,InProgress,Attended,,,NotAssessed
3389,5151,1252,2025-12-15 13:00:00,NoShow,Absent,,,NotAssessed
3390,5151,1352,2025-12-17 14:45:00,Completed,Attended,2026-01-20,74,Passed
3391,5151,1420,2025-12-24 08:45:00,Completed,Attended,2026-01-20,82,Passed
3392,5151,1741,2026-01-07 09:00:00,Completed,Attended,2026-01-20,67,Failed
3393,5151,1422,2025-12-24 11:15:00,Completed,Attended,2026-01-20,76,Passed
3394,5151,1165,2025-12-10 12:15:00,Completed,Attended,2026-01-20,74,Passed
3395,5151,1520,2025-11-27 12:30:00,InProgress,Attended,,,NotAssessed
3396,5151,1695,2025-11-30 13:30:00,Completed,Attended,2026-01-20,80,Passed
3397,5151,1341,2025-12-10 10:45:00,NoShow,Absent,,,NotAssessed
3398,5151,1630,2026-01-06 11:45:00,Completed,Attended,2026-01-20,100,Passed
3399,5151,1151,2026-01-10 13:45:00,Completed,Attended,2026-01-20,77,Passed
3400,5152,1505,2025-08-30 12:30:00,Completed,Attended,2025-10-08,72,Passed
3401,5152,1475,2025-09-25 15:00:00,Completed,Attended,2025-10-08,69,Failed
3402,5152,1444,2025-09-04 12:00:00,Completed,Attended,2025-10-08,95,Passed
3403,5152,1539,2025-08-13 11:15:00,Completed,Attended,2025-10-08,74,Passed
3404,5152,1512,2025-09-11 14:45:00,NoShow,Absent,,,NotAssessed
3405,5152,1448,2025-09-09 08:00:00,Completed,Attended,2025-10-08,54,Failed
3406,5152,1517,2025-09-27 09:30:00,Completed,Attended,2025-10-08,79,Passed
3407,5152,1486,2025-09-05 16:00:00,Completed,Attended,2025-10-08,85,Passed
3408,5152,1357,2025-08-26 11:15:00,Completed,Attended,2025-10-08,100,Passed
3409,5152,1392,2025-09-17 10:00:00,Completed,Attended,2025-10-08,61,Failed
3410,5152,1975,2025-09-19 11:15:00,Completed,Attended,2025-10-08,63,Failed
3411,5152,1494,2025-08-19 14:00:00,Completed,Attended,2025-10-08,57,Failed
3412,5152,1495,2025-09-01 12:00:00,Cancelled,NotApplicable,,,NotAssessed
3413,5152,1366,2025-09-02 14:00:00,Completed,Attended,2025-10-08,84,Passed
3414,5152,1977,2025-09-18 13:30:00,Completed,Attended,2025-10-08,72,Passed
3415,5152,1434,2025-09-02 08:45:00,Completed,Attended,2025-10-08,79,Passed
3416,5152,1979,2025-08-13 10:15:00,Completed,Attended,2025-10-08,70,Passed
3417,5153,1414,2025-10-11 08:30:00,Completed,Attended,2025-10-25,71,Passed
3418,5153,1542,2025-09-24 14:15:00,Completed,Attended,2025-10-25,90,Passed
3419,5153,1548,2025-10-05 16:45:00,Completed,Attended,2025-10-25,93,Passed
3420,5153,1549,2025-09-12 12:30:00,Completed,Attended,2025-10-25,84,Passed
3421,5153,1552,2025-09-14 10:15:00,NoShow,Absent,,,NotAssessed
3422,5153,1785,2025-09-14 16:30:00,InProgress,Attended,,,NotAssessed
3423,5153,1562,2025-09-05 12:00:00,Cancelled,NotApplicable,,,NotAssessed
3424,5153,1566,2025-10-03 12:15:00,Completed,Attended,2025-10-25,90,Passed
3425,5153,2081,2025-09-21 11:15:00,Completed,Attended,2025-10-25,100,Passed
3426,5153,1968,2025-09-27 09:45:00,Completed,Attended,2025-10-25,76,Passed
3427,5153,2099,2025-10-04 14:00:00,Completed,Attended,2025-10-25,63,Failed
3428,5153,1601,2025-10-01 16:30:00,Completed,Attended,2025-10-25,69,Failed
3429,5153,1730,2025-09-09 08:00:00,NoShow,Absent,,,NotAssessed
3430,5153,1479,2025-08-29 10:15:00,Completed,Attended,2025-10-25,75,Passed
3431,5153,1614,2025-08-31 15:15:00,Completed,Attended,2025-10-25,91,Passed
3432,5153,1618,2025-09-24 10:30:00,Completed,Attended,2025-10-25,82,Passed
3433,5153,1109,2025-10-09 10:45:00,Cancelled,NotApplicable,,,NotAssessed
3434,5153,1627,2025-09-25 10:00:00,Completed,Attended,2025-10-25,78,Passed
3435,5153,1628,2025-10-14 08:45:00,Completed,Attended,2025-10-25,81,Passed
3436,5153,1641,2025-10-01 08:00:00,Completed,Attended,2025-10-25,74,Passed
3437,5153,1529,2025-09-28 10:15:00,Completed,Attended,2025-10-25,77,Passed
3438,5154,1408,2025-07-30 08:00:00,Cancelled,NotApplicable,,,NotAssessed
3439,5154,1922,2025-08-12 12:15:00,Completed,Attended,2025-09-19,74,Passed
3440,5154,2050,2025-08-14 11:45:00,NoShow,Absent,,,NotAssessed
3441,5154,1934,2025-08-25 08:15:00,InProgress,Attended,,,NotAssessed
3442,5154,1935,2025-08-20 14:30:00,Completed,Attended,2025-09-19,83,Passed
3443,5154,1426,2025-08-08 14:15:00,Completed,Attended,2025-09-19,70,Passed
3444,5154,1686,2025-09-01 09:00:00,Completed,Attended,2025-09-19,82,Passed
3445,5154,1943,2025-08-12 11:45:00,Completed,Attended,2025-09-19,55,Failed
3446,5154,1947,2025-08-21 14:30:00,Completed,Attended,2025-09-19,79,Passed
3447,5154,1820,2025-08-29 11:45:00,Completed,Attended,2025-09-19,60,Failed
3448,5154,1950,2025-08-20 15:30:00,NoShow,Absent,,,NotAssessed
3449,5154,1959,2025-08-21 10:30:00,NoShow,Absent,,,NotAssessed
3450,5154,1961,2025-07-26 12:15:00,Completed,Attended,2025-09-19,70,Passed
3451,5154,1965,2025-08-10 14:45:00,Completed,Attended,2025-09-19,65,Failed
3452,5154,1967,2025-09-05 10:00:00,Completed,Attended,2025-09-19,44,Failed
3453,5154,1968,2025-07-30 09:45:00,Completed,Attended,2025-09-19,74,Passed
3454,5154,1974,2025-08-28 15:30:00,Completed,Attended,2025-09-19,77,Passed
3455,5154,1981,2025-07-30 10:15:00,Completed,Attended,2025-09-19,84,Passed
3456,5154,1990,2025-08-04 13:30:00,Completed,Attended,2025-09-19,80,Passed
3457,5154,2003,2025-08-31 09:00:00,NoShow,Absent,,,NotAssessed
3458,5154,2011,2025-07-27 10:15:00,Completed,Attended,2025-09-19,72,Passed
3459,5154,2012,2025-07-25 14:00:00,Cancelled,NotApplicable,,,NotAssessed
3460,5154,2014,2025-09-07 12:45:00,Completed,Attended,2025-09-19,78,Passed
3461,5154,2016,2025-07-25 09:30:00,NoShow,Absent,,,NotAssessed
3462,5154,2022,2025-07-28 15:15:00,Cancelled,NotApplicable,,,NotAssessed
3463,5154,1515,2025-08-21 09:15:00,Completed,Attended,2025-09-19,62,Failed
3464,5154,1260,2025-08-08 10:15:00,Completed,Attended,2025-09-19,66,Failed
3465,5154,1908,2025-08-14 12:15:00,NoShow,Absent,,,NotAssessed
3466,5154,1909,2025-08-22 09:45:00,Completed,Attended,2025-09-19,72,Passed
3467,5154,1910,2025-08-24 12:00:00,NoShow,Absent,,,NotAssessed
3468,5154,2039,2025-08-20 13:45:00,Completed,Attended,2025-09-19,76,Passed
3469,5154,1914,2025-09-05 15:00:00,Completed,Attended,2025-09-19,89,Passed
3470,5155,1538,2025-04-23 15:00:00,Completed,Attended,2025-06-13,90,Passed
3471,5155,1547,2025-05-22 09:15:00,Completed,Attended,2025-06-13,63,Failed
3472,5155,1549,2025-04-26 13:45:00,Completed,Attended,2025-06-13,63,Failed
3473,5155,1550,2025-05-15 11:15:00,Cancelled,NotApplicable,,,NotAssessed
3474,5155,1555,2025-04-25 10:30:00,Completed,Attended,2025-06-13,96,Passed
3475,5155,1686,2025-05-12 13:00:00,NoShow,Absent,,,NotAssessed
3476,5155,1186,2025-05-22 16:30:00,Completed,Attended,2025-06-13,69,Failed
3477,5155,1443,2025-05-05 16:45:00,Completed,Attended,2025-06-13,70,Passed
3478,5155,1700,2025-05-12 15:30:00,NoShow,Absent,,,NotAssessed
3479,5155,1577,2025-05-31 16:30:00,InProgress,Attended,,,NotAssessed
3480,5155,1705,2025-05-08 10:00:00,Completed,Attended,2025-06-13,73,Passed
3481,5155,1578,2025-05-13 15:00:00,Completed,Attended,2025-06-13,65,Failed
3482,5155,2100,2025-04-26 10:45:00,Completed,Attended,2025-06-13,70,Passed
3483,5155,1601,2025-05-22 12:30:00,Completed,Attended,2025-06-13,81,Passed
3484,5155,1994,2025-04-29 08:45:00,Completed,Attended,2025-06-13,82,Passed
3485,5155,1629,2025-04-24 09:45:00,Completed,Attended,2025-06-13,100,Passed
3486,5155,1635,2025-05-14 09:45:00,NoShow,Absent,,,NotAssessed
3487,5155,1639,2025-05-15 10:15:00,Completed,Attended,2025-06-13,70,Passed
3488,5155,1649,2025-04-22 08:15:00,Completed,Attended,2025-06-13,100,Passed
3489,5155,2038,2025-05-12 11:45:00,InProgress,Attended,,,NotAssessed
3490,5155,1658,2025-05-16 16:30:00,Completed,Attended,2025-06-13,73,Passed
3491,5156,1922,2025-06-10 08:45:00,Completed,Attended,2025-07-16,56,Failed
3492,5156,1797,2025-05-23 13:00:00,Completed,Attended,2025-07-16,56,Failed
3493,5156,1799,2025-06-10 08:45:00,Completed,Attended,2025-07-16,100,Passed
3494,5156,1802,2025-05-29 08:00:00,Cancelled,NotApplicable,,,NotAssessed
3495,5156,1812,2025-07-03 08:30:00,Completed,Attended,2025-07-16,80,Passed
3496,5156,1947,2025-07-07 12:15:00,Completed,Attended,2025-07-16,89,Passed
3497,5156,1948,2025-06-26 10:30:00,Completed,Attended,2025-07-16,100,Passed
3498,5156,1829,2025-06-11 16:15:00,InProgress,Attended,,,NotAssessed
3499,5156,1969,2025-05-24 10:45:00,Completed,Attended,2025-07-16,83,Passed
3500,5156,1850,2025-05-28 12:30:00,Completed,Attended,2025-07-16,66,Failed
3501,5156,1724,2025-05-26 10:15:00,NoShow,Absent,,,NotAssessed
3502,5156,1853,2025-05-28 08:00:00,Completed,Attended,2025-07-16,59,Failed
3503,5156,1088,2025-06-07 11:45:00,Completed,Attended,2025-07-16,77,Passed
3504,5156,1729,2025-05-30 15:45:00,Completed,Attended,2025-07-16,78,Passed
3505,5156,1604,2025-07-02 16:30:00,Completed,Attended,2025-07-16,60,Failed
3506,5156,1989,2025-05-27 08:15:00,Completed,Attended,2025-07-16,88,Passed
3507,5156,1862,2025-07-06 11:15:00,NoShow,Absent,,,NotAssessed
3508,5156,1732,2025-06-15 08:00:00,InProgress,Attended,,,NotAssessed
3509,5156,1865,2025-06-21 15:15:00,Completed,Attended,2025-07-16,100,Passed
3510,5156,1740,2025-05-29 11:45:00,Completed,Attended,2025-07-16,89,Passed
3511,5156,1871,2025-06-10 14:00:00,Completed,Attended,2025-07-16,79,Passed
3512,5156,1874,2025-05-26 09:00:00,Completed,Attended,2025-07-16,84,Passed
3513,5156,2003,2025-06-18 13:15:00,Completed,Attended,2025-07-16,44,Failed
3514,5156,1875,2025-06-18 10:45:00,Completed,Attended,2025-07-16,57,Failed
3515,5156,1107,2025-06-24 16:30:00,Cancelled,NotApplicable,,,NotAssessed
3516,5156,1884,2025-06-08 10:15:00,InProgress,Attended,,,NotAssessed
3517,5156,1756,2025-07-08 08:15:00,Completed,Attended,2025-07-16,93,Passed
3518,5156,1762,2025-06-08 11:45:00,NoShow,Absent,,,NotAssessed
3519,5156,1897,2025-05-30 12:45:00,Completed,Attended,2025-07-16,93,Passed
3520,5156,1898,2025-06-11 11:15:00,Completed,Attended,2025-07-16,63,Failed
3521,5156,1646,2025-07-01 11:45:00,Completed,Attended,2025-07-16,77,Passed
3522,5156,1781,2025-06-15 15:30:00,Completed,Attended,2025-07-16,74,Passed
3523,5156,1014,2025-05-24 08:00:00,NoShow,Absent,,,NotAssessed
3524,5157,1923,2026-02-04 09:45:00,Completed,Attended,2026-02-13,71,Passed
3525,5157,1930,2025-12-20 10:15:00,Completed,Attended,2026-02-13,85,Passed
3526,5157,1937,2026-01-14 08:00:00,Cancelled,NotApplicable,,,NotAssessed
3527,5157,2067,2026-01-24 16:30:00,Completed,Attended,2026-02-13,61,Failed
3528,5157,1949,2026-01-21 15:45:00,Completed,Attended,2026-02-13,93,Passed
3529,5157,1951,2026-01-20 13:00:00,Completed,Attended,2026-02-13,74,Passed
3530,5157,1953,2025-12-28 16:00:00,Completed,Attended,2026-02-13,94,Passed
3531,5157,1955,2025-12-26 10:30:00,Cancelled,NotApplicable,,,NotAssessed
3532,5157,1971,2026-01-27 13:00:00,Completed,Attended,2026-02-13,74,Passed
3533,5157,1985,2026-01-15 16:45:00,Completed,Attended,2026-02-13,84,Passed
3534,5157,1607,2025-12-31 15:45:00,Completed,Attended,2026-02-13,78,Passed
3535,5157,1999,2026-01-26 16:15:00,Cancelled,NotApplicable,,,NotAssessed
3536,5157,2008,2026-01-04 15:15:00,Completed,Attended,2026-02-13,76,Passed
3537,5157,1766,2025-12-29 09:45:00,Completed,Attended,2026-02-13,72,Passed
3538,5157,1126,2026-02-01 08:00:00,Completed,Attended,2026-02-13,78,Passed
3539,5157,1901,2025-12-26 13:00:00,NoShow,Absent,,,NotAssessed
3540,5157,1902,2026-02-03 11:45:00,Completed,Attended,2026-02-13,58,Failed
3541,5157,1007,2026-01-02 16:15:00,Completed,Attended,2026-02-13,76,Passed
3542,5157,1656,2026-01-15 10:30:00,Completed,Attended,2026-02-13,94,Passed
3543,5157,1915,2025-12-25 12:00:00,Completed,Attended,2026-02-13,79,Passed
3544,5158,1931,2026-01-18 13:45:00,Completed,Attended,2026-02-23,63,Failed
3545,5158,1806,2026-01-20 14:45:00,Completed,Attended,2026-02-23,74,Passed
3546,5158,1807,2025-12-31 09:30:00,Completed,Attended,2026-02-23,62,Failed
3547,5158,1680,2026-02-14 14:00:00,Completed,Attended,2026-02-23,92,Passed
3548,5158,2087,2026-01-15 12:00:00,Completed,Attended,2026-02-23,71,Passed
3549,5158,1852,2026-01-23 14:30:00,NoShow,Absent,,,NotAssessed
3550,5158,1865,2026-01-23 14:45:00,Completed,Attended,2026-02-23,74,Passed
3551,5158,1746,2026-01-11 16:00:00,Completed,Attended,2026-02-23,77,Passed
3552,5158,1752,2026-01-12 11:45:00,Completed,Attended,2026-02-23,75,Passed
3553,5158,1882,2026-02-02 11:45:00,Cancelled,NotApplicable,,,NotAssessed
3554,5158,1759,2026-01-14 11:00:00,Completed,Attended,2026-02-23,61,Failed
3555,5158,1888,2026-01-07 15:00:00,Completed,Attended,2026-02-23,56,Failed
3556,5158,1890,2026-01-03 09:15:00,Completed,Attended,2026-02-23,53,Failed
3557,5158,1898,2026-02-07 09:30:00,Cancelled,NotApplicable,,,NotAssessed
3558,5158,1773,2026-01-24 08:30:00,Completed,Attended,2026-02-23,76,Passed
3559,5158,1774,2026-01-20 08:45:00,Completed,Attended,2026-02-23,72,Passed
3560,5158,1780,2026-01-11 11:30:00,Completed,Attended,2026-02-23,66,Failed
3561,5158,1659,2026-02-13 16:00:00,Completed,Attended,2026-02-23,94,Passed
3562,5158,1790,2026-01-01 09:00:00,Cancelled,NotApplicable,,,NotAssessed
3563,5159,1155,2025-08-06 12:00:00,Cancelled,NotApplicable,,,NotAssessed
3564,5159,1156,2025-07-23 09:00:00,Completed,Attended,2025-09-09,68,Failed
3565,5159,1035,2025-08-07 11:45:00,Completed,Attended,2025-09-09,83,Passed
3566,5159,1816,2025-08-09 08:00:00,Completed,Attended,2025-09-09,49,Failed
3567,5159,1305,2025-07-25 16:30:00,NoShow,Absent,,,NotAssessed
3568,5159,1952,2025-07-30 09:45:00,Completed,Attended,2025-09-09,80,Passed
3569,5159,1185,2025-08-07 11:30:00,Completed,Attended,2025-09-09,83,Passed
3570,5159,1188,2025-07-26 09:30:00,Completed,Attended,2025-09-09,62,Failed
3571,5159,1960,2025-08-27 15:45:00,Completed,Attended,2025-09-09,72,Passed
3572,5159,1198,2025-08-15 15:45:00,Completed,Attended,2025-09-09,72,Passed
3573,5159,2095,2025-08-26 14:45:00,Completed,Attended,2025-09-09,66,Failed
3574,5159,1072,2025-08-17 13:00:00,Completed,Attended,2025-09-09,77,Passed
3575,5159,1970,2025-08-11 10:00:00,Completed,Attended,2025-09-09,70,Passed
3576,5159,1600,2025-07-18 15:45:00,Completed,Attended,2025-09-09,54,Failed
3577,5159,1090,2025-07-17 12:45:00,Cancelled,NotApplicable,,,NotAssessed
3578,5159,1091,2025-07-20 14:45:00,Completed,Attended,2025-09-09,67,Failed
3579,5159,1219,2025-07-24 16:15:00,Completed,Attended,2025-09-09,72,Passed
3580,5159,1234,2025-08-20 11:00:00,Completed,Attended,2025-09-09,60,Failed
3581,5159,1496,2025-08-08 08:15:00,Cancelled,NotApplicable,,,NotAssessed
3582,5159,1244,2025-07-31 16:45:00,Completed,Attended,2025-09-09,52,Failed
3583,5159,2014,2025-08-05 15:45:00,Completed,Attended,2025-09-09,84,Passed
3584,5159,1250,2025-07-30 11:45:00,Completed,Attended,2025-09-09,78,Passed
3585,5159,1508,2025-07-24 08:45:00,Completed,Attended,2025-09-09,63,Failed
3586,5159,1253,2025-07-19 08:45:00,Completed,Attended,2025-09-09,82,Passed
3587,5159,1128,2025-08-11 10:15:00,Completed,Attended,2025-09-09,92,Passed
3588,5159,1134,2025-08-30 08:15:00,InProgress,Attended,,,NotAssessed
3589,5159,1265,2025-08-28 08:15:00,Completed,Attended,2025-09-09,75,Passed
3590,5159,1777,2025-07-23 08:15:00,Completed,Attended,2025-09-09,82,Passed
3591,5159,1268,2025-08-29 10:15:00,Completed,Attended,2025-09-09,67,Failed
3592,5159,1399,2025-07-31 10:15:00,Cancelled,NotApplicable,,,NotAssessed
3593,5159,1274,2025-08-31 16:15:00,Completed,Attended,2025-09-09,60,Failed
3594,5159,1148,2025-08-08 15:45:00,NoShow,Absent,,,NotAssessed
3595,5160,1792,2025-12-23 09:15:00,Completed,Attended,2026-01-08,89,Passed
3596,5160,1731,2025-12-04 15:45:00,Completed,Attended,2026-01-08,88,Passed
3597,5160,1859,2025-12-25 11:30:00,Completed,Attended,2026-01-08,83,Passed
3598,5160,1860,2025-12-18 16:45:00,Completed,Attended,2026-01-08,80,Passed
3599,5160,1871,2025-11-27 10:00:00,Completed,Attended,2026-01-08,81,Passed
3600,5160,1842,2025-11-30 10:00:00,NoShow,Absent,,,NotAssessed
3601,5160,2066,2025-11-22 14:30:00,Completed,Attended,2026-01-08,77,Passed
3602,5160,1656,2025-12-05 08:00:00,InProgress,Attended,,,NotAssessed
3603,5160,1084,2025-11-14 10:30:00,Completed,Attended,2026-01-08,84,Passed
3604,5161,1664,2025-04-19 08:00:00,Completed,Attended,2025-06-01,95,Passed
3605,5161,1418,2025-05-06 08:15:00,Completed,Attended,2025-06-01,72,Passed
3606,5161,1935,2025-04-23 10:15:00,Completed,Attended,2025-06-01,92,Passed
3607,5161,1552,2025-05-16 14:15:00,Completed,Attended,2025-06-01,99,Passed
3608,5161,1429,2025-05-09 16:15:00,Completed,Attended,2025-06-01,73,Passed
3609,5161,1823,2025-05-21 09:15:00,Completed,Attended,2025-06-01,97,Passed
3610,5161,1442,2025-05-11 08:15:00,Completed,Attended,2025-06-01,75,Passed
3611,5161,1454,2025-04-08 16:00:00,Completed,Attended,2025-06-01,66,Failed
3612,5161,2096,2025-05-04 14:00:00,Completed,Attended,2025-06-01,86,Passed
3613,5161,1330,2025-04-17 13:45:00,NoShow,Absent,,,NotAssessed
3614,5161,1333,2025-05-02 12:00:00,Completed,Attended,2025-06-01,66,Failed
3615,5161,1719,2025-04-15 16:00:00,Completed,Attended,2025-06-01,92,Passed
3616,5161,1466,2025-05-25 14:30:00,Completed,Attended,2025-06-01,77,Passed
3617,5161,1468,2025-05-23 13:45:00,Completed,Attended,2025-06-01,94,Passed
3618,5161,1342,2025-05-13 09:00:00,Completed,Attended,2025-06-01,56,Failed
3619,5161,1345,2025-05-21 08:15:00,Completed,Attended,2025-06-01,78,Passed
3620,5161,1735,2025-05-14 10:00:00,Completed,Attended,2025-06-01,100,Passed
3621,5161,1358,2025-04-21 13:15:00,InProgress,Attended,,,NotAssessed
3622,5161,1370,2025-05-03 15:30:00,InProgress,Attended,,,NotAssessed
3623,5161,1500,2025-05-14 08:15:00,Completed,Attended,2025-06-01,78,Passed
3624,5161,1501,2025-05-05 08:15:00,Completed,Attended,2025-06-01,62,Failed
3625,5161,1503,2025-04-19 08:45:00,Completed,Attended,2025-06-01,73,Passed
3626,5161,2023,2025-04-25 12:45:00,Completed,Attended,2025-06-01,68,Failed
3627,5161,1385,2025-05-13 08:30:00,Completed,Attended,2025-06-01,64,Failed
3628,5161,1516,2025-04-22 14:15:00,Completed,Attended,2025-06-01,75,Passed
3629,5161,1913,2025-04-24 15:45:00,Completed,Attended,2025-06-01,75,Passed
3630,5161,1531,2025-05-15 13:15:00,NoShow,Absent,,,NotAssessed
3631,5162,1633,2025-09-24 10:30:00,Completed,Attended,2025-11-05,89,Passed
3632,5162,2052,2025-09-09 13:30:00,Completed,Attended,2025-11-05,78,Passed
3633,5162,1957,2025-09-18 13:00:00,Completed,Attended,2025-11-05,82,Passed
3634,5162,1927,2025-10-23 09:00:00,Completed,Attended,2025-11-05,79,Passed
3635,5162,1992,2025-10-14 15:00:00,NoShow,Absent,,,NotAssessed
3636,5162,1929,2025-09-11 10:45:00,Completed,Attended,2025-11-05,81,Passed
3637,5162,1936,2025-09-25 09:45:00,Completed,Attended,2025-11-05,97,Passed
3638,5162,2001,2025-10-22 08:30:00,Completed,Attended,2025-11-05,70,Passed
3639,5162,1938,2025-10-26 16:00:00,Completed,Attended,2025-11-05,76,Passed
3640,5162,1969,2025-10-09 09:45:00,Completed,Attended,2025-11-05,48,Failed
3641,5162,1462,2025-10-12 12:00:00,NoShow,Absent,,,NotAssessed
3642,5162,1979,2025-09-23 09:00:00,Completed,Attended,2025-11-05,85,Passed
3643,5162,1918,2025-10-25 14:45:00,Cancelled,NotApplicable,,,NotAssessed
3644,5163,1921,2025-05-05 15:15:00,Completed,Attended,2025-05-18,62,Failed
3645,5163,1282,2025-05-01 09:15:00,Completed,Attended,2025-05-18,77,Passed
3646,5163,1158,2025-04-25 08:30:00,InProgress,Attended,,,NotAssessed
3647,5163,1161,2025-04-12 15:15:00,Completed,Attended,2025-05-18,67,Failed
3648,5163,1930,2025-04-13 15:15:00,Completed,Attended,2025-05-18,81,Passed
3649,5163,1039,2025-04-21 15:30:00,Completed,Attended,2025-05-18,77,Passed
3650,5163,1296,2025-04-25 13:30:00,Completed,Attended,2025-05-18,86,Passed
3651,5163,1424,2025-03-27 11:00:00,Cancelled,NotApplicable,,,NotAssessed
3652,5163,1046,2025-05-01 15:45:00,Completed,Attended,2025-05-18,85,Passed
3653,5163,1177,2025-04-10 09:45:00,Completed,Attended,2025-05-18,100,Passed
3654,5163,1179,2025-05-10 12:30:00,Completed,Attended,2025-05-18,75,Passed
3655,5163,1185,2025-03-26 14:30:00,Completed,Attended,2025-05-18,69,Failed
3656,5163,1186,2025-04-03 13:15:00,Completed,Attended,2025-05-18,73,Passed
3657,5163,1187,2025-05-03 14:45:00,Completed,Attended,2025-05-18,99,Passed
3658,5163,1066,2025-05-05 09:45:00,Completed,Attended,2025-05-18,93,Passed
3659,5163,1067,2025-04-18 08:00:00,Completed,Attended,2025-05-18,84,Passed
3660,5163,2099,2025-03-30 14:15:00,Completed,Attended,2025-05-18,97,Passed
3661,5163,1078,2025-03-27 12:45:00,Cancelled,NotApplicable,,,NotAssessed
3662,5163,1080,2025-04-12 09:45:00,Completed,Attended,2025-05-18,91,Passed
3663,5163,1082,2025-04-01 11:45:00,InProgress,Attended,,,NotAssessed
3664,5163,1468,2025-03-26 14:15:00,Cancelled,NotApplicable,,,NotAssessed
3665,5163,1086,2025-03-28 08:30:00,Completed,Attended,2025-05-18,65,Failed
3666,5163,1221,2025-03-30 09:00:00,Completed,Attended,2025-05-18,67,Failed
3667,5163,1998,2025-05-08 10:15:00,Completed,Attended,2025-05-18,63,Failed
3668,5163,1236,2025-04-18 11:15:00,Completed,Attended,2025-05-18,89,Passed
3669,5163,1108,2025-05-05 08:00:00,Completed,Attended,2025-05-18,84,Passed
3670,5163,1109,2025-05-09 15:00:00,Completed,Attended,2025-05-18,100,Passed
3671,5163,1111,2025-04-17 15:45:00,Completed,Attended,2025-05-18,93,Passed
3672,5163,1626,2025-03-28 10:45:00,Completed,Attended,2025-05-18,72,Passed
3673,5163,2013,2025-03-25 15:45:00,InProgress,Attended,,,NotAssessed
3674,5163,1512,2025-04-15 14:30:00,InProgress,Attended,,,NotAssessed
3675,5163,1257,2025-05-07 13:00:00,Completed,Attended,2025-05-18,79,Passed
3676,5163,1264,2025-04-03 14:00:00,Completed,Attended,2025-05-18,77,Passed
3677,5163,1266,2025-03-28 13:00:00,Completed,Attended,2025-05-18,73,Passed
3678,5163,1144,2025-04-05 08:45:00,Completed,Attended,2025-05-18,72,Passed
3679,5163,1273,2025-04-17 11:45:00,Completed,Attended,2025-05-18,59,Failed
3680,5163,1019,2025-05-04 10:45:00,Completed,Attended,2025-05-18,83,Passed
3681,5163,1277,2025-04-07 14:30:00,Completed,Attended,2025-05-18,86,Passed
3682,5163,1278,2025-04-19 14:00:00,Completed,Attended,2025-05-18,77,Passed
3683,5164,1408,2025-02-28 09:45:00,Completed,Attended,2025-03-12,91,Passed
3684,5164,1410,2025-02-04 11:45:00,Completed,Attended,2025-03-12,100,Passed
3685,5164,2067,2025-02-09 16:00:00,NoShow,Absent,,,NotAssessed
3686,5164,1430,2025-02-24 09:00:00,Completed,Attended,2025-03-12,69,Failed
3687,5164,2074,2025-01-27 10:15:00,Completed,Attended,2025-03-12,88,Passed
3688,5164,1308,2025-01-26 12:15:00,InProgress,Attended,,,NotAssessed
3689,5164,1441,2025-01-30 12:45:00,Completed,Attended,2025-03-12,72,Passed
3690,5164,1443,2025-02-25 11:15:00,Completed,Attended,2025-03-12,75,Passed
3691,5164,2089,2025-03-02 11:00:00,Completed,Attended,2025-03-12,56,Failed
3692,5164,1452,2025-02-16 08:30:00,Completed,Attended,2025-03-12,98,Passed
3693,5164,1454,2025-02-08 11:30:00,Completed,Attended,2025-03-12,74,Passed
3694,5164,1327,2025-02-23 14:30:00,Completed,Attended,2025-03-12,100,Passed
3695,5164,1462,2025-02-05 11:30:00,Completed,Attended,2025-03-12,71,Passed
3696,5164,1465,2025-02-10 10:45:00,NoShow,Absent,,,NotAssessed
3697,5164,1468,2025-02-21 16:00:00,Completed,Attended,2025-03-12,78,Passed
3698,5164,1470,2025-01-18 15:45:00,Completed,Attended,2025-03-12,88,Passed
3699,5164,1218,2025-02-02 14:30:00,Completed,Attended,2025-03-12,50,Failed
3700,5164,1347,2025-02-28 16:30:00,Completed,Attended,2025-03-12,76,Passed
3701,5164,1482,2025-01-17 09:15:00,Completed,Attended,2025-03-12,85,Passed
3702,5164,1357,2025-01-14 16:15:00,Completed,Attended,2025-03-12,77,Passed
3703,5164,1489,2025-02-07 13:45:00,Completed,Attended,2025-03-12,77,Passed
3704,5164,1368,2025-01-18 15:00:00,Completed,Attended,2025-03-12,94,Passed
3705,5164,1371,2025-03-02 16:15:00,Completed,Attended,2025-03-12,71,Passed
3706,5164,1504,2025-02-05 09:00:00,Completed,Attended,2025-03-12,92,Passed
3707,5164,1511,2025-02-16 10:30:00,Completed,Attended,2025-03-12,72,Passed
3708,5164,1386,2025-02-09 13:15:00,Completed,Attended,2025-03-12,88,Passed
3709,5164,1390,2025-02-10 09:00:00,NoShow,Absent,,,NotAssessed
3710,5164,1392,2025-01-26 14:30:00,Completed,Attended,2025-03-12,69,Failed
3711,5164,1909,2025-01-30 10:15:00,NoShow,Absent,,,NotAssessed
3712,5164,1398,2025-02-27 11:45:00,Completed,Attended,2025-03-12,92,Passed
3713,5165,1540,2024-12-19 08:15:00,Completed,Attended,2025-02-01,85,Passed
3714,5165,1806,2024-12-11 14:15:00,Completed,Attended,2025-02-01,77,Passed
3715,5165,1810,2024-12-27 09:15:00,Completed,Attended,2025-02-01,100,Passed
3716,5165,1687,2025-01-10 15:00:00,Completed,Attended,2025-02-01,98,Passed
3717,5165,1306,2025-01-13 13:15:00,Completed,Attended,2025-02-01,57,Failed
3718,5165,1833,2025-01-10 16:00:00,Completed,Attended,2025-02-01,86,Passed
3719,5165,1839,2025-01-23 12:30:00,Completed,Attended,2025-02-01,69,Failed
3720,5165,1841,2024-12-12 16:30:00,Completed,Attended,2025-02-01,71,Passed
3721,5165,1842,2024-12-07 16:00:00,Completed,Attended,2025-02-01,60,Failed
3722,5165,1843,2025-01-13 14:15:00,InProgress,Attended,,,NotAssessed
3723,5165,1865,2025-01-02 10:30:00,Completed,Attended,2025-02-01,56,Failed
3724,5165,1738,2025-01-19 11:45:00,Completed,Attended,2025-02-01,72,Passed
3725,5165,1741,2024-12-07 13:00:00,Completed,Attended,2025-02-01,66,Failed
3726,5165,1743,2025-01-23 11:15:00,Completed,Attended,2025-02-01,93,Passed
3727,5165,1765,2024-12-23 14:00:00,Completed,Attended,2025-02-01,59,Failed
3728,5165,1893,2025-01-16 13:15:00,NoShow,Absent,,,NotAssessed
3729,5165,1771,2024-12-29 10:30:00,Completed,Attended,2025-02-01,80,Passed
3730,5165,1775,2024-12-23 16:30:00,Cancelled,NotApplicable,,,NotAssessed
3731,5165,1777,2025-01-19 14:15:00,Completed,Attended,2025-02-01,60,Failed
3732,5165,1787,2024-12-06 12:45:00,Completed,Attended,2025-02-01,67,Failed
3733,5165,1790,2025-01-03 16:45:00,Completed,Attended,2025-02-01,72,Passed
3734,5166,1922,2026-05-16 12:30:00,Completed,Attended,2026-05-28,72,Passed
3735,5166,1412,2026-04-13 13:45:00,Completed,Attended,2026-05-28,70,Passed
3736,5166,1669,2026-04-29 15:45:00,Completed,Attended,2026-05-28,72,Passed
3737,5166,1668,2026-05-06 12:45:00,Completed,Attended,2026-05-28,69,Failed
3738,5166,1544,2026-04-23 16:00:00,NoShow,Absent,,,NotAssessed
3739,5166,1676,2026-04-23 13:30:00,Completed,Attended,2026-05-28,92,Passed
3740,5166,1682,2026-05-11 14:30:00,NoShow,Absent,,,NotAssessed
3741,5166,1430,2026-05-10 13:45:00,NoShow,Absent,,,NotAssessed
3742,5166,1698,2026-04-19 08:00:00,Completed,Attended,2026-05-28,62,Failed
3743,5166,1203,2026-05-07 12:45:00,Completed,Attended,2026-05-28,62,Failed
3744,5166,1594,2026-04-04 15:45:00,Completed,Attended,2026-05-28,78,Passed
3745,5166,1218,2026-04-12 14:45:00,Completed,Attended,2026-05-28,88,Passed
3746,5166,1477,2026-04-09 15:45:00,Completed,Attended,2026-05-28,74,Passed
3747,5166,1613,2026-05-08 11:45:00,Completed,Attended,2026-05-28,75,Passed
3748,5166,1364,2026-04-29 16:00:00,Completed,Attended,2026-05-28,84,Passed
3749,5166,1365,2026-04-06 13:15:00,Completed,Attended,2026-05-28,73,Passed
3750,5166,1638,2026-05-04 14:15:00,Completed,Attended,2026-05-28,75,Passed
3751,5166,1650,2026-04-14 14:45:00,Completed,Attended,2026-05-28,72,Passed
3752,5166,1658,2026-04-25 11:00:00,Cancelled,NotApplicable,,,NotAssessed
3753,5166,1662,2026-05-01 09:00:00,Completed,Attended,2026-05-28,61,Failed
3754,5167,1793,2025-09-08 15:45:00,NoShow,Absent,,,NotAssessed
3755,5167,1410,2025-10-01 09:30:00,Completed,Attended,2025-10-26,61,Failed
3756,5167,1541,2025-10-17 16:30:00,Completed,Attended,2025-10-26,73,Passed
3757,5167,1421,2025-09-16 10:30:00,Completed,Attended,2025-10-26,95,Passed
3758,5167,1296,2025-09-08 09:45:00,Completed,Attended,2025-10-26,78,Passed
3759,5167,1426,2025-09-28 14:45:00,NoShow,Absent,,,NotAssessed
3760,5167,1043,2025-10-01 14:15:00,Completed,Attended,2025-10-26,95,Passed
3761,5167,1429,2025-09-20 14:45:00,Cancelled,NotApplicable,,,NotAssessed
3762,5167,1438,2025-10-19 14:00:00,Completed,Attended,2025-10-26,83,Passed
3763,5167,1440,2025-09-17 16:30:00,Completed,Attended,2025-10-26,69,Failed
3764,5167,1962,2025-09-23 16:30:00,Completed,Attended,2025-10-26,77,Passed
3765,5167,1716,2025-09-23 08:00:00,Completed,Attended,2025-10-26,81,Passed
3766,5167,1589,2025-09-12 16:45:00,NoShow,Absent,,,NotAssessed
3767,5167,1465,2025-10-09 12:00:00,Completed,Attended,2025-10-26,88,Passed
3768,5167,1723,2025-09-30 15:45:00,Cancelled,NotApplicable,,,NotAssessed
3769,5167,1474,2025-09-27 10:15:00,Completed,Attended,2025-10-26,62,Failed
3770,5167,1476,2025-10-04 12:45:00,Completed,Attended,2025-10-26,83,Passed
3771,5167,1489,2025-09-28 13:45:00,Completed,Attended,2025-10-26,94,Passed
3772,5167,1492,2025-09-19 15:30:00,Completed,Attended,2025-10-26,92,Passed
3773,5167,1370,2025-09-17 14:30:00,Completed,Attended,2025-10-26,62,Failed
3774,5167,1371,2025-09-02 12:15:00,Completed,Attended,2025-10-26,77,Passed
3775,5167,2016,2025-10-15 15:15:00,Completed,Attended,2025-10-26,75,Passed
3776,5167,1377,2025-10-10 09:30:00,Completed,Attended,2025-10-26,65,Failed
3777,5167,2020,2025-10-18 09:00:00,Completed,Attended,2025-10-26,78,Passed
3778,5167,1382,2025-10-18 08:45:00,Completed,Attended,2025-10-26,73,Passed
3779,5167,1386,2025-09-05 12:45:00,NoShow,Absent,,,NotAssessed
3780,5167,2031,2025-10-09 14:00:00,Completed,Attended,2025-10-26,68,Failed
3781,5168,1806,2025-06-14 08:00:00,Completed,Attended,2025-08-05,87,Passed
3782,5168,1824,2025-07-18 09:00:00,NoShow,Absent,,,NotAssessed
3783,5168,1825,2025-06-13 11:45:00,Completed,Attended,2025-08-05,85,Passed
3784,5168,1831,2025-06-19 15:30:00,Completed,Attended,2025-08-05,73,Passed
3785,5168,1837,2025-06-25 15:15:00,Completed,Attended,2025-08-05,88,Passed
3786,5168,1725,2025-07-12 10:15:00,InProgress,Attended,,,NotAssessed
3787,5168,1597,2025-06-10 08:30:00,NoShow,Absent,,,NotAssessed
3788,5168,1861,2025-06-21 11:00:00,Completed,Attended,2025-08-05,74,Passed
3789,5168,1738,2025-06-16 14:00:00,Completed,Attended,2025-08-05,69,Failed
3790,5168,1739,2025-06-16 14:15:00,Completed,Attended,2025-08-05,84,Passed
3791,5168,1740,2025-07-24 09:30:00,Completed,Attended,2025-08-05,76,Passed
3792,5168,1741,2025-07-14 09:30:00,Completed,Attended,2025-08-05,85,Passed
3793,5168,1879,2025-07-18 15:00:00,Completed,Attended,2025-08-05,75,Passed
3794,5168,1754,2025-06-30 12:00:00,Completed,Attended,2025-08-05,87,Passed
3795,5168,1627,2025-07-09 15:15:00,NoShow,Absent,,,NotAssessed
3796,5168,1755,2025-07-20 11:00:00,Cancelled,NotApplicable,,,NotAssessed
3797,5168,1888,2025-07-28 11:45:00,Completed,Attended,2025-08-05,40,Failed
3798,5168,1762,2025-07-10 13:15:00,Completed,Attended,2025-08-05,88,Passed
3799,5168,1890,2025-06-23 10:00:00,InProgress,Attended,,,NotAssessed
3800,5168,1763,2025-06-16 12:15:00,Completed,Attended,2025-08-05,59,Failed
3801,5168,1894,2025-07-05 13:15:00,NoShow,Absent,,,NotAssessed
3802,5168,1766,2025-07-18 13:15:00,Completed,Attended,2025-08-05,63,Failed
3803,5168,1898,2025-07-14 09:30:00,NoShow,Absent,,,NotAssessed
3804,5168,1774,2025-07-15 14:45:00,NoShow,Absent,,,NotAssessed
3805,5168,1775,2025-07-13 10:15:00,Cancelled,NotApplicable,,,NotAssessed
3806,5168,1780,2025-06-30 11:30:00,Completed,Attended,2025-08-05,88,Passed
3807,5168,1781,2025-07-16 11:00:00,Completed,Attended,2025-08-05,81,Passed
3808,5168,1790,2025-06-25 12:00:00,Completed,Attended,2025-08-05,93,Passed
3809,5168,1791,2025-06-29 14:15:00,InProgress,Attended,,,NotAssessed
3810,5169,1792,2025-11-23 10:45:00,Completed,Attended,2025-12-13,66,Failed
3811,5169,1541,2025-11-26 16:45:00,Completed,Attended,2025-12-13,59,Failed
3812,5169,1806,2025-10-27 15:00:00,Completed,Attended,2025-12-13,79,Passed
3813,5169,2065,2025-11-05 16:30:00,NoShow,Absent,,,NotAssessed
3814,5169,1811,2025-11-02 08:00:00,Completed,Attended,2025-12-13,100,Passed
3815,5169,1812,2025-11-16 10:15:00,InProgress,Attended,,,NotAssessed
3816,5169,1813,2025-11-10 08:00:00,Completed,Attended,2025-12-13,84,Passed
3817,5169,1686,2025-11-06 12:45:00,Completed,Attended,2025-12-13,100,Passed
3818,5169,1815,2025-10-31 14:00:00,Completed,Attended,2025-12-13,90,Passed
3819,5169,1820,2025-10-26 09:30:00,InProgress,Attended,,,NotAssessed
3820,5169,1826,2025-11-11 10:15:00,NoShow,Absent,,,NotAssessed
3821,5169,1830,2025-11-04 12:00:00,Completed,Attended,2025-12-13,85,Passed
3822,5169,1839,2025-10-19 16:15:00,NoShow,Absent,,,NotAssessed
3823,5169,1841,2025-11-13 12:15:00,InProgress,Attended,,,NotAssessed
3824,5169,1848,2025-12-02 14:00:00,Completed,Attended,2025-12-13,89,Passed
3825,5169,1979,2025-11-13 15:30:00,Completed,Attended,2025-12-13,85,Passed
3826,5169,1599,2025-10-30 12:45:00,Completed,Attended,2025-12-13,80,Passed
3827,5169,1727,2025-12-01 08:15:00,Completed,Attended,2025-12-13,79,Passed
3828,5169,1858,2025-11-03 11:30:00,NoShow,Absent,,,NotAssessed
3829,5169,1734,2025-11-03 09:15:00,Completed,Attended,2025-12-13,72,Passed
3830,5169,1997,2025-10-19 14:30:00,Completed,Attended,2025-12-13,77,Passed
3831,5169,1869,2025-12-02 16:30:00,Completed,Attended,2025-12-13,97,Passed
3832,5169,1742,2025-11-11 15:30:00,Completed,Attended,2025-12-13,85,Passed
3833,5169,1741,2025-11-10 11:00:00,Completed,Attended,2025-12-13,76,Passed
3834,5169,1873,2025-11-30 15:30:00,Completed,Attended,2025-12-13,66,Failed
3835,5169,1745,2025-11-12 09:45:00,Completed,Attended,2025-12-13,86,Passed
3836,5169,1367,2025-11-26 10:15:00,Completed,Attended,2025-12-13,74,Passed
3837,5169,1880,2025-11-21 15:15:00,Completed,Attended,2025-12-13,82,Passed
3838,5169,1248,2025-11-07 09:15:00,Completed,Attended,2025-12-13,59,Failed
3839,5169,1379,2025-11-15 16:45:00,Completed,Attended,2025-12-13,75,Passed
3840,5169,1763,2025-11-04 14:30:00,Completed,Attended,2025-12-13,100,Passed
3841,5169,1897,2025-11-13 11:30:00,Completed,Attended,2025-12-13,59,Failed
3842,5169,1772,2025-12-06 12:30:00,Completed,Attended,2025-12-13,83,Passed
3843,5169,1773,2025-11-02 15:45:00,Completed,Attended,2025-12-13,100,Passed
3844,5169,1785,2025-10-21 11:30:00,InProgress,Attended,,,NotAssessed
3845,5170,1920,2025-08-11 09:45:00,Completed,Attended,2025-09-19,53,Failed
3846,5170,1925,2025-08-18 14:00:00,Completed,Attended,2025-09-19,82,Passed
3847,5170,1932,2025-08-24 09:30:00,Completed,Attended,2025-09-19,93,Passed
3848,5170,1936,2025-09-02 16:30:00,Completed,Attended,2025-09-19,76,Passed
3849,5170,1947,2025-08-22 09:30:00,Completed,Attended,2025-09-19,61,Failed
3850,5170,1948,2025-08-13 09:30:00,Completed,Attended,2025-09-19,83,Passed
3851,5170,1954,2025-08-23 13:45:00,NoShow,Absent,,,NotAssessed
3852,5170,1958,2025-08-20 12:00:00,Completed,Attended,2025-09-19,71,Passed
3853,5170,2086,2025-09-01 15:00:00,Completed,Attended,2025-09-19,68,Failed
3854,5170,1965,2025-08-14 10:15:00,Completed,Attended,2025-09-19,82,Passed
3855,5170,1201,2025-08-28 10:00:00,Completed,Attended,2025-09-19,98,Passed
3856,5170,1972,2025-08-31 15:15:00,Completed,Attended,2025-09-19,72,Passed
3857,5170,1973,2025-08-23 10:00:00,Completed,Attended,2025-09-19,82,Passed
3858,5170,1980,2025-08-15 15:30:00,Completed,Attended,2025-09-19,75,Passed
3859,5170,1981,2025-08-05 15:15:00,Completed,Attended,2025-09-19,80,Passed
3860,5170,1991,2025-08-09 09:15:00,Completed,Attended,2025-09-19,77,Passed
3861,5170,1617,2025-09-04 14:30:00,NoShow,Absent,,,NotAssessed
3862,5170,2002,2025-09-04 16:30:00,Completed,Attended,2025-09-19,56,Failed
3863,5170,1109,2025-08-05 08:30:00,Completed,Attended,2025-09-19,74,Passed
3864,5170,2005,2025-09-01 15:45:00,Completed,Attended,2025-09-19,88,Passed
3865,5170,2008,2025-08-25 08:00:00,NoShow,Absent,,,NotAssessed
3866,5170,2010,2025-08-29 12:45:00,Completed,Attended,2025-09-19,96,Passed
3867,5170,2013,2025-09-03 14:00:00,Completed,Attended,2025-09-19,87,Passed
3868,5170,2016,2025-09-08 10:45:00,Completed,Attended,2025-09-19,89,Passed
3869,5170,1765,2025-08-16 11:00:00,Completed,Attended,2025-09-19,70,Passed
3870,5170,1915,2025-08-23 08:45:00,Completed,Attended,2025-09-19,66,Failed
3871,5170,1916,2025-08-04 15:45:00,Completed,Attended,2025-09-19,70,Passed
3872,5171,2048,2026-07-04 16:45:00,Completed,Attended,2026-08-29,86,Passed
3873,5171,2051,2026-07-07 10:45:00,Completed,Attended,2026-08-29,67,Failed
3874,5171,1252,2026-07-12 12:15:00,Completed,Attended,2026-08-29,51,Failed
3875,5171,2085,2026-07-24 13:15:00,Completed,Attended,2026-08-29,100,Passed
3876,5171,2022,2026-07-09 08:30:00,Completed,Attended,2026-08-29,75,Passed
3877,5171,1225,2026-07-11 12:15:00,Completed,Attended,2026-08-29,61,Failed
3878,5171,2089,2026-07-13 11:45:00,Completed,Attended,2026-08-29,72,Passed
3879,5171,2059,2026-08-15 14:45:00,Completed,Attended,2026-08-29,85,Passed
3880,5171,2027,2026-08-12 14:45:00,NoShow,Absent,,,NotAssessed
3881,5171,2092,2026-08-02 11:15:00,Completed,Attended,2026-08-29,85,Passed
3882,5171,1936,2026-07-08 13:30:00,InProgress,Attended,,,NotAssessed
3883,5171,2097,2026-08-07 10:00:00,Completed,Attended,2026-08-29,50,Failed
3884,5171,2098,2026-07-09 09:15:00,Completed,Attended,2026-08-29,82,Passed
3885,5171,2099,2026-08-04 12:15:00,NoShow,Absent,,,NotAssessed
3886,5171,2046,2026-08-06 08:15:00,InProgress,Attended,,,NotAssessed
3887,5171,1118,2026-07-07 16:00:00,Completed,Attended,2026-08-29,71,Passed
3888,5172,1536,2025-10-31 16:45:00,Completed,Attended,2025-11-28,88,Passed
3889,5172,1026,2025-10-10 13:30:00,NoShow,Absent,,,NotAssessed
3890,5172,1019,2025-10-07 16:30:00,Completed,Attended,2025-11-28,93,Passed
3891,5172,1161,2025-10-21 12:30:00,Completed,Attended,2025-11-28,96,Passed
3892,5172,1293,2025-10-28 16:45:00,Completed,Attended,2025-11-28,94,Passed
3893,5172,2062,2025-11-16 09:30:00,Completed,Attended,2025-11-28,94,Passed
3894,5172,1170,2025-10-29 16:30:00,Completed,Attended,2025-11-28,70,Passed
3895,5172,1299,2025-11-12 14:45:00,Completed,Attended,2025-11-28,72,Passed
3896,5172,1174,2025-11-13 11:45:00,Completed,Attended,2025-11-28,60,Failed
3897,5172,1046,2025-10-13 15:15:00,Completed,Attended,2025-11-28,69,Failed
3898,5172,2071,2025-10-27 08:30:00,Completed,Attended,2025-11-28,68,Failed
3899,5172,1051,2025-10-13 10:30:00,Completed,Attended,2025-11-28,75,Passed
3900,5172,2079,2025-10-11 12:45:00,Completed,Attended,2025-11-28,72,Passed
3901,5172,1321,2025-10-15 15:15:00,Completed,Attended,2025-11-28,85,Passed
3902,5172,1197,2025-10-11 10:00:00,Cancelled,NotApplicable,,,NotAssessed
3903,5172,1201,2025-10-23 10:30:00,Completed,Attended,2025-11-28,89,Passed
3904,5172,1206,2025-10-18 09:30:00,Completed,Attended,2025-11-28,75,Passed
3905,5172,1591,2025-10-24 14:15:00,InProgress,Attended,,,NotAssessed
3906,5172,1210,2025-10-11 11:30:00,Completed,Attended,2025-11-28,90,Passed
3907,5172,1086,2025-11-15 12:00:00,InProgress,Attended,,,NotAssessed
3908,5172,1224,2025-10-16 16:00:00,Completed,Attended,2025-11-28,74,Passed
3909,5172,1108,2025-11-06 09:30:00,Completed,Attended,2025-11-28,58,Failed
3910,5172,1114,2025-10-23 09:45:00,Cancelled,NotApplicable,,,NotAssessed
3911,5172,1115,2025-10-14 12:45:00,Completed,Attended,2025-11-28,66,Failed
3912,5172,2013,2025-10-20 14:45:00,Completed,Attended,2025-11-28,76,Passed
3913,5172,1637,2025-10-04 16:15:00,Completed,Attended,2025-11-28,70,Passed
3914,5172,1126,2025-11-04 11:45:00,Completed,Attended,2025-11-28,70,Passed
3915,5172,1001,2025-11-15 13:45:00,Completed,Attended,2025-11-28,81,Passed
3916,5172,1132,2025-10-28 09:15:00,Completed,Attended,2025-11-28,87,Passed
3917,5172,1133,2025-10-10 14:45:00,Completed,Attended,2025-11-28,63,Failed
3918,5172,1262,2025-10-05 12:15:00,Completed,Attended,2025-11-28,89,Passed
3919,5172,1010,2025-10-17 10:45:00,Completed,Attended,2025-11-28,96,Passed
3920,5172,1266,2025-10-04 12:30:00,Completed,Attended,2025-11-28,80,Passed
3921,5172,1909,2025-10-06 11:00:00,Completed,Attended,2025-11-28,80,Passed
3922,5172,1014,2025-10-30 15:30:00,Completed,Attended,2025-11-28,66,Failed
3923,5172,1013,2025-10-30 16:15:00,NoShow,Absent,,,NotAssessed
3924,5172,1275,2025-11-06 16:00:00,Completed,Attended,2025-11-28,64,Failed
3925,5172,1277,2025-11-15 08:45:00,Completed,Attended,2025-11-28,80,Passed
3926,5173,1929,2025-10-23 16:30:00,Completed,Attended,2025-11-29,64,Failed
3927,5173,2058,2025-10-20 11:15:00,Completed,Attended,2025-11-29,61,Failed
3928,5173,1420,2025-11-05 08:30:00,Completed,Attended,2025-11-29,81,Passed
3929,5173,1423,2025-11-09 11:00:00,Completed,Attended,2025-11-29,66,Failed
3930,5173,1301,2025-11-02 09:00:00,Completed,Attended,2025-11-29,100,Passed
3931,5173,1431,2025-11-18 16:15:00,Completed,Attended,2025-11-29,71,Passed
3932,5173,1306,2025-10-25 16:30:00,Completed,Attended,2025-11-29,64,Failed
3933,5173,1435,2025-11-18 08:15:00,Completed,Attended,2025-11-29,50,Failed
3934,5173,1573,2025-11-16 12:30:00,Completed,Attended,2025-11-29,78,Passed
3935,5173,1319,2025-10-06 11:15:00,NoShow,Absent,,,NotAssessed
3936,5173,1449,2025-11-09 16:00:00,Completed,Attended,2025-11-29,100,Passed
3937,5173,1321,2025-10-19 15:45:00,Completed,Attended,2025-11-29,76,Passed
3938,5173,2091,2025-11-01 08:30:00,Completed,Attended,2025-11-29,66,Failed
3939,5173,1327,2025-10-30 08:00:00,NoShow,Absent,,,NotAssessed
3940,5173,1471,2025-11-17 15:00:00,Completed,Attended,2025-11-29,55,Failed
3941,5173,1345,2025-10-29 12:30:00,Completed,Attended,2025-11-29,77,Passed
3942,5173,1480,2025-11-06 15:45:00,Completed,Attended,2025-11-29,91,Passed
3943,5173,1485,2025-11-17 13:15:00,Completed,Attended,2025-11-29,82,Passed
3944,5173,1998,2025-10-31 14:45:00,Completed,Attended,2025-11-29,64,Failed
3945,5173,1360,2025-10-25 10:00:00,Completed,Attended,2025-11-29,76,Passed
3946,5173,1753,2025-10-21 16:45:00,Completed,Attended,2025-11-29,57,Failed
3947,5173,1503,2025-11-16 09:00:00,NoShow,Absent,,,NotAssessed
3948,5173,1517,2025-11-11 14:45:00,NoShow,Absent,,,NotAssessed
3949,5173,1138,2025-11-18 11:15:00,NoShow,Absent,,,NotAssessed
3950,5173,1398,2025-10-28 10:15:00,Completed,Attended,2025-11-29,58,Failed
3951,5173,1399,2025-10-12 10:45:00,Completed,Attended,2025-11-29,54,Failed
3952,5173,1404,2025-11-01 08:30:00,Completed,Attended,2025-11-29,72,Passed
3953,5173,1149,2025-11-09 09:15:00,NoShow,Absent,,,NotAssessed
3954,5174,1923,2025-09-27 16:30:00,Cancelled,NotApplicable,,,NotAssessed
3955,5174,1924,2025-09-14 09:00:00,Completed,Attended,2025-10-07,78,Passed
3956,5174,1961,2025-08-31 13:30:00,Completed,Attended,2025-10-07,90,Passed
3957,5174,1514,2025-09-16 13:45:00,Completed,Attended,2025-10-07,84,Passed
3958,5174,1996,2025-08-18 15:15:00,NoShow,Absent,,,NotAssessed
3959,5174,1421,2025-08-29 12:45:00,Completed,Attended,2025-10-07,72,Passed
3960,5174,1744,2025-09-27 10:15:00,Completed,Attended,2025-10-07,76,Passed
3961,5174,1937,2025-08-29 12:45:00,Completed,Attended,2025-10-07,66,Failed
3962,5174,1913,2025-08-15 15:00:00,InProgress,Attended,,,NotAssessed
3963,5174,2010,2025-09-21 10:30:00,Completed,Attended,2025-10-07,81,Passed
3964,5174,2014,2025-09-30 08:45:00,Completed,Attended,2025-10-07,100,Passed
3965,5175,1476,2026-02-19 12:30:00,Completed,Attended,2026-04-14,86,Passed
3966,5175,1352,2026-02-20 16:15:00,Completed,Attended,2026-04-14,76,Passed
3967,5175,1353,2026-03-08 08:00:00,Completed,Attended,2026-04-14,62,Failed
3968,5175,1450,2026-03-23 10:00:00,Completed,Attended,2026-04-14,82,Passed
3969,5175,1515,2026-03-09 16:00:00,Completed,Attended,2026-04-14,76,Passed
3970,5175,1389,2026-04-05 16:15:00,Completed,Attended,2026-04-14,69,Failed
3971,5175,1301,2026-02-19 12:15:00,NoShow,Absent,,,NotAssessed
3972,5175,1435,2026-03-13 13:00:00,Completed,Attended,2026-04-14,64,Failed
3973,5175,1468,2026-03-01 10:30:00,Completed,Attended,2026-04-14,84,Passed
3974,5175,1629,2026-03-05 09:45:00,InProgress,Attended,,,NotAssessed
3975,5175,1502,2026-04-02 15:00:00,Completed,Attended,2026-04-14,58,Failed
3976,5175,1471,2026-02-26 11:00:00,Completed,Attended,2026-04-14,79,Passed
3977,5176,2048,2026-03-24 11:00:00,Completed,Attended,2026-05-16,96,Passed
3978,5176,2053,2026-04-03 14:00:00,Completed,Attended,2026-05-16,76,Passed
3979,5176,2054,2026-03-23 14:00:00,Completed,Attended,2026-05-16,63,Failed
3980,5176,2057,2026-03-21 16:30:00,Completed,Attended,2026-05-16,77,Passed
3981,5176,2059,2026-03-23 08:45:00,Completed,Attended,2026-05-16,48,Failed
3982,5176,2061,2026-05-02 13:30:00,NoShow,Absent,,,NotAssessed
3983,5176,2065,2026-05-06 09:00:00,NoShow,Absent,,,NotAssessed
3984,5176,2066,2026-04-15 11:00:00,Completed,Attended,2026-05-16,100,Passed
3985,5176,2067,2026-03-30 11:45:00,NoShow,Absent,,,NotAssessed
3986,5176,2068,2026-05-04 09:45:00,NoShow,Absent,,,NotAssessed
3987,5176,1304,2026-03-25 15:30:00,Completed,Attended,2026-05-16,74,Passed
3988,5176,2073,2026-05-01 12:00:00,Completed,Attended,2026-05-16,80,Passed
3989,5176,2077,2026-04-27 16:45:00,Completed,Attended,2026-05-16,74,Passed
3990,5176,2078,2026-04-06 10:30:00,Completed,Attended,2026-05-16,96,Passed
3991,5176,2081,2026-04-14 11:45:00,Completed,Attended,2026-05-16,84,Passed
3992,5176,2082,2026-05-05 16:45:00,Completed,Attended,2026-05-16,79,Passed
3993,5176,1953,2026-03-26 13:15:00,NoShow,Absent,,,NotAssessed
3994,5176,2084,2026-03-23 12:00:00,Completed,Attended,2026-05-16,71,Passed
3995,5176,2085,2026-03-31 15:30:00,Completed,Attended,2026-05-16,89,Passed
3996,5176,1065,2026-04-15 13:45:00,Completed,Attended,2026-05-16,61,Failed
3997,5176,2094,2026-03-22 10:30:00,Completed,Attended,2026-05-16,81,Passed
3998,5176,2096,2026-04-24 14:00:00,Completed,Attended,2026-05-16,97,Passed
3999,5176,2100,2026-03-27 13:30:00,Completed,Attended,2026-05-16,100,Passed
4000,5176,1605,2026-03-23 09:15:00,InProgress,Attended,,,NotAssessed
4001,5176,1621,2026-04-27 13:15:00,NoShow,Absent,,,NotAssessed
4002,5176,1365,2026-04-06 16:15:00,Completed,Attended,2026-05-16,88,Passed
4003,5176,2006,2026-04-12 12:15:00,Completed,Attended,2026-05-16,79,Passed
4004,5176,2024,2026-03-24 09:15:00,Completed,Attended,2026-05-16,76,Passed
4005,5176,2029,2026-05-03 10:45:00,Completed,Attended,2026-05-16,66,Failed
4006,5176,2032,2026-03-29 09:30:00,Completed,Attended,2026-05-16,83,Passed
4007,5176,2038,2026-04-08 12:45:00,Completed,Attended,2026-05-16,60,Failed
4008,5176,2041,2026-04-22 11:45:00,NoShow,Absent,,,NotAssessed
4009,5176,2043,2026-04-13 14:00:00,Completed,Attended,2026-05-16,74,Passed
4010,5176,2044,2026-03-30 14:00:00,NoShow,Absent,,,NotAssessed
4011,5176,1406,2026-03-30 12:00:00,Cancelled,NotApplicable,,,NotAssessed
4012,5177,2049,2025-09-27 09:45:00,Completed,Attended,2025-10-19,85,Passed
4013,5177,1415,2025-09-22 08:30:00,Completed,Attended,2025-10-19,99,Passed
4014,5177,2058,2025-10-09 12:15:00,Completed,Attended,2025-10-19,73,Passed
4015,5177,2059,2025-09-29 11:15:00,Completed,Attended,2025-10-19,68,Failed
4016,5177,2064,2025-10-03 09:30:00,Completed,Attended,2025-10-19,72,Passed
4017,5177,2065,2025-08-24 08:00:00,InProgress,Attended,,,NotAssessed
4018,5177,1682,2025-09-23 16:00:00,InProgress,Attended,,,NotAssessed
4019,5177,2068,2025-09-23 16:00:00,Completed,Attended,2025-10-19,89,Passed
4020,5177,2070,2025-08-28 10:30:00,Completed,Attended,2025-10-19,95,Passed
4021,5177,2071,2025-08-30 12:45:00,Completed,Attended,2025-10-19,95,Passed
4022,5177,2073,2025-09-24 14:00:00,Completed,Attended,2025-10-19,84,Passed
4023,5177,2076,2025-08-24 09:30:00,Cancelled,NotApplicable,,,NotAssessed
4024,5177,1568,2025-09-24 16:30:00,Cancelled,NotApplicable,,,NotAssessed
4025,5177,2083,2025-10-08 09:15:00,Completed,Attended,2025-10-19,80,Passed
4026,5177,2085,2025-08-31 10:00:00,NoShow,Absent,,,NotAssessed
4027,5177,2086,2025-10-01 15:15:00,NoShow,Absent,,,NotAssessed
4028,5177,2087,2025-09-10 08:15:00,Completed,Attended,2025-10-19,81,Passed
4029,5177,2088,2025-09-08 11:00:00,Completed,Attended,2025-10-19,77,Passed
4030,5177,2089,2025-10-11 16:15:00,NoShow,Absent,,,NotAssessed
4031,5177,2090,2025-09-19 16:30:00,Completed,Attended,2025-10-19,67,Failed
4032,5177,1958,2025-10-10 10:00:00,Completed,Attended,2025-10-19,80,Passed
4033,5177,2096,2025-10-08 14:15:00,Completed,Attended,2025-10-19,69,Failed
4034,5177,2097,2025-08-31 08:00:00,Completed,Attended,2025-10-19,94,Passed
4035,5177,2098,2025-10-04 10:15:00,NoShow,Absent,,,NotAssessed
4036,5177,1210,2025-09-10 10:30:00,Completed,Attended,2025-10-19,67,Failed
4037,5177,1980,2025-09-24 15:15:00,Completed,Attended,2025-10-19,92,Passed
4038,5177,1736,2025-09-01 14:00:00,Completed,Attended,2025-10-19,83,Passed
4039,5177,2002,2025-09-12 15:30:00,Completed,Attended,2025-10-19,75,Passed
4040,5177,1619,2025-09-23 10:45:00,Completed,Attended,2025-10-19,80,Passed
4041,5177,2004,2025-09-06 13:45:00,Completed,Attended,2025-10-19,70,Passed
4042,5177,1369,2025-10-03 11:15:00,Completed,Attended,2025-10-19,70,Passed
4043,5177,2021,2025-10-04 09:30:00,Completed,Attended,2025-10-19,98,Passed
4044,5177,2022,2025-09-05 10:00:00,Completed,Attended,2025-10-19,90,Passed
4045,5177,2026,2025-10-06 13:30:00,Completed,Attended,2025-10-19,65,Failed
4046,5177,2027,2025-10-06 11:30:00,Completed,Attended,2025-10-19,57,Failed
4047,5177,2033,2025-08-24 10:00:00,Completed,Attended,2025-10-19,77,Passed
4048,5177,2036,2025-08-27 15:45:00,Completed,Attended,2025-10-19,56,Failed
4049,5177,2037,2025-09-10 09:15:00,Completed,Attended,2025-10-19,84,Passed
4050,5177,2038,2025-10-05 11:45:00,Cancelled,NotApplicable,,,NotAssessed
4051,5177,1653,2025-09-16 11:00:00,Completed,Attended,2025-10-19,84,Passed
4052,5177,2040,2025-09-16 16:45:00,Completed,Attended,2025-10-19,80,Passed
4053,5177,2041,2025-10-08 08:00:00,NoShow,Absent,,,NotAssessed
4054,5177,2044,2025-08-28 12:30:00,Completed,Attended,2025-10-19,91,Passed
4055,5177,2045,2025-09-20 10:45:00,Completed,Attended,2025-10-19,91,Passed
4056,5177,2047,2025-10-11 12:15:00,Completed,Attended,2025-10-19,97,Passed
4057,5178,1152,2025-08-21 09:00:00,Completed,Attended,2025-09-26,80,Passed
4058,5178,1024,2025-08-27 09:15:00,Completed,Attended,2025-09-26,69,Failed
4059,5178,1027,2025-08-02 12:45:00,Completed,Attended,2025-09-26,97,Passed
4060,5178,1283,2025-09-08 15:00:00,Completed,Attended,2025-09-26,89,Passed
4061,5178,1427,2025-08-05 09:30:00,Completed,Attended,2025-09-26,92,Passed
4062,5178,1048,2025-08-24 14:45:00,Completed,Attended,2025-09-26,95,Passed
4063,5178,2072,2025-09-15 12:30:00,NoShow,Absent,,,NotAssessed
4064,5178,1068,2025-08-02 08:30:00,Completed,Attended,2025-09-26,74,Passed
4065,5178,1073,2025-08-14 16:00:00,Completed,Attended,2025-09-26,78,Passed
4066,5178,1092,2025-08-30 11:45:00,Completed,Attended,2025-09-26,78,Passed
4067,5178,1223,2025-08-19 14:45:00,Completed,Attended,2025-09-26,88,Passed
4068,5178,1998,2025-09-08 09:45:00,Completed,Attended,2025-09-26,62,Failed
4069,5178,1230,2025-09-18 10:45:00,Completed,Attended,2025-09-26,73,Passed
4070,5178,1235,2025-09-17 13:00:00,Completed,Attended,2025-09-26,77,Passed
4071,5178,1109,2025-09-07 14:30:00,Completed,Attended,2025-09-26,68,Failed
4072,5178,1252,2025-08-28 15:45:00,Completed,Attended,2025-09-26,80,Passed
4073,5178,1125,2025-09-13 13:45:00,Completed,Attended,2025-09-26,71,Passed
4074,5178,1127,2025-08-20 11:45:00,InProgress,Attended,,,NotAssessed
4075,5178,1128,2025-09-17 08:30:00,Completed,Attended,2025-09-26,90,Passed
4076,5178,1257,2025-09-10 09:15:00,Completed,Attended,2025-09-26,74,Passed
4077,5178,1256,2025-09-07 15:00:00,InProgress,Attended,,,NotAssessed
4078,5178,1133,2025-09-01 16:30:00,Completed,Attended,2025-09-26,75,Passed
4079,5178,1006,2025-08-14 10:15:00,Completed,Attended,2025-09-26,74,Passed
4080,5178,1008,2025-09-01 11:45:00,NoShow,Absent,,,NotAssessed
4081,5178,1906,2025-08-28 16:30:00,Completed,Attended,2025-09-26,95,Passed
4082,5178,1010,2025-08-11 14:00:00,NoShow,Absent,,,NotAssessed
4083,5178,1267,2025-08-12 12:00:00,Completed,Attended,2025-09-26,76,Passed
4084,5178,1011,2025-08-31 16:45:00,Completed,Attended,2025-09-26,100,Passed
4085,5178,1017,2025-09-11 16:15:00,Completed,Attended,2025-09-26,98,Passed
4086,5178,1273,2025-08-25 12:00:00,Completed,Attended,2025-09-26,96,Passed
4087,5178,1019,2025-09-01 12:45:00,Completed,Attended,2025-09-26,87,Passed
4088,5178,1917,2025-08-17 15:00:00,Completed,Attended,2025-09-26,57,Failed
4089,5179,1463,2025-10-06 10:30:00,Completed,Attended,2025-11-08,75,Passed
4090,5179,1410,2025-10-22 16:00:00,NoShow,Absent,,,NotAssessed
4091,5179,1347,2025-10-31 12:00:00,Completed,Attended,2025-11-08,100,Passed
4092,5179,1475,2025-10-02 12:15:00,Completed,Attended,2025-11-08,79,Passed
4093,5179,1506,2025-10-25 12:30:00,Completed,Attended,2025-11-08,90,Passed
4094,5179,1478,2025-10-25 15:45:00,InProgress,Attended,,,NotAssessed
4095,5179,1383,2025-09-23 09:45:00,Completed,Attended,2025-11-08,71,Passed
4096,5179,2056,2025-10-01 14:30:00,Completed,Attended,2025-11-08,92,Passed
4097,5179,1831,2025-09-17 15:00:00,NoShow,Absent,,,NotAssessed
4098,5179,1328,2025-09-23 10:00:00,Completed,Attended,2025-11-08,66,Failed
4099,5179,1330,2025-09-30 15:00:00,Completed,Attended,2025-11-08,100,Passed
4100,5179,1366,2025-10-07 11:00:00,InProgress,Attended,,,NotAssessed
4101,5179,1372,2025-10-08 12:15:00,Completed,Attended,2025-11-08,88,Passed
4102,5179,1402,2025-10-06 12:15:00,Completed,Attended,2025-11-08,60,Failed
4103,5179,1308,2025-09-22 09:30:00,Completed,Attended,2025-11-08,80,Passed
4104,5180,2048,2026-01-13 08:30:00,Completed,Attended,2026-01-25,81,Passed
4105,5180,2049,2025-12-28 10:00:00,Completed,Attended,2026-01-25,73,Passed
4106,5180,2062,2026-01-16 08:45:00,Completed,Attended,2026-01-25,65,Failed
4107,5180,2064,2025-12-29 15:00:00,Completed,Attended,2026-01-25,74,Passed
4108,5180,2069,2025-12-25 13:15:00,Completed,Attended,2026-01-25,56,Failed
4109,5180,2070,2025-12-22 10:15:00,Completed,Attended,2026-01-25,94,Passed
4110,5180,2076,2025-12-28 12:30:00,Completed,Attended,2026-01-25,78,Passed
4111,5180,2086,2026-01-15 10:30:00,Completed,Attended,2026-01-25,90,Passed
4112,5180,2087,2025-12-15 13:30:00,Completed,Attended,2026-01-25,86,Passed
4113,5180,2097,2026-01-01 13:00:00,Completed,Attended,2026-01-25,100,Passed
4114,5180,2099,2025-12-19 15:45:00,Completed,Attended,2026-01-25,67,Failed
4115,5180,2100,2025-12-31 08:00:00,Completed,Attended,2026-01-25,78,Passed
4116,5180,1462,2025-12-23 11:00:00,Completed,Attended,2026-01-25,77,Passed
4117,5180,2001,2025-12-06 09:45:00,Completed,Attended,2026-01-25,68,Failed
4118,5180,1113,2025-12-21 08:15:00,Completed,Attended,2026-01-25,88,Passed
4119,5180,1504,2025-12-19 08:30:00,Completed,Attended,2026-01-25,94,Passed
4120,5180,1379,2025-12-16 16:30:00,Completed,Attended,2026-01-25,93,Passed
4121,5180,2022,2025-12-11 08:45:00,Completed,Attended,2026-01-25,75,Passed
4122,5180,2025,2025-12-01 10:45:00,Completed,Attended,2026-01-25,83,Passed
4123,5180,2027,2025-12-11 12:30:00,Completed,Attended,2026-01-25,77,Passed
4124,5180,2030,2025-12-08 12:45:00,Completed,Attended,2026-01-25,81,Passed
4125,5180,2033,2025-12-16 09:15:00,Completed,Attended,2026-01-25,74,Passed
4126,5180,2034,2025-12-05 10:30:00,Completed,Attended,2026-01-25,76,Passed
4127,5180,2036,2026-01-09 15:30:00,Completed,Attended,2026-01-25,81,Passed
4128,5180,2040,2026-01-02 16:00:00,Completed,Attended,2026-01-25,93,Passed
4129,5180,2045,2025-12-22 08:30:00,Completed,Attended,2026-01-25,90,Passed
4130,5180,2046,2026-01-06 10:15:00,Completed,Attended,2026-01-25,79,Passed
4131,5180,2047,2025-12-10 09:00:00,Completed,Attended,2026-01-25,72,Passed
4132,5181,1121,2025-11-14 11:45:00,NoShow,Absent,,,NotAssessed
4133,5181,1282,2025-11-04 10:30:00,Completed,Attended,2025-12-29,77,Passed
4134,5181,1059,2025-12-02 08:15:00,Completed,Attended,2025-12-29,75,Passed
4135,5181,1766,2025-11-17 08:45:00,NoShow,Absent,,,NotAssessed
4136,5181,1066,2025-12-03 13:15:00,Completed,Attended,2025-12-29,66,Failed
4137,5181,1274,2025-11-04 09:45:00,Completed,Attended,2025-12-29,52,Failed
4138,5181,1265,2025-11-02 11:45:00,Cancelled,NotApplicable,,,NotAssessed
4139,5181,1236,2025-12-09 15:45:00,Completed,Attended,2025-12-29,95,Passed
4140,5181,1109,2025-11-17 13:00:00,Completed,Attended,2025-12-29,86,Passed
4141,5181,1238,2025-11-21 10:00:00,Completed,Attended,2025-12-29,75,Passed
4142,5181,1207,2025-12-05 12:00:00,Completed,Attended,2025-12-29,84,Passed
4143,5181,1209,2025-12-19 14:00:00,NoShow,Absent,,,NotAssessed
4144,5181,1082,2025-12-20 09:30:00,Completed,Attended,2025-12-29,65,Failed
4145,5181,1052,2025-12-19 16:30:00,Completed,Attended,2025-12-29,90,Passed
4146,5181,2077,2025-11-30 13:30:00,InProgress,Attended,,,NotAssessed
4147,5181,1022,2025-11-03 09:00:00,NoShow,Absent,,,NotAssessed
4148,5182,1668,2025-03-20 15:30:00,Completed,Attended,2025-05-16,91,Passed
4149,5182,1540,2025-05-05 09:00:00,Completed,Attended,2025-05-16,71,Passed
4150,5182,1550,2025-04-07 14:00:00,Completed,Attended,2025-05-16,89,Passed
4151,5182,1680,2025-05-04 16:00:00,Completed,Attended,2025-05-16,63,Failed
4152,5182,1938,2025-04-30 09:15:00,Completed,Attended,2025-05-16,86,Passed
4153,5182,1557,2025-04-28 15:45:00,Completed,Attended,2025-05-16,58,Failed
4154,5182,1567,2025-04-01 12:45:00,Completed,Attended,2025-05-16,80,Passed
4155,5182,1699,2025-04-03 13:00:00,Completed,Attended,2025-05-16,85,Passed
4156,5182,1704,2025-03-20 16:30:00,Completed,Attended,2025-05-16,69,Failed
4157,5182,1582,2025-05-05 10:15:00,Completed,Attended,2025-05-16,81,Passed
4158,5182,1583,2025-04-08 15:15:00,Completed,Attended,2025-05-16,92,Passed
4159,5182,1585,2025-05-05 12:45:00,Completed,Attended,2025-05-16,73,Passed
4160,5182,1714,2025-04-11 15:45:00,Completed,Attended,2025-05-16,80,Passed
4161,5182,1843,2025-04-18 15:30:00,Completed,Attended,2025-05-16,69,Failed
4162,5182,1467,2025-03-23 14:00:00,Completed,Attended,2025-05-16,77,Passed
4163,5182,1603,2025-04-29 15:30:00,Completed,Attended,2025-05-16,74,Passed
4164,5182,1616,2025-04-16 08:30:00,NoShow,Absent,,,NotAssessed
4165,5182,1362,2025-04-04 09:00:00,Completed,Attended,2025-05-16,80,Passed
4166,5182,1618,2025-04-27 09:15:00,Completed,Attended,2025-05-16,82,Passed
4167,5182,1621,2025-03-20 09:30:00,Completed,Attended,2025-05-16,82,Passed
4168,5182,1626,2025-04-25 12:00:00,Completed,Attended,2025-05-16,65,Failed
4169,5182,1640,2025-03-23 16:45:00,Completed,Attended,2025-05-16,73,Passed
4170,5182,1275,2025-04-13 15:00:00,Completed,Attended,2025-05-16,82,Passed
4171,5182,1660,2025-03-28 14:30:00,Completed,Attended,2025-05-16,100,Passed
4172,5183,1921,2025-07-28 16:30:00,Cancelled,NotApplicable,,,NotAssessed
4173,5183,2018,2025-07-15 14:15:00,Cancelled,NotApplicable,,,NotAssessed
4174,5183,1957,2025-06-26 13:00:00,Cancelled,NotApplicable,,,NotAssessed
4175,5183,1448,2025-07-01 11:45:00,Cancelled,NotApplicable,,,NotAssessed
4176,5183,1369,2025-06-28 12:45:00,Cancelled,NotApplicable,,,NotAssessed
4177,5183,2012,2025-06-25 12:30:00,Cancelled,NotApplicable,,,NotAssessed
4178,5183,1965,2025-08-01 09:45:00,Cancelled,NotApplicable,,,NotAssessed
4179,5183,1998,2025-06-17 09:45:00,Cancelled,NotApplicable,,,NotAssessed
4180,5183,1903,2025-06-27 11:30:00,Cancelled,NotApplicable,,,NotAssessed
4181,5183,2030,2025-07-28 11:45:00,Cancelled,NotApplicable,,,NotAssessed
4182,5183,1972,2025-07-26 10:45:00,Cancelled,NotApplicable,,,NotAssessed
4183,5183,2006,2025-07-31 10:45:00,Cancelled,NotApplicable,,,NotAssessed
4184,5183,1975,2025-07-30 14:15:00,Cancelled,NotApplicable,,,NotAssessed
4185,5183,1976,2025-06-25 12:15:00,Cancelled,NotApplicable,,,NotAssessed
4186,5183,1974,2025-07-26 09:30:00,Cancelled,NotApplicable,,,NotAssessed
4187,5183,1915,2025-07-30 09:45:00,Cancelled,NotApplicable,,,NotAssessed
4188,5183,1916,2025-06-23 08:30:00,Cancelled,NotApplicable,,,NotAssessed
4189,5183,2047,2025-07-11 09:45:00,Cancelled,NotApplicable,,,NotAssessed
4190,5184,1920,2026-01-19 10:00:00,Completed,Attended,2026-02-21,71,Passed
4191,5184,1921,2026-01-17 15:15:00,Completed,Attended,2026-02-21,90,Passed
4192,5184,2057,2025-12-31 12:30:00,Completed,Attended,2026-02-21,65,Failed
4193,5184,1935,2026-01-10 08:15:00,Completed,Attended,2026-02-21,69,Failed
4194,5184,2070,2026-02-07 15:00:00,Completed,Attended,2026-02-21,73,Passed
4195,5184,1943,2026-02-06 13:30:00,Completed,Attended,2026-02-21,64,Failed
4196,5184,1951,2026-02-06 09:15:00,Completed,Attended,2026-02-21,85,Passed
4197,5184,1966,2026-01-12 15:00:00,Completed,Attended,2026-02-21,68,Failed
4198,5184,1979,2025-12-30 09:00:00,Completed,Attended,2026-02-21,65,Failed
4199,5184,1980,2026-01-05 13:45:00,Completed,Attended,2026-02-21,74,Passed
4200,5184,1981,2026-02-02 08:15:00,Completed,Attended,2026-02-21,93,Passed
4201,5184,1984,2026-01-26 15:15:00,Completed,Attended,2026-02-21,74,Passed
4202,5184,1990,2026-01-28 11:30:00,InProgress,Attended,,,NotAssessed
4203,5184,1998,2026-01-14 12:30:00,Completed,Attended,2026-02-21,100,Passed
4204,5184,2003,2026-02-05 11:15:00,Completed,Attended,2026-02-21,82,Passed
4205,5184,1779,2025-12-31 15:30:00,Completed,Attended,2026-02-21,81,Passed
4206,5184,1909,2026-01-11 09:00:00,Completed,Attended,2026-02-21,65,Failed
4207,5184,1910,2026-01-23 10:30:00,NoShow,Absent,,,NotAssessed
4208,5184,1911,2026-02-05 08:30:00,InProgress,Attended,,,NotAssessed
4209,5185,1674,2026-04-01 14:45:00,Completed,Attended,2026-04-16,88,Passed
4210,5185,1296,2026-02-24 15:15:00,Completed,Attended,2026-04-16,68,Failed
4211,5185,1555,2026-03-18 16:45:00,Completed,Attended,2026-04-16,75,Passed
4212,5185,1556,2026-03-14 08:15:00,Completed,Attended,2026-04-16,86,Passed
4213,5185,1573,2026-04-06 09:00:00,Completed,Attended,2026-04-16,67,Failed
4214,5185,1710,2026-04-09 15:15:00,Completed,Attended,2026-04-16,68,Failed
4215,5185,1462,2026-03-12 08:45:00,Completed,Attended,2026-04-16,79,Passed
4216,5185,1594,2026-02-22 14:00:00,Cancelled,NotApplicable,,,NotAssessed
4217,5185,1854,2026-03-08 11:45:00,Completed,Attended,2026-04-16,99,Passed
4218,5185,1610,2026-02-22 09:15:00,NoShow,Absent,,,NotAssessed
4219,5185,1621,2026-03-13 10:45:00,Completed,Attended,2026-04-16,87,Passed
4220,5185,1365,2026-03-06 09:45:00,Completed,Attended,2026-04-16,75,Passed
4221,5185,1639,2026-02-26 14:30:00,Completed,Attended,2026-04-16,72,Passed
4222,5185,1647,2026-02-25 08:30:00,Completed,Attended,2026-04-16,77,Passed
4223,5185,1520,2026-02-24 11:45:00,Completed,Attended,2026-04-16,88,Passed
4224,5185,1521,2026-03-22 15:45:00,Completed,Attended,2026-04-16,78,Passed
4225,5185,1650,2026-03-07 08:30:00,Completed,Attended,2026-04-16,75,Passed
4226,5185,1651,2026-04-09 12:45:00,Completed,Attended,2026-04-16,88,Passed
4227,5185,1525,2026-03-21 09:15:00,Completed,Attended,2026-04-16,67,Failed
4228,5185,1533,2026-03-13 12:00:00,Completed,Attended,2026-04-16,51,Failed
4229,5185,1534,2026-03-28 09:00:00,Cancelled,NotApplicable,,,NotAssessed
4230,5185,1151,2026-04-04 13:15:00,InProgress,Attended,,,NotAssessed
4231,5186,1028,2025-09-08 14:00:00,Completed,Attended,2025-10-25,67,Failed
4232,5186,1420,2025-10-12 13:15:00,Completed,Attended,2025-10-25,84,Passed
4233,5186,1423,2025-09-19 14:45:00,Completed,Attended,2025-10-25,64,Failed
4234,5186,1424,2025-10-08 08:00:00,NoShow,Absent,,,NotAssessed
4235,5186,1432,2025-08-31 13:45:00,Completed,Attended,2025-10-25,86,Passed
4236,5186,1447,2025-09-19 16:45:00,NoShow,Absent,,,NotAssessed
4237,5186,1322,2025-09-12 14:00:00,Completed,Attended,2025-10-25,88,Passed
4238,5186,1330,2025-09-23 16:00:00,Cancelled,NotApplicable,,,NotAssessed
4239,5186,1337,2025-10-12 12:00:00,Completed,Attended,2025-10-25,60,Failed
4240,5186,1604,2025-09-30 09:00:00,Completed,Attended,2025-10-25,85,Passed
4241,5186,1483,2025-09-09 11:45:00,Completed,Attended,2025-10-25,89,Passed
4242,5186,1484,2025-09-22 16:30:00,NoShow,Absent,,,NotAssessed
4243,5186,1487,2025-10-05 16:30:00,Completed,Attended,2025-10-25,77,Passed
4244,5186,1488,2025-09-08 08:15:00,Completed,Attended,2025-10-25,100,Passed
4245,5186,1363,2025-09-23 12:45:00,Completed,Attended,2025-10-25,51,Failed
4246,5186,1878,2025-09-20 10:45:00,Completed,Attended,2025-10-25,89,Passed
4247,5186,1373,2025-09-19 12:45:00,Cancelled,NotApplicable,,,NotAssessed
4248,5186,2031,2025-09-25 12:15:00,Completed,Attended,2025-10-25,68,Failed
4249,5186,1402,2025-09-08 16:45:00,Completed,Attended,2025-10-25,71,Passed
4250,5186,1405,2025-09-26 15:00:00,InProgress,Attended,,,NotAssessed
4251,5187,1473,2025-08-07 08:45:00,Cancelled,NotApplicable,,,NotAssessed
4252,5187,1313,2025-08-22 16:15:00,Cancelled,NotApplicable,,,NotAssessed
4253,5187,1317,2025-09-07 08:15:00,Cancelled,NotApplicable,,,NotAssessed
4254,5187,1479,2025-08-06 16:15:00,Cancelled,NotApplicable,,,NotAssessed
4255,5187,1384,2025-08-28 12:15:00,Cancelled,NotApplicable,,,NotAssessed
4256,5187,1448,2025-08-25 16:00:00,Cancelled,NotApplicable,,,NotAssessed
4257,5187,1994,2025-08-31 09:15:00,Cancelled,NotApplicable,,,NotAssessed
4258,5187,1387,2025-08-25 12:00:00,Cancelled,NotApplicable,,,NotAssessed
4259,5187,1354,2025-09-07 12:30:00,Cancelled,NotApplicable,,,NotAssessed
4260,5187,1355,2025-08-13 13:30:00,Cancelled,NotApplicable,,,NotAssessed
4261,5187,1454,2025-07-25 09:45:00,Cancelled,NotApplicable,,,NotAssessed
4262,5187,1482,2025-08-08 09:15:00,Cancelled,NotApplicable,,,NotAssessed
4263,5187,1362,2025-08-06 13:00:00,Cancelled,NotApplicable,,,NotAssessed
4264,5187,1332,2025-08-29 13:15:00,Cancelled,NotApplicable,,,NotAssessed
4265,5187,2006,2025-07-29 15:30:00,Cancelled,NotApplicable,,,NotAssessed
4266,5187,1496,2025-07-31 12:15:00,Cancelled,NotApplicable,,,NotAssessed
4267,5187,1501,2025-07-31 14:30:00,Cancelled,NotApplicable,,,NotAssessed
4268,5188,1410,2026-06-30 13:00:00,Completed,Attended,2026-08-10,81,Passed
4269,5188,1379,2026-06-15 12:00:00,Completed,Attended,2026-08-10,83,Passed
4270,5188,1444,2026-07-08 12:30:00,Completed,Attended,2026-08-10,73,Passed
4271,5188,1349,2026-07-18 12:30:00,Completed,Attended,2026-08-10,69,Failed
4272,5188,1477,2026-07-21 13:00:00,Completed,Attended,2026-08-10,97,Passed
4273,5188,1418,2026-07-16 08:15:00,Completed,Attended,2026-08-10,70,Passed
4274,5188,1358,2026-07-15 08:45:00,Completed,Attended,2026-08-10,85,Passed
4275,5188,1487,2026-07-01 16:00:00,Completed,Attended,2026-08-10,61,Failed
4276,5188,1434,2026-07-03 14:00:00,Completed,Attended,2026-08-10,65,Failed
4277,5188,1361,2026-06-21 09:30:00,Completed,Attended,2026-08-10,72,Passed
4278,5188,1435,2026-06-26 09:00:00,Completed,Attended,2026-08-10,79,Passed
4279,5188,1466,2026-06-21 14:15:00,Completed,Attended,2026-08-10,67,Failed
4280,5188,1371,2026-07-21 16:15:00,Completed,Attended,2026-08-10,90,Passed
4281,5188,1437,2026-06-15 08:30:00,Completed,Attended,2026-08-10,73,Passed
4282,5188,1438,2026-07-08 10:30:00,Completed,Attended,2026-08-10,91,Passed
4283,5189,1281,2025-10-03 12:45:00,Completed,Attended,2025-11-11,95,Passed
4284,5189,1667,2025-10-18 10:30:00,Completed,Attended,2025-11-11,82,Passed
4285,5189,1284,2025-10-22 11:15:00,Completed,Attended,2025-11-11,79,Passed
4286,5189,1036,2025-10-22 12:45:00,Completed,Attended,2025-11-11,63,Failed
4287,5189,1039,2025-10-13 15:45:00,Completed,Attended,2025-11-11,74,Passed
4288,5189,1296,2025-10-23 08:45:00,Completed,Attended,2025-11-11,63,Failed
4289,5189,1167,2025-09-21 16:15:00,Completed,Attended,2025-11-11,86,Passed
4290,5189,1170,2025-10-17 08:45:00,NoShow,Absent,,,NotAssessed
4291,5189,1047,2025-09-18 11:00:00,Completed,Attended,2025-11-11,70,Passed
4292,5189,1181,2025-10-09 15:45:00,Completed,Attended,2025-11-11,69,Failed
4293,5189,1055,2025-10-07 15:30:00,Completed,Attended,2025-11-11,82,Passed
4294,5189,1194,2025-10-31 12:45:00,Completed,Attended,2025-11-11,100,Passed
4295,5189,1197,2025-10-13 10:00:00,Completed,Attended,2025-11-11,38,Failed
4296,5189,1222,2025-09-26 12:30:00,Completed,Attended,2025-11-11,84,Passed
4297,5189,1609,2025-10-07 16:15:00,Completed,Attended,2025-11-11,91,Passed
4298,5189,1251,2025-10-29 14:00:00,Completed,Attended,2025-11-11,64,Failed
4299,5189,1125,2025-10-05 12:15:00,Completed,Attended,2025-11-11,66,Failed
4300,5189,1129,2025-09-15 11:45:00,Completed,Attended,2025-11-11,84,Passed
4301,5189,1769,2025-10-09 08:15:00,Completed,Attended,2025-11-11,88,Passed
4302,5189,1130,2025-10-27 11:00:00,Completed,Attended,2025-11-11,83,Passed
4303,5189,2029,2025-10-30 13:30:00,Completed,Attended,2025-11-11,67,Failed
4304,5189,2032,2025-10-29 11:45:00,Completed,Attended,2025-11-11,82,Passed
4305,5189,1137,2025-10-13 14:15:00,Completed,Attended,2025-11-11,73,Passed
4306,5189,1270,2025-09-27 12:15:00,InProgress,Attended,,,NotAssessed
4307,5189,1274,2025-10-11 08:45:00,NoShow,Absent,,,NotAssessed
4308,5189,1276,2025-09-24 16:15:00,NoShow,Absent,,,NotAssessed
4309,5190,1217,2025-07-10 12:45:00,Completed,Attended,2025-08-24,91,Passed
4310,5190,1282,2025-07-01 14:45:00,Completed,Attended,2025-08-24,63,Failed
4311,5190,1286,2025-07-24 08:15:00,Completed,Attended,2025-08-24,56,Failed
4312,5190,1256,2025-07-13 14:45:00,Completed,Attended,2025-08-24,84,Passed
4313,5190,1610,2025-07-01 13:15:00,Completed,Attended,2025-08-24,71,Passed
4314,5190,1226,2025-07-25 08:30:00,Cancelled,NotApplicable,,,NotAssessed
4315,5190,1294,2025-07-25 11:15:00,Completed,Attended,2025-08-24,72,Passed
4316,5190,1267,2025-07-09 15:30:00,NoShow,Absent,,,NotAssessed
4317,5190,1140,2025-07-16 15:30:00,Completed,Attended,2025-08-24,86,Passed
4318,5190,1590,2025-08-16 12:30:00,Completed,Attended,2025-08-24,84,Passed
4319,5190,1175,2025-07-11 14:00:00,Completed,Attended,2025-08-24,65,Failed
4320,5190,1272,2025-08-12 12:15:00,Completed,Attended,2025-08-24,75,Passed
4321,5190,1081,2025-07-10 16:00:00,Completed,Attended,2025-08-24,82,Passed
4322,5190,1562,2025-07-13 15:15:00,Completed,Attended,2025-08-24,57,Failed
4323,5190,1275,2025-08-01 16:45:00,Completed,Attended,2025-08-24,87,Passed
4324,5190,1144,2025-07-17 16:15:00,Completed,Attended,2025-08-24,76,Passed
4325,5190,1022,2025-07-26 15:00:00,Completed,Attended,2025-08-24,53,Failed
4326,5191,1797,2025-08-16 08:00:00,InProgress,Attended,,,NotAssessed
4327,5191,1413,2025-08-02 09:15:00,Completed,Attended,2025-09-22,84,Passed
4328,5191,1799,2025-08-06 11:00:00,Completed,Attended,2025-09-22,75,Passed
4329,5191,1671,2025-09-06 12:30:00,Completed,Attended,2025-09-22,91,Passed
4330,5191,2060,2025-08-20 13:15:00,Completed,Attended,2025-09-22,82,Passed
4331,5191,1805,2025-08-16 08:30:00,Cancelled,NotApplicable,,,NotAssessed
4332,5191,1808,2025-08-08 10:30:00,Completed,Attended,2025-09-22,67,Failed
4333,5191,1810,2025-08-26 14:00:00,InProgress,Attended,,,NotAssessed
4334,5191,2068,2025-08-24 16:30:00,Completed,Attended,2025-09-22,71,Passed
4335,5191,1561,2025-08-11 15:45:00,Completed,Attended,2025-09-22,93,Passed
4336,5191,2078,2025-08-31 11:15:00,Completed,Attended,2025-09-22,89,Passed
4337,5191,1952,2025-07-28 14:15:00,Completed,Attended,2025-09-22,82,Passed
4338,5191,1828,2025-08-31 12:15:00,Completed,Attended,2025-09-22,78,Passed
4339,5191,1957,2025-09-06 16:30:00,Completed,Attended,2025-09-22,67,Failed
4340,5191,1446,2025-07-31 14:00:00,Completed,Attended,2025-09-22,77,Passed
4341,5191,1832,2025-08-10 11:00:00,Completed,Attended,2025-09-22,94,Passed
4342,5191,2090,2025-09-14 11:45:00,Completed,Attended,2025-09-22,76,Passed
4343,5191,1835,2025-09-01 14:00:00,Completed,Attended,2025-09-22,59,Failed
4344,5191,1840,2025-09-05 16:45:00,Completed,Attended,2025-09-22,93,Passed
4345,5191,1843,2025-09-04 08:45:00,Completed,Attended,2025-09-22,81,Passed
4346,5191,1849,2025-08-19 10:30:00,Completed,Attended,2025-09-22,87,Passed
4347,5191,1210,2025-08-29 14:30:00,NoShow,Absent,,,NotAssessed
4348,5191,1852,2025-09-10 08:30:00,Completed,Attended,2025-09-22,82,Passed
4349,5191,1853,2025-08-25 12:30:00,Completed,Attended,2025-09-22,97,Passed
4350,5191,1857,2025-09-10 13:30:00,Completed,Attended,2025-09-22,85,Passed
4351,5191,1730,2025-07-28 16:45:00,Completed,Attended,2025-09-22,69,Failed
4352,5191,1733,2025-08-18 14:00:00,Completed,Attended,2025-09-22,71,Passed
4353,5191,1734,2025-08-18 08:15:00,Completed,Attended,2025-09-22,83,Passed
4354,5191,1863,2025-08-04 11:15:00,Completed,Attended,2025-09-22,100,Passed
4355,5191,1736,2025-08-28 10:15:00,Completed,Attended,2025-09-22,76,Passed
4356,5191,1742,2025-09-06 13:45:00,Completed,Attended,2025-09-22,75,Passed
4357,5191,1871,2025-08-08 10:30:00,Completed,Attended,2025-09-22,70,Passed
4358,5191,1872,2025-07-28 11:00:00,NoShow,Absent,,,NotAssessed
4359,5191,1746,2025-09-10 14:15:00,NoShow,Absent,,,NotAssessed
4360,5191,1877,2025-08-03 13:15:00,Completed,Attended,2025-09-22,84,Passed
4361,5191,1750,2025-09-10 15:00:00,Completed,Attended,2025-09-22,76,Passed
4362,5191,1879,2025-08-09 13:15:00,Completed,Attended,2025-09-22,62,Failed
4363,5191,1751,2025-08-21 09:15:00,Completed,Attended,2025-09-22,72,Passed
4364,5191,1498,2025-09-13 10:45:00,Completed,Attended,2025-09-22,84,Passed
4365,5191,1754,2025-07-31 12:15:00,Completed,Attended,2025-09-22,74,Passed
4366,5191,1885,2025-07-28 10:45:00,Completed,Attended,2025-09-22,66,Failed
4367,5191,1763,2025-08-12 13:45:00,NoShow,Absent,,,NotAssessed
4368,5191,1254,2025-08-29 11:15:00,Completed,Attended,2025-09-22,64,Failed
4369,5191,1895,2025-09-04 16:30:00,Completed,Attended,2025-09-22,93,Passed
4370,5191,1768,2025-08-03 16:45:00,NoShow,Absent,,,NotAssessed
4371,5191,1898,2025-09-07 15:15:00,InProgress,Attended,,,NotAssessed
4372,5191,2027,2025-08-08 14:30:00,Completed,Attended,2025-09-22,74,Passed
4373,5191,1900,2025-08-11 14:30:00,Completed,Attended,2025-09-22,83,Passed
4374,5192,1728,2025-08-07 11:30:00,Completed,Attended,2025-08-23,100,Passed
4375,5192,1216,2025-07-29 08:30:00,Completed,Attended,2025-08-23,78,Passed
4376,5192,1154,2025-07-11 14:30:00,Cancelled,NotApplicable,,,NotAssessed
4377,5192,1922,2025-08-02 15:30:00,Completed,Attended,2025-08-23,81,Passed
4378,5192,1057,2025-07-31 10:15:00,Completed,Attended,2025-08-23,87,Passed
4379,5192,1577,2025-07-29 16:30:00,Completed,Attended,2025-08-23,86,Passed
4380,5192,1195,2025-07-29 10:15:00,Completed,Attended,2025-08-23,80,Passed
4381,5192,1007,2025-06-30 11:15:00,Completed,Attended,2025-08-23,84,Passed
4382,5192,1264,2025-08-11 09:00:00,Cancelled,NotApplicable,,,NotAssessed
4383,5192,2065,2025-08-04 14:00:00,Completed,Attended,2025-08-23,70,Passed
4384,5192,1138,2025-07-23 13:00:00,Completed,Attended,2025-08-23,79,Passed
4385,5192,2071,2025-07-13 09:00:00,InProgress,Attended,,,NotAssessed
4386,5192,1013,2025-06-30 13:00:00,Completed,Attended,2025-08-23,76,Passed
4387,5192,1207,2025-07-01 10:00:00,NoShow,Absent,,,NotAssessed
4388,5192,1177,2025-07-26 09:30:00,Completed,Attended,2025-08-23,74,Passed
4389,5192,1050,2025-06-28 16:15:00,Completed,Attended,2025-08-23,69,Failed
4390,5192,1052,2025-07-07 08:45:00,Completed,Attended,2025-08-23,79,Passed
4391,5193,1954,2026-06-25 08:45:00,InProgress,Attended,,,NotAssessed
4392,5193,1828,2026-06-15 11:00:00,Completed,Attended,2026-07-13,76,Passed
4393,5193,1834,2026-05-26 14:30:00,Completed,Attended,2026-07-13,80,Passed
4394,5193,1995,2026-05-20 10:30:00,Completed,Attended,2026-07-13,76,Passed
4395,5193,1936,2026-06-05 13:45:00,Completed,Attended,2026-07-13,67,Failed
4396,5193,1909,2026-06-03 15:45:00,Completed,Attended,2026-07-13,91,Passed
4397,5193,2008,2026-06-24 09:15:00,Completed,Attended,2026-07-13,59,Failed
4398,5193,1982,2026-07-01 09:45:00,Completed,Attended,2026-07-13,80,Passed
4399,5194,1638,2025-07-22 16:00:00,Cancelled,NotApplicable,,,NotAssessed
4400,5194,1607,2025-07-13 13:45:00,Cancelled,NotApplicable,,,NotAssessed
4401,5194,1643,2025-07-04 11:00:00,Cancelled,NotApplicable,,,NotAssessed
4402,5194,1709,2025-07-03 09:00:00,Cancelled,NotApplicable,,,NotAssessed
4403,5194,1616,2025-07-10 08:45:00,Cancelled,NotApplicable,,,NotAssessed
4404,5194,1713,2025-08-09 11:45:00,Cancelled,NotApplicable,,,NotAssessed
4405,5194,1363,2025-06-28 15:15:00,Cancelled,NotApplicable,,,NotAssessed
4406,5194,1523,2025-07-01 08:45:00,Cancelled,NotApplicable,,,NotAssessed
4407,5194,1717,2025-07-03 08:00:00,Cancelled,NotApplicable,,,NotAssessed
4408,5194,1683,2025-07-10 12:30:00,Cancelled,NotApplicable,,,NotAssessed
4409,5194,1559,2025-07-11 11:00:00,Cancelled,NotApplicable,,,NotAssessed
4410,5194,1624,2025-07-25 10:30:00,Cancelled,NotApplicable,,,NotAssessed
4411,5194,1910,2025-08-07 10:45:00,Cancelled,NotApplicable,,,NotAssessed
4412,5194,1658,2025-06-29 11:15:00,Cancelled,NotApplicable,,,NotAssessed
4413,5194,1626,2025-07-07 16:45:00,Cancelled,NotApplicable,,,NotAssessed
4414,5194,1628,2025-07-06 15:30:00,Cancelled,NotApplicable,,,NotAssessed
4415,5194,1693,2025-07-01 14:15:00,Cancelled,NotApplicable,,,NotAssessed
4416,5195,1793,2025-10-07 13:00:00,Completed,Attended,2025-10-25,73,Passed
4417,5195,1731,2025-09-17 10:15:00,Completed,Attended,2025-10-25,80,Passed
4418,5195,1446,2025-09-30 09:30:00,Completed,Attended,2025-10-25,55,Failed
4419,5195,1741,2025-09-23 16:30:00,InProgress,Attended,,,NotAssessed
4420,5195,2030,2025-09-24 16:00:00,Completed,Attended,2025-10-25,78,Passed
4421,5195,1646,2025-10-07 13:15:00,Completed,Attended,2025-10-25,75,Passed
4422,5195,1778,2025-10-03 15:15:00,Completed,Attended,2025-10-25,74,Passed
4423,5195,1746,2025-09-29 11:45:00,NoShow,Absent,,,NotAssessed
4424,5195,1721,2025-09-24 15:00:00,Completed,Attended,2025-10-25,82,Passed
4425,5195,1878,2025-10-05 16:00:00,Completed,Attended,2025-10-25,71,Passed
4426,5195,1848,2025-09-08 10:15:00,Completed,Attended,2025-10-25,71,Passed
4427,5195,1849,2025-09-15 13:15:00,Completed,Attended,2025-10-25,86,Passed
4428,5195,1851,2025-09-04 11:15:00,Completed,Attended,2025-10-25,85,Passed
4429,5195,1727,2025-10-12 11:00:00,Completed,Attended,2025-10-25,61,Failed
4430,5196,1889,2025-06-14 15:15:00,InProgress,Attended,,,NotAssessed
4431,5196,1859,2025-06-27 13:00:00,Completed,Attended,2025-07-04,78,Passed
4432,5196,2086,2025-06-07 08:00:00,Completed,Attended,2025-07-04,79,Passed
4433,5196,1725,2025-05-17 12:30:00,InProgress,Attended,,,NotAssessed
4434,5196,1736,2025-06-02 08:00:00,Cancelled,NotApplicable,,,NotAssessed
4435,5196,1897,2025-06-02 14:00:00,NoShow,Absent,,,NotAssessed
4436,5196,1898,2025-05-14 11:30:00,InProgress,Attended,,,NotAssessed
4437,5196,1784,2025-05-17 09:15:00,Completed,Attended,2025-07-04,42,Failed
4438,5196,2065,2025-05-23 09:45:00,Completed,Attended,2025-07-04,63,Failed
4439,5196,1848,2025-06-07 09:15:00,NoShow,Absent,,,NotAssessed
4440,5196,1747,2025-06-20 08:00:00,Completed,Attended,2025-07-04,79,Passed
4441,5196,1783,2025-06-17 13:30:00,Completed,Attended,2025-07-04,78,Passed
4442,5196,1624,2025-06-14 14:30:00,Completed,Attended,2025-07-04,73,Passed
4443,5196,1756,2025-06-08 15:00:00,Completed,Attended,2025-07-04,74,Passed
4444,5196,1757,2025-06-09 11:45:00,Completed,Attended,2025-07-04,92,Passed
4445,5196,1855,2025-05-19 12:15:00,InProgress,Attended,,,NotAssessed
4446,5197,1669,2025-06-02 14:45:00,Completed,Attended,2025-07-06,73,Passed
4447,5197,1417,2025-05-23 14:30:00,Completed,Attended,2025-07-06,95,Passed
4448,5197,1419,2025-06-17 09:00:00,Completed,Attended,2025-07-06,66,Failed
4449,5197,1303,2025-06-07 15:15:00,Completed,Attended,2025-07-06,73,Passed
4450,5197,1819,2025-06-06 12:00:00,NoShow,Absent,,,NotAssessed
4451,5197,1307,2025-05-25 10:15:00,Completed,Attended,2025-07-06,74,Passed
4452,5197,1311,2025-06-01 16:00:00,InProgress,Attended,,,NotAssessed
4453,5197,1440,2025-05-19 09:00:00,Completed,Attended,2025-07-06,88,Passed
4454,5197,1314,2025-05-14 08:00:00,Completed,Attended,2025-07-06,84,Passed
4455,5197,1318,2025-06-22 09:00:00,InProgress,Attended,,,NotAssessed
4456,5197,1447,2025-06-26 16:00:00,Completed,Attended,2025-07-06,68,Failed
4457,5197,2088,2025-05-12 10:00:00,NoShow,Absent,,,NotAssessed
4458,5197,1450,2025-05-24 16:45:00,Completed,Attended,2025-07-06,64,Failed
4459,5197,1836,2025-06-03 13:45:00,NoShow,Absent,,,NotAssessed
4460,5197,1458,2025-05-13 15:30:00,Completed,Attended,2025-07-06,78,Passed
4461,5197,1332,2025-05-18 09:30:00,Completed,Attended,2025-07-06,68,Failed
4462,5197,1461,2025-05-16 15:45:00,Completed,Attended,2025-07-06,69,Failed
4463,5197,1337,2025-06-05 09:30:00,NoShow,Absent,,,NotAssessed
4464,5197,1341,2025-05-15 15:30:00,Completed,Attended,2025-07-06,97,Passed
4465,5197,1471,2025-05-22 14:00:00,Completed,Attended,2025-07-06,71,Passed
4466,5197,1347,2025-06-06 15:15:00,NoShow,Absent,,,NotAssessed
4467,5197,1350,2025-06-20 10:30:00,Completed,Attended,2025-07-06,55,Failed
4468,5197,1481,2025-05-15 12:15:00,Completed,Attended,2025-07-06,68,Failed
4469,5197,1873,2025-06-11 15:30:00,Completed,Attended,2025-07-06,55,Failed
4470,5197,1490,2025-06-18 09:00:00,NoShow,Absent,,,NotAssessed
4471,5197,1363,2025-06-05 14:45:00,Completed,Attended,2025-07-06,85,Passed
4472,5197,1621,2025-06-19 13:30:00,Completed,Attended,2025-07-06,69,Failed
4473,5197,1366,2025-06-16 15:15:00,Completed,Attended,2025-07-06,77,Passed
4474,5197,1367,2025-05-13 10:30:00,Completed,Attended,2025-07-06,83,Passed
4475,5197,1113,2025-05-16 15:45:00,Completed,Attended,2025-07-06,69,Failed
4476,5197,1498,2025-06-27 16:00:00,Completed,Attended,2025-07-06,63,Failed
4477,5197,1501,2025-06-05 15:45:00,Completed,Attended,2025-07-06,84,Passed
4478,5197,1504,2025-06-16 10:45:00,Cancelled,NotApplicable,,,NotAssessed
4479,5197,1377,2025-06-23 13:30:00,Completed,Attended,2025-07-06,93,Passed
4480,5197,1379,2025-06-26 15:15:00,NoShow,Absent,,,NotAssessed
4481,5197,1381,2025-06-20 11:45:00,Completed,Attended,2025-07-06,78,Passed
4482,5197,1509,2025-05-27 11:45:00,Completed,Attended,2025-07-06,78,Passed
4483,5197,1895,2025-05-12 12:15:00,Completed,Attended,2025-07-06,69,Failed
4484,5197,1391,2025-06-23 10:15:00,NoShow,Absent,,,NotAssessed
4485,5197,1399,2025-05-20 15:15:00,InProgress,Attended,,,NotAssessed
4486,5198,1922,2025-02-24 15:00:00,Completed,Attended,2025-04-15,82,Passed
4487,5198,1923,2025-04-02 16:30:00,Completed,Attended,2025-04-15,79,Passed
4488,5198,1287,2025-03-10 08:45:00,Completed,Attended,2025-04-15,95,Passed
4489,5198,1940,2025-03-24 13:00:00,Completed,Attended,2025-04-15,83,Passed
4490,5198,1430,2025-02-21 11:15:00,Completed,Attended,2025-04-15,98,Passed
4491,5198,1565,2025-02-27 15:15:00,Completed,Attended,2025-04-15,82,Passed
4492,5198,1952,2025-02-23 13:00:00,Completed,Attended,2025-04-15,77,Passed
4493,5198,1954,2025-03-05 12:15:00,Completed,Attended,2025-04-15,85,Passed
4494,5198,1982,2025-04-05 12:45:00,InProgress,Attended,,,NotAssessed
4495,5198,1987,2025-04-07 09:45:00,Completed,Attended,2025-04-15,82,Passed
4496,5198,1988,2025-02-25 12:15:00,Completed,Attended,2025-04-15,93,Passed
4497,5198,1996,2025-03-29 09:45:00,Completed,Attended,2025-04-15,63,Failed
4498,5198,2006,2025-03-30 10:15:00,Completed,Attended,2025-04-15,74,Passed
4499,5198,2013,2025-03-24 09:30:00,Completed,Attended,2025-04-15,80,Passed
4500,5198,2016,2025-03-10 13:45:00,Completed,Attended,2025-04-15,64,Failed
4501,5198,2017,2025-03-23 08:00:00,Completed,Attended,2025-04-15,81,Passed
4502,5198,1905,2025-03-15 12:00:00,Completed,Attended,2025-04-15,92,Passed
4503,5198,1911,2025-03-15 10:15:00,Completed,Attended,2025-04-15,72,Passed
4504,5198,1912,2025-03-08 16:00:00,Completed,Attended,2025-04-15,71,Passed
4505,5198,1917,2025-03-09 14:30:00,Completed,Attended,2025-04-15,72,Passed
4506,5198,1918,2025-03-08 15:45:00,Completed,Attended,2025-04-15,100,Passed
4507,5199,2049,2025-02-27 10:45:00,Completed,Attended,2025-03-30,79,Passed
4508,5199,1795,2025-02-03 15:15:00,InProgress,Attended,,,NotAssessed
4509,5199,2053,2025-02-12 15:30:00,NoShow,Absent,,,NotAssessed
4510,5199,2059,2025-03-01 12:00:00,Completed,Attended,2025-03-30,82,Passed
4511,5199,2063,2025-02-02 16:00:00,Completed,Attended,2025-03-30,86,Passed
4512,5199,2065,2025-02-27 12:30:00,Cancelled,NotApplicable,,,NotAssessed
4513,5199,2066,2025-03-16 12:00:00,Completed,Attended,2025-03-30,100,Passed
4514,5199,2070,2025-02-13 13:15:00,Completed,Attended,2025-03-30,100,Passed
4515,5199,2071,2025-03-03 13:15:00,Completed,Attended,2025-03-30,79,Passed
4516,5199,2074,2025-03-06 09:45:00,Completed,Attended,2025-03-30,74,Passed
4517,5199,2075,2025-03-21 14:15:00,Completed,Attended,2025-03-30,93,Passed
4518,5199,2078,2025-03-08 16:30:00,Completed,Attended,2025-03-30,66,Failed
4519,5199,2084,2025-02-11 14:15:00,Completed,Attended,2025-03-30,79,Passed
4520,5199,2085,2025-02-02 14:15:00,Completed,Attended,2025-03-30,84,Passed
4521,5199,2097,2025-02-25 11:45:00,Completed,Attended,2025-03-30,70,Passed
4522,5199,1990,2025-03-08 12:45:00,Completed,Attended,2025-03-30,48,Failed
4523,5199,2026,2025-03-17 14:30:00,Completed,Attended,2025-03-30,77,Passed
4524,5199,2036,2025-03-11 08:30:00,Completed,Attended,2025-03-30,77,Passed
4525,5199,2042,2025-02-10 15:30:00,Completed,Attended,2025-03-30,85,Passed
4526,5199,2046,2025-03-07 09:30:00,Completed,Attended,2025-03-30,89,Passed
4527,5200,2049,2025-02-09 10:00:00,Completed,Attended,2025-03-09,70,Passed
4528,5200,2051,2025-02-05 12:00:00,Completed,Attended,2025-03-09,75,Passed
4529,5200,1796,2025-01-15 14:00:00,Completed,Attended,2025-03-09,66,Failed
4530,5200,1416,2025-02-26 09:45:00,Completed,Attended,2025-03-09,76,Passed
4531,5200,2059,2025-02-25 14:00:00,Completed,Attended,2025-03-09,73,Passed
4532,5200,2065,2025-02-16 11:45:00,Completed,Attended,2025-03-09,61,Failed
4533,5200,2066,2025-02-27 08:15:00,Completed,Attended,2025-03-09,84,Passed
4534,5200,2074,2025-02-25 11:30:00,Completed,Attended,2025-03-09,80,Passed
4535,5200,2075,2025-02-08 09:00:00,Completed,Attended,2025-03-09,60,Failed
4536,5200,1946,2025-01-27 13:45:00,Completed,Attended,2025-03-09,69,Failed
4537,5200,2077,2025-01-13 08:45:00,Completed,Attended,2025-03-09,78,Passed
4538,5200,1059,2025-01-27 12:45:00,Completed,Attended,2025-03-09,85,Passed
4539,5200,1956,2025-01-22 13:45:00,Completed,Attended,2025-03-09,69,Failed
4540,5200,2090,2025-01-14 14:45:00,Completed,Attended,2025-03-09,95,Passed
4541,5200,2096,2025-01-28 10:00:00,Completed,Attended,2025-03-09,63,Failed
4542,5200,2100,2025-01-25 14:00:00,Completed,Attended,2025-03-09,84,Passed
4543,5200,1332,2025-02-13 08:30:00,Completed,Attended,2025-03-09,68,Failed
4544,5200,1993,2025-02-13 09:15:00,Cancelled,NotApplicable,,,NotAssessed
4545,5200,2026,2025-02-14 13:45:00,NoShow,Absent,,,NotAssessed
4546,5200,2030,2025-02-11 14:30:00,Completed,Attended,2025-03-09,70,Passed
4547,5200,1392,2025-02-13 16:15:00,Completed,Attended,2025-03-09,73,Passed
4548,5200,2035,2025-02-01 11:00:00,NoShow,Absent,,,NotAssessed
4549,5200,2037,2025-02-05 14:00:00,Completed,Attended,2025-03-09,83,Passed
4550,5200,2038,2025-01-25 13:00:00,Completed,Attended,2025-03-09,78,Passed
4551,5200,2039,2025-02-23 16:15:00,Completed,Attended,2025-03-09,77,Passed
4552,5200,2042,2025-01-18 13:30:00,Cancelled,NotApplicable,,,NotAssessed
4553,5200,2046,2025-02-22 13:30:00,Completed,Attended,2025-03-09,79,Passed
4554,5201,1283,2025-05-14 15:45:00,Completed,Attended,2025-07-06,91,Passed
4555,5201,1029,2025-06-15 15:45:00,Completed,Attended,2025-07-06,88,Passed
4556,5201,1037,2025-05-17 16:30:00,Completed,Attended,2025-07-06,72,Passed
4557,5201,1168,2025-05-27 08:30:00,Completed,Attended,2025-07-06,90,Passed
4558,5201,1169,2025-05-31 10:15:00,NoShow,Absent,,,NotAssessed
4559,5201,1298,2025-05-29 14:00:00,Completed,Attended,2025-07-06,79,Passed
4560,5201,1172,2025-06-12 16:30:00,Completed,Attended,2025-07-06,55,Failed
4561,5201,1055,2025-06-14 09:30:00,Completed,Attended,2025-07-06,62,Failed
4562,5201,1188,2025-06-16 13:45:00,InProgress,Attended,,,NotAssessed
4563,5201,1190,2025-05-23 08:30:00,Completed,Attended,2025-07-06,100,Passed
4564,5201,1070,2025-05-14 08:00:00,Completed,Attended,2025-07-06,91,Passed
4565,5201,1078,2025-06-10 15:30:00,Completed,Attended,2025-07-06,69,Failed
4566,5201,1211,2025-06-05 09:45:00,Completed,Attended,2025-07-06,86,Passed
4567,5201,1213,2025-06-04 09:30:00,Completed,Attended,2025-07-06,84,Passed
4568,5201,1863,2025-05-14 09:30:00,Completed,Attended,2025-07-06,79,Passed
4569,5201,1095,2025-06-24 09:15:00,Completed,Attended,2025-07-06,66,Failed
4570,5201,1223,2025-05-24 14:30:00,Completed,Attended,2025-07-06,83,Passed
4571,5201,1235,2025-05-27 13:45:00,Completed,Attended,2025-07-06,56,Failed
4572,5201,1242,2025-06-25 09:15:00,Completed,Attended,2025-07-06,80,Passed
4573,5201,1246,2025-05-16 15:45:00,Completed,Attended,2025-07-06,92,Passed
4574,5201,1634,2025-06-27 09:00:00,NoShow,Absent,,,NotAssessed
4575,5201,1508,2025-05-27 11:00:00,Completed,Attended,2025-07-06,66,Failed
4576,5201,1005,2025-05-20 08:45:00,Completed,Attended,2025-07-06,59,Failed
4577,5201,1009,2025-06-11 11:30:00,Completed,Attended,2025-07-06,70,Passed
4578,5201,1265,2025-06-08 15:45:00,Completed,Attended,2025-07-06,79,Passed
4579,5201,1012,2025-05-23 08:45:00,Completed,Attended,2025-07-06,77,Passed
4580,5201,1272,2025-06-19 14:00:00,Completed,Attended,2025-07-06,83,Passed
4581,5201,1913,2025-06-24 08:00:00,Cancelled,NotApplicable,,,NotAssessed
4582,5201,1148,2025-05-25 09:45:00,Completed,Attended,2025-07-06,98,Passed
4583,5201,1021,2025-05-23 11:30:00,Cancelled,NotApplicable,,,NotAssessed
4584,5202,2051,2025-04-16 09:45:00,Completed,Attended,2025-05-28,68,Failed
4585,5202,1541,2025-05-07 16:30:00,Completed,Attended,2025-05-28,79,Passed
4586,5202,2057,2025-05-13 15:15:00,Completed,Attended,2025-05-28,62,Failed
4587,5202,2064,2025-05-08 15:45:00,Completed,Attended,2025-05-28,100,Passed
4588,5202,2072,2025-05-12 09:30:00,Completed,Attended,2025-05-28,74,Passed
4589,5202,2076,2025-05-14 14:30:00,Completed,Attended,2025-05-28,93,Passed
4590,5202,1181,2025-04-04 12:15:00,NoShow,Absent,,,NotAssessed
4591,5202,2078,2025-04-22 12:00:00,NoShow,Absent,,,NotAssessed
4592,5202,2081,2025-05-14 09:30:00,Completed,Attended,2025-05-28,100,Passed
4593,5202,2085,2025-04-15 10:30:00,Completed,Attended,2025-05-28,65,Failed
4594,5202,2086,2025-05-18 16:00:00,Completed,Attended,2025-05-28,82,Passed
4595,5202,2088,2025-04-10 09:45:00,Completed,Attended,2025-05-28,80,Passed
4596,5202,1705,2025-04-14 15:00:00,Completed,Attended,2025-05-28,77,Passed
4597,5202,2091,2025-05-09 16:00:00,Completed,Attended,2025-05-28,89,Passed
4598,5202,2092,2025-05-15 12:45:00,Completed,Attended,2025-05-28,79,Passed
4599,5202,2093,2025-04-25 13:15:00,Completed,Attended,2025-05-28,67,Failed
4600,5202,2099,2025-04-23 12:15:00,Completed,Attended,2025-05-28,89,Passed
4601,5202,1340,2025-05-06 14:15:00,Completed,Attended,2025-05-28,82,Passed
4602,5202,1856,2025-05-09 13:15:00,Completed,Attended,2025-05-28,60,Failed
4603,5202,1346,2025-04-06 15:45:00,Completed,Attended,2025-05-28,63,Failed
4604,5202,2009,2025-04-07 08:15:00,Completed,Attended,2025-05-28,75,Passed
4605,5202,1759,2025-04-22 13:45:00,Completed,Attended,2025-05-28,81,Passed
4606,5202,2022,2025-04-22 16:30:00,Completed,Attended,2025-05-28,89,Passed
4607,5202,2023,2025-04-27 14:00:00,Completed,Attended,2025-05-28,93,Passed
4608,5202,2024,2025-04-26 10:45:00,Cancelled,NotApplicable,,,NotAssessed
4609,5202,1384,2025-04-24 10:15:00,Completed,Attended,2025-05-28,60,Failed
4610,5202,2026,2025-04-23 11:15:00,Completed,Attended,2025-05-28,93,Passed
4611,5202,2030,2025-05-01 12:00:00,InProgress,Attended,,,NotAssessed
4612,5202,2033,2025-04-06 10:15:00,Cancelled,NotApplicable,,,NotAssessed
4613,5202,1522,2025-05-13 14:45:00,Completed,Attended,2025-05-28,65,Failed
4614,5202,2037,2025-05-02 13:30:00,Completed,Attended,2025-05-28,68,Failed
4615,5202,2038,2025-04-06 15:45:00,Completed,Attended,2025-05-28,84,Passed
4616,5202,2040,2025-04-20 10:45:00,Completed,Attended,2025-05-28,72,Passed
4617,5202,2042,2025-04-23 12:30:00,Completed,Attended,2025-05-28,78,Passed
4618,5203,1350,2025-10-02 12:45:00,Completed,Attended,2025-11-18,79,Passed
4619,5203,1415,2025-10-13 08:30:00,Completed,Attended,2025-11-18,94,Passed
4620,5203,1832,2025-10-02 09:00:00,Completed,Attended,2025-11-18,72,Passed
4621,5203,1803,2025-10-10 15:30:00,Completed,Attended,2025-11-18,85,Passed
4622,5203,1974,2025-11-07 11:15:00,Completed,Attended,2025-11-18,78,Passed
4623,5203,1496,2025-10-31 09:15:00,Completed,Attended,2025-11-18,58,Failed
4624,5203,1401,2025-10-31 16:45:00,Completed,Attended,2025-11-18,100,Passed
4625,5203,1338,2025-10-21 13:45:00,Completed,Attended,2025-11-18,58,Failed
4626,5203,1563,2025-10-07 13:45:00,NoShow,Absent,,,NotAssessed
4627,5203,1500,2025-10-12 12:30:00,Completed,Attended,2025-11-18,84,Passed
4628,5203,2077,2025-10-02 09:15:00,Completed,Attended,2025-11-18,70,Passed
4629,5204,1792,2026-02-01 16:30:00,Completed,Attended,2026-03-11,83,Passed
4630,5204,1761,2026-01-24 09:00:00,Completed,Attended,2026-03-11,86,Passed
4631,5204,1664,2026-02-05 10:45:00,Completed,Attended,2026-03-11,91,Passed
4632,5204,2016,2026-01-19 14:45:00,Completed,Attended,2026-03-11,72,Passed
4633,5204,1763,2026-01-19 10:30:00,InProgress,Attended,,,NotAssessed
4634,5204,1765,2026-01-14 15:45:00,Completed,Attended,2026-03-11,79,Passed
4635,5204,1797,2026-02-06 10:30:00,InProgress,Attended,,,NotAssessed
4636,5204,1897,2026-01-22 09:00:00,Completed,Attended,2026-03-11,57,Failed
4637,5204,1739,2026-02-10 10:15:00,Completed,Attended,2026-03-11,61,Failed
4638,5204,1807,2026-01-30 11:15:00,Completed,Attended,2026-03-11,83,Passed
4639,5204,1809,2026-02-28 08:45:00,Completed,Attended,2026-03-11,87,Passed
4640,5204,1848,2026-03-03 08:45:00,InProgress,Attended,,,NotAssessed
4641,5204,1855,2026-01-24 15:00:00,NoShow,Absent,,,NotAssessed
4642,5205,2050,2025-10-17 13:00:00,InProgress,Attended,,,NotAssessed
4643,5205,2052,2025-10-10 11:15:00,Completed,Attended,2025-11-04,88,Passed
4644,5205,2056,2025-09-27 16:30:00,Completed,Attended,2025-11-04,82,Passed
4645,5205,1930,2025-10-11 13:00:00,Completed,Attended,2025-11-04,72,Passed
4646,5205,2063,2025-10-26 10:15:00,Completed,Attended,2025-11-04,88,Passed
4647,5205,1939,2025-10-18 09:00:00,Completed,Attended,2025-11-04,73,Passed
4648,5205,2070,2025-10-11 16:30:00,Completed,Attended,2025-11-04,79,Passed
4649,5205,1945,2025-10-10 10:15:00,Completed,Attended,2025-11-04,81,Passed
4650,5205,2074,2025-09-10 08:15:00,Cancelled,NotApplicable,,,NotAssessed
4651,5205,2077,2025-09-14 16:00:00,Completed,Attended,2025-11-04,72,Passed
4652,5205,2080,2025-10-26 16:15:00,Completed,Attended,2025-11-04,65,Failed
4653,5205,2081,2025-10-10 09:15:00,NoShow,Absent,,,NotAssessed
4654,5205,1057,2025-10-12 09:30:00,Completed,Attended,2025-11-04,73,Passed
4655,5205,2083,2025-10-14 16:00:00,Completed,Attended,2025-11-04,87,Passed
4656,5205,2085,2025-10-10 08:45:00,NoShow,Absent,,,NotAssessed
4657,5205,2087,2025-09-15 13:00:00,Completed,Attended,2025-11-04,84,Passed
4658,5205,2088,2025-10-28 13:30:00,Completed,Attended,2025-11-04,85,Passed
4659,5205,2089,2025-10-25 09:00:00,Completed,Attended,2025-11-04,39,Failed
4660,5205,2092,2025-09-30 11:45:00,Completed,Attended,2025-11-04,43,Failed
4661,5205,2099,2025-10-28 09:45:00,Completed,Attended,2025-11-04,79,Passed
4662,5205,1116,2025-10-25 13:30:00,Completed,Attended,2025-11-04,76,Passed
4663,5205,2013,2025-10-08 09:15:00,Completed,Attended,2025-11-04,88,Passed
4664,5205,2021,2025-10-05 10:30:00,Completed,Attended,2025-11-04,79,Passed
4665,5205,2023,2025-09-10 10:30:00,Completed,Attended,2025-11-04,79,Passed
4666,5205,2027,2025-10-03 09:45:00,Completed,Attended,2025-11-04,74,Passed
4667,5205,2028,2025-09-18 13:00:00,Completed,Attended,2025-11-04,87,Passed
4668,5205,2029,2025-09-12 08:30:00,Completed,Attended,2025-11-04,75,Passed
4669,5205,2031,2025-09-29 15:15:00,Completed,Attended,2025-11-04,71,Passed
4670,5205,1647,2025-10-07 11:45:00,Completed,Attended,2025-11-04,66,Failed
4671,5205,2040,2025-09-13 09:45:00,Completed,Attended,2025-11-04,75,Passed
4672,5205,2041,2025-09-14 16:30:00,Completed,Attended,2025-11-04,68,Failed
4673,5205,2045,2025-10-03 11:45:00,Completed,Attended,2025-11-04,62,Failed
4674,5205,2046,2025-10-23 09:30:00,Completed,Attended,2025-11-04,70,Passed
4675,5205,2047,2025-10-13 08:00:00,Completed,Attended,2025-11-04,70,Passed
4676,5206,1411,2026-07-15 14:00:00,Cancelled,NotApplicable,,,NotAssessed
4677,5206,1413,2026-06-26 15:45:00,Cancelled,NotApplicable,,,NotAssessed
4678,5206,1418,2026-07-04 16:15:00,Cancelled,NotApplicable,,,NotAssessed
4679,5206,1304,2026-06-09 11:30:00,Cancelled,NotApplicable,,,NotAssessed
4680,5206,1951,2026-06-20 12:00:00,Cancelled,NotApplicable,,,NotAssessed
4681,5206,1441,2026-07-05 09:15:00,Cancelled,NotApplicable,,,NotAssessed
4682,5206,1314,2026-06-17 08:30:00,Cancelled,NotApplicable,,,NotAssessed
4683,5206,1442,2026-07-13 13:45:00,Cancelled,NotApplicable,,,NotAssessed
4684,5206,1319,2026-06-25 12:00:00,Cancelled,NotApplicable,,,NotAssessed
4685,5206,1331,2026-07-04 16:45:00,Cancelled,NotApplicable,,,NotAssessed
4686,5206,1591,2026-07-07 10:15:00,Cancelled,NotApplicable,,,NotAssessed
4687,5206,1849,2026-07-07 15:00:00,Cancelled,NotApplicable,,,NotAssessed
4688,5206,1476,2026-07-02 13:15:00,Cancelled,NotApplicable,,,NotAssessed
4689,5206,1606,2026-07-05 14:30:00,Cancelled,NotApplicable,,,NotAssessed
4690,5206,1608,2026-06-10 16:15:00,Cancelled,NotApplicable,,,NotAssessed
4691,5206,1097,2026-07-03 13:15:00,Cancelled,NotApplicable,,,NotAssessed
4692,5206,1482,2026-07-01 12:30:00,Cancelled,NotApplicable,,,NotAssessed
4693,5206,1358,2026-06-09 11:00:00,Cancelled,NotApplicable,,,NotAssessed
4694,5206,1486,2026-07-13 13:15:00,Cancelled,NotApplicable,,,NotAssessed
4695,5206,1492,2026-06-15 16:15:00,Cancelled,NotApplicable,,,NotAssessed
4696,5206,1371,2026-06-25 14:45:00,Cancelled,NotApplicable,,,NotAssessed
4697,5206,1511,2026-06-16 11:15:00,Cancelled,NotApplicable,,,NotAssessed
4698,5206,1391,2026-07-04 14:00:00,Cancelled,NotApplicable,,,NotAssessed
4699,5207,1793,2025-12-04 14:30:00,NoShow,Absent,,,NotAssessed
4700,5207,1802,2025-12-11 13:30:00,Completed,Attended,2026-01-15,100,Passed
4701,5207,1807,2025-12-01 14:30:00,NoShow,Absent,,,NotAssessed
4702,5207,1814,2025-12-19 16:45:00,Completed,Attended,2026-01-15,93,Passed
4703,5207,1943,2025-12-06 09:15:00,Completed,Attended,2026-01-15,80,Passed
4704,5207,1816,2026-01-02 10:15:00,Completed,Attended,2026-01-15,93,Passed
4705,5207,1815,2026-01-02 08:00:00,Completed,Attended,2026-01-15,72,Passed
4706,5207,2084,2025-11-22 11:30:00,Completed,Attended,2026-01-15,67,Failed
4707,5207,1189,2025-12-29 09:30:00,Completed,Attended,2026-01-15,92,Passed
4708,5207,1701,2026-01-01 14:45:00,Completed,Attended,2026-01-15,85,Passed
4709,5207,1448,2026-01-02 13:30:00,Completed,Attended,2026-01-15,71,Passed
4710,5207,2092,2025-12-18 11:15:00,Completed,Attended,2026-01-15,56,Failed
4711,5207,1838,2025-12-27 12:30:00,Completed,Attended,2026-01-15,80,Passed
4712,5207,1840,2026-01-02 14:00:00,NoShow,Absent,,,NotAssessed
4713,5207,1842,2025-12-17 09:00:00,Completed,Attended,2026-01-15,86,Passed
4714,5207,1973,2025-11-23 14:45:00,Completed,Attended,2026-01-15,87,Passed
4715,5207,1848,2025-12-16 08:30:00,Completed,Attended,2026-01-15,75,Passed
4716,5207,1721,2025-12-22 13:15:00,Cancelled,NotApplicable,,,NotAssessed
4717,5207,1338,2025-12-16 10:30:00,Completed,Attended,2026-01-15,95,Passed
4718,5207,1853,2025-12-17 12:30:00,Completed,Attended,2026-01-15,59,Failed
4719,5207,1860,2025-12-27 09:15:00,Completed,Attended,2026-01-15,72,Passed
4720,5207,1989,2025-12-22 16:15:00,Completed,Attended,2026-01-15,68,Failed
4721,5207,1740,2025-12-27 10:15:00,Cancelled,NotApplicable,,,NotAssessed
4722,5207,1870,2025-12-05 08:15:00,Completed,Attended,2026-01-15,77,Passed
4723,5207,2005,2025-12-14 13:45:00,Completed,Attended,2026-01-15,66,Failed
4724,5207,1751,2025-11-30 11:15:00,Completed,Attended,2026-01-15,68,Failed
4725,5207,1882,2025-11-27 08:00:00,Completed,Attended,2026-01-15,100,Passed
4726,5207,1883,2025-11-22 15:30:00,Completed,Attended,2026-01-15,71,Passed
4727,5207,2014,2025-12-16 08:30:00,Completed,Attended,2026-01-15,91,Passed
4728,5207,1889,2025-12-09 11:15:00,Completed,Attended,2026-01-15,89,Passed
4729,5207,1769,2025-12-12 13:30:00,Completed,Attended,2026-01-15,86,Passed
4730,5207,1901,2025-12-18 13:30:00,Completed,Attended,2026-01-15,86,Passed
4731,5207,1778,2025-12-05 11:30:00,Completed,Attended,2026-01-15,96,Passed
4732,5207,1908,2026-01-02 13:45:00,Completed,Attended,2026-01-15,88,Passed
4733,5207,1140,2025-12-20 11:15:00,Completed,Attended,2026-01-15,76,Passed
4734,5207,1909,2025-12-23 16:00:00,Completed,Attended,2026-01-15,79,Passed
4735,5207,1143,2025-12-29 14:45:00,NoShow,Absent,,,NotAssessed
4736,5207,1785,2025-12-06 10:15:00,Completed,Attended,2026-01-15,97,Passed
4737,5207,2042,2025-12-31 08:30:00,Completed,Attended,2026-01-15,100,Passed
4738,5208,1537,2026-06-26 13:15:00,Completed,Attended,2026-08-09,68,Failed
4739,5208,1539,2026-07-18 11:30:00,Completed,Attended,2026-08-09,82,Passed
4740,5208,1547,2026-07-31 10:45:00,Completed,Attended,2026-08-09,64,Failed
4741,5208,1679,2026-06-23 12:00:00,Completed,Attended,2026-08-09,62,Failed
4742,5208,1552,2026-07-30 08:45:00,Completed,Attended,2026-08-09,86,Passed
4743,5208,1681,2026-06-28 11:45:00,Completed,Attended,2026-08-09,99,Passed
4744,5208,1045,2026-06-23 13:30:00,Completed,Attended,2026-08-09,82,Passed
4745,5208,1569,2026-06-29 14:45:00,Completed,Attended,2026-08-09,72,Passed
4746,5208,1700,2026-06-20 12:30:00,NoShow,Absent,,,NotAssessed
4747,5208,1704,2026-07-27 14:30:00,Completed,Attended,2026-08-09,82,Passed
4748,5208,1578,2026-07-16 11:30:00,Completed,Attended,2026-08-09,97,Passed
4749,5208,1706,2026-07-12 10:00:00,Completed,Attended,2026-08-09,99,Passed
4750,5208,2092,2026-07-17 08:45:00,Completed,Attended,2026-08-09,77,Passed
4751,5208,2093,2026-08-01 14:45:00,Completed,Attended,2026-08-09,83,Passed
4752,5208,1583,2026-06-30 12:45:00,Completed,Attended,2026-08-09,81,Passed
4753,5208,1585,2026-06-25 09:15:00,Completed,Attended,2026-08-09,78,Passed
4754,5208,1589,2026-07-03 13:15:00,Completed,Attended,2026-08-09,65,Failed
4755,5208,1719,2026-07-05 15:00:00,Completed,Attended,2026-08-09,66,Failed
4756,5208,1599,2026-06-14 12:00:00,Cancelled,NotApplicable,,,NotAssessed
4757,5208,1859,2026-07-18 08:00:00,Completed,Attended,2026-08-09,86,Passed
4758,5208,1604,2026-07-23 08:30:00,Completed,Attended,2026-08-09,59,Failed
4759,5208,1619,2026-07-31 12:00:00,Completed,Attended,2026-08-09,78,Passed
4760,5208,1626,2026-06-20 14:15:00,Completed,Attended,2026-08-09,68,Failed
4761,5208,1629,2026-07-16 16:45:00,Completed,Attended,2026-08-09,70,Passed
4762,5208,1645,2026-07-18 14:30:00,Completed,Attended,2026-08-09,57,Failed
4763,5208,1902,2026-07-20 09:30:00,Completed,Attended,2026-08-09,92,Passed
4764,5208,1394,2026-07-12 11:15:00,Completed,Attended,2026-08-09,92,Passed
4765,5208,1525,2026-06-15 16:00:00,Completed,Attended,2026-08-09,92,Passed
4766,5208,1656,2026-07-25 13:15:00,InProgress,Attended,,,NotAssessed
4767,5208,1529,2026-07-22 11:15:00,Completed,Attended,2026-08-09,81,Passed
4768,5208,1533,2026-07-07 13:30:00,Cancelled,NotApplicable,,,NotAssessed
4769,5209,1565,2025-02-25 11:30:00,Completed,Attended,2025-04-13,88,Passed
4770,5209,1438,2025-03-10 16:15:00,Completed,Attended,2025-04-13,71,Passed
4771,5209,1311,2025-04-02 12:15:00,Completed,Attended,2025-04-13,97,Passed
4772,5209,1455,2025-03-29 10:15:00,Completed,Attended,2025-04-13,85,Passed
4773,5209,1456,2025-02-22 10:45:00,Completed,Attended,2025-04-13,57,Failed
4774,5209,1329,2025-02-25 08:15:00,Completed,Attended,2025-04-13,63,Failed
4775,5209,2099,2025-04-05 09:15:00,Completed,Attended,2025-04-13,74,Passed
4776,5209,1332,2025-03-18 11:30:00,Cancelled,NotApplicable,,,NotAssessed
4777,5209,1334,2025-03-25 12:15:00,Completed,Attended,2025-04-13,98,Passed
4778,5209,1851,2025-03-26 15:30:00,Completed,Attended,2025-04-13,97,Passed
4779,5209,1468,2025-03-06 09:15:00,Completed,Attended,2025-04-13,70,Passed
4780,5209,1349,2025-03-04 13:45:00,Completed,Attended,2025-04-13,67,Failed
4781,5209,1864,2025-03-30 14:45:00,Completed,Attended,2025-04-13,87,Passed
4782,5209,1484,2025-03-07 09:45:00,Completed,Attended,2025-04-13,68,Failed
4783,5209,1373,2025-03-24 14:45:00,Completed,Attended,2025-04-13,100,Passed
4784,5209,1507,2025-03-09 16:30:00,Completed,Attended,2025-04-13,73,Passed
4785,5209,1511,2025-03-03 15:15:00,Completed,Attended,2025-04-13,84,Passed
4786,5209,1387,2025-02-23 14:15:00,NoShow,Absent,,,NotAssessed
4787,5209,1401,2025-03-09 08:15:00,Completed,Attended,2025-04-13,64,Failed
4788,5209,2042,2025-02-21 15:30:00,Cancelled,NotApplicable,,,NotAssessed
4789,5210,1546,2025-08-25 08:15:00,Completed,Attended,2025-10-01,69,Failed
4790,5210,1808,2025-09-19 10:30:00,Completed,Attended,2025-10-01,76,Passed
4791,5210,1812,2025-08-22 13:15:00,Completed,Attended,2025-10-01,61,Failed
4792,5210,1956,2025-09-05 13:45:00,Completed,Attended,2025-10-01,86,Passed
4793,5210,1968,2025-09-10 16:30:00,Completed,Attended,2025-10-01,75,Passed
4794,5210,1851,2025-09-07 08:45:00,Completed,Attended,2025-10-01,80,Passed
4795,5210,1859,2025-09-07 08:30:00,Completed,Attended,2025-10-01,75,Passed
4796,5210,1861,2025-08-22 10:30:00,Completed,Attended,2025-10-01,80,Passed
4797,5210,1736,2025-09-05 16:15:00,Completed,Attended,2025-10-01,90,Passed
4798,5210,1865,2025-09-05 09:30:00,InProgress,Attended,,,NotAssessed
4799,5210,1867,2025-08-17 08:00:00,Completed,Attended,2025-10-01,73,Passed
4800,5210,1868,2025-09-10 13:45:00,Cancelled,NotApplicable,,,NotAssessed
4801,5210,1748,2025-08-21 14:30:00,Completed,Attended,2025-10-01,53,Failed
4802,5210,1626,2025-08-10 13:15:00,Completed,Attended,2025-10-01,77,Passed
4803,5210,1248,2025-08-31 14:30:00,Completed,Attended,2025-10-01,97,Passed
4804,5210,1890,2025-09-08 13:00:00,Completed,Attended,2025-10-01,52,Failed
4805,5210,1764,2025-09-20 10:00:00,Completed,Attended,2025-10-01,70,Passed
4806,5210,1893,2025-09-13 12:45:00,Completed,Attended,2025-10-01,88,Passed
4807,5210,1766,2025-08-19 08:30:00,Completed,Attended,2025-10-01,99,Passed
4808,5210,1899,2025-08-24 12:00:00,Completed,Attended,2025-10-01,90,Passed
4809,5210,1902,2025-08-09 08:45:00,Completed,Attended,2025-10-01,65,Failed
4810,5210,2037,2025-09-18 15:15:00,Completed,Attended,2025-10-01,79,Passed
4811,5210,1781,2025-08-12 10:30:00,Cancelled,NotApplicable,,,NotAssessed
4812,5210,2043,2025-08-09 15:30:00,Completed,Attended,2025-10-01,71,Passed
4813,5211,1411,2026-07-16 13:00:00,NoShow,Absent,,,NotAssessed
4814,5211,1380,2026-07-26 08:30:00,Completed,Attended,2026-08-30,98,Passed
4815,5211,1350,2026-07-07 14:45:00,Completed,Attended,2026-08-30,97,Passed
4816,5211,1707,2026-08-04 14:15:00,Completed,Attended,2026-08-30,58,Failed
4817,5211,1676,2026-07-14 11:30:00,Completed,Attended,2026-08-30,78,Passed
4818,5211,1099,2026-08-22 15:30:00,InProgress,Attended,,,NotAssessed
4819,5211,2033,2026-08-14 11:45:00,Completed,Attended,2026-08-30,78,Passed
4820,5211,1331,2026-08-13 10:30:00,Completed,Attended,2026-08-30,71,Passed
4821,5211,1301,2026-08-11 09:30:00,Completed,Attended,2026-08-30,68,Failed
4822,5211,1464,2026-07-29 15:30:00,NoShow,Absent,,,NotAssessed
4823,5211,1305,2026-08-08 09:30:00,Completed,Attended,2026-08-30,52,Failed
4824,5211,1338,2026-07-22 08:00:00,Completed,Attended,2026-08-30,70,Passed
4825,5212,2050,2025-11-05 13:15:00,Completed,Attended,2025-11-22,69,Failed
4826,5212,2082,2025-10-06 09:45:00,Completed,Attended,2025-11-22,80,Passed
4827,5212,2074,2025-10-29 10:15:00,Completed,Attended,2025-11-22,92,Passed
4828,5212,2022,2025-10-08 10:45:00,Completed,Attended,2025-11-22,68,Failed
4829,5212,1350,2025-09-30 12:45:00,Completed,Attended,2025-11-22,93,Passed
4830,5212,2089,2025-11-06 15:00:00,Completed,Attended,2025-11-22,75,Passed
4831,5212,2059,2025-11-06 16:15:00,Completed,Attended,2025-11-22,73,Passed
4832,5212,2029,2025-11-01 09:15:00,Completed,Attended,2025-11-22,67,Failed
4833,5212,1902,2025-11-12 14:45:00,Cancelled,NotApplicable,,,NotAssessed
4834,5212,2039,2025-11-01 11:15:00,Completed,Attended,2025-11-22,83,Passed
4835,5212,1594,2025-09-27 08:15:00,NoShow,Absent,,,NotAssessed
4836,5212,1915,2025-11-13 09:30:00,Completed,Attended,2025-11-22,74,Passed
4837,5212,2045,2025-11-09 15:00:00,InProgress,Attended,,,NotAssessed
4838,5213,2081,2026-05-11 16:15:00,NoShow,Absent,,,NotAssessed
4839,5213,2083,2026-04-12 10:45:00,Completed,Attended,2026-06-03,60,Failed
4840,5213,2056,2026-04-26 08:30:00,InProgress,Attended,,,NotAssessed
4841,5213,2025,2026-05-04 14:00:00,Completed,Attended,2026-06-03,88,Passed
4842,5213,2060,2026-05-08 15:45:00,Completed,Attended,2026-06-03,90,Passed
4843,5213,2029,2026-05-10 14:45:00,Completed,Attended,2026-06-03,86,Passed
4844,5213,1484,2026-05-01 08:00:00,Cancelled,NotApplicable,,,NotAssessed
4845,5213,2066,2026-04-21 08:00:00,InProgress,Attended,,,NotAssessed
4846,5213,2069,2026-05-03 08:00:00,Completed,Attended,2026-06-03,57,Failed
4847,5213,1782,2026-04-09 12:45:00,Cancelled,NotApplicable,,,NotAssessed
4848,5213,2075,2026-04-23 11:45:00,Completed,Attended,2026-06-03,68,Failed
4849,5213,2047,2026-04-28 11:30:00,Completed,Attended,2026-06-03,63,Failed
4850,5214,1667,2025-09-16 11:15:00,Completed,Attended,2025-10-02,94,Passed
4851,5214,1579,2025-08-26 11:00:00,Completed,Attended,2025-10-02,61,Failed
4852,5214,1675,2025-09-17 11:30:00,NoShow,Absent,,,NotAssessed
4853,5214,1591,2025-09-12 16:30:00,Completed,Attended,2025-10-02,69,Failed
4854,5214,1304,2025-09-01 09:45:00,Completed,Attended,2025-10-02,100,Passed
4855,5214,1629,2025-08-30 11:00:00,Completed,Attended,2025-10-02,81,Passed
4856,5214,1631,2025-08-29 13:30:00,Completed,Attended,2025-10-02,65,Failed
4857,5215,2055,2026-02-03 16:30:00,Completed,Attended,2026-03-02,67,Failed
4858,5215,2056,2026-01-15 08:45:00,Completed,Attended,2026-03-02,74,Passed
4859,5215,2058,2026-02-05 15:30:00,Completed,Attended,2026-03-02,81,Passed
4860,5215,2061,2026-01-31 12:45:00,InProgress,Attended,,,NotAssessed
4861,5215,2064,2026-02-14 11:00:00,NoShow,Absent,,,NotAssessed
4862,5215,2069,2026-02-10 14:30:00,Completed,Attended,2026-03-02,83,Passed
4863,5215,1942,2026-02-03 12:15:00,NoShow,Absent,,,NotAssessed
4864,5215,1559,2026-02-16 15:15:00,Completed,Attended,2026-03-02,84,Passed
4865,5215,2073,2026-02-14 15:15:00,Completed,Attended,2026-03-02,89,Passed
4866,5215,2077,2026-01-24 09:45:00,Completed,Attended,2026-03-02,87,Passed
4867,5215,2082,2026-02-22 12:00:00,Completed,Attended,2026-03-02,74,Passed
4868,5215,2086,2026-01-25 10:00:00,Completed,Attended,2026-03-02,80,Passed
4869,5215,2087,2026-02-10 09:00:00,Completed,Attended,2026-03-02,92,Passed
4870,5215,2088,2026-01-10 11:30:00,InProgress,Attended,,,NotAssessed
4871,5215,2089,2026-02-19 08:15:00,Completed,Attended,2026-03-02,89,Passed
4872,5215,2092,2026-01-18 12:15:00,Completed,Attended,2026-03-02,82,Passed
4873,5215,1332,2026-02-08 10:45:00,Completed,Attended,2026-03-02,70,Passed
4874,5215,1860,2026-01-08 12:30:00,NoShow,Absent,,,NotAssessed
4875,5215,1741,2026-01-25 12:45:00,NoShow,Absent,,,NotAssessed
4876,5215,1871,2026-01-10 08:15:00,Completed,Attended,2026-03-02,75,Passed
4877,5215,2014,2026-02-02 10:30:00,Completed,Attended,2026-03-02,72,Passed
4878,5215,1374,2026-01-06 13:00:00,Completed,Attended,2026-03-02,60,Failed
4879,5215,2022,2026-01-12 13:00:00,NoShow,Absent,,,NotAssessed
4880,5215,2024,2026-02-21 09:30:00,Completed,Attended,2026-03-02,60,Failed
4881,5215,2025,2026-01-10 14:45:00,NoShow,Absent,,,NotAssessed
4882,5215,1773,2026-01-17 14:30:00,Completed,Attended,2026-03-02,73,Passed
4883,5215,2031,2026-02-01 10:30:00,Completed,Attended,2026-03-02,69,Failed
4884,5215,2032,2026-02-04 08:15:00,Completed,Attended,2026-03-02,84,Passed
4885,5215,1778,2026-01-08 14:00:00,Completed,Attended,2026-03-02,100,Passed
4886,5215,2035,2026-01-07 14:00:00,Completed,Attended,2026-03-02,60,Failed
4887,5215,2040,2026-02-20 13:45:00,Cancelled,NotApplicable,,,NotAssessed
4888,5215,2045,2026-01-26 08:00:00,Completed,Attended,2026-03-02,71,Passed
4889,5216,1859,2025-12-29 10:00:00,Completed,Attended,2026-02-02,59,Failed
4890,5216,1764,2025-12-17 12:30:00,NoShow,Absent,,,NotAssessed
4891,5216,1831,2026-01-09 16:15:00,Completed,Attended,2026-02-02,69,Failed
4892,5216,1897,2026-01-03 09:30:00,Completed,Attended,2026-02-02,93,Passed
4893,5216,1885,2025-12-19 13:15:00,NoShow,Absent,,,NotAssessed
4894,5216,1740,2025-12-17 13:30:00,NoShow,Absent,,,NotAssessed
4895,5216,1839,2025-12-25 08:15:00,Cancelled,NotApplicable,,,NotAssessed
4896,5216,1811,2026-01-22 13:45:00,Completed,Attended,2026-02-02,86,Passed
4897,5216,1978,2025-12-24 10:00:00,Completed,Attended,2026-02-02,73,Passed
4898,5216,1820,2025-12-27 14:15:00,Completed,Attended,2026-02-02,95,Passed
4899,5216,1853,2025-12-26 13:30:00,Completed,Attended,2026-02-02,64,Failed
4900,5216,1887,2026-01-18 15:30:00,Completed,Attended,2026-02-02,71,Passed
4901,5217,1920,2025-07-15 16:00:00,Completed,Attended,2025-07-28,93,Passed
4902,5217,1921,2025-07-11 11:00:00,Completed,Attended,2025-07-28,63,Failed
4903,5217,1926,2025-06-03 10:45:00,Completed,Attended,2025-07-28,83,Passed
4904,5217,1928,2025-07-07 10:15:00,NoShow,Absent,,,NotAssessed
4905,5217,1929,2025-06-30 12:30:00,Completed,Attended,2025-07-28,86,Passed
4906,5217,1931,2025-07-09 13:15:00,Completed,Attended,2025-07-28,83,Passed
4907,5217,1936,2025-06-11 11:00:00,Completed,Attended,2025-07-28,89,Passed
4908,5217,1940,2025-06-25 14:00:00,Completed,Attended,2025-07-28,70,Passed
4909,5217,1944,2025-06-20 15:00:00,Completed,Attended,2025-07-28,98,Passed
4910,5217,1049,2025-07-01 10:00:00,Completed,Attended,2025-07-28,62,Failed
4911,5217,1951,2025-07-03 10:15:00,Completed,Attended,2025-07-28,97,Passed
4912,5217,1954,2025-06-20 15:30:00,Completed,Attended,2025-07-28,75,Passed
4913,5217,1956,2025-06-10 10:30:00,Completed,Attended,2025-07-28,60,Failed
4914,5217,1957,2025-06-18 09:30:00,Completed,Attended,2025-07-28,58,Failed
4915,5217,1063,2025-06-02 11:45:00,Completed,Attended,2025-07-28,69,Failed
4916,5217,1963,2025-06-12 11:45:00,Completed,Attended,2025-07-28,75,Passed
4917,5217,1964,2025-06-30 10:30:00,Completed,Attended,2025-07-28,64,Failed
4918,5217,1965,2025-06-24 14:15:00,Completed,Attended,2025-07-28,79,Passed
4919,5217,1837,2025-06-09 12:30:00,Completed,Attended,2025-07-28,82,Passed
4920,5217,1967,2025-06-03 12:30:00,Completed,Attended,2025-07-28,65,Failed
4921,5217,1712,2025-06-21 11:15:00,Completed,Attended,2025-07-28,78,Passed
4922,5217,1970,2025-07-08 10:45:00,Completed,Attended,2025-07-28,74,Passed
4923,5217,1973,2025-06-07 14:45:00,Completed,Attended,2025-07-28,90,Passed
4924,5217,1975,2025-07-17 09:30:00,Completed,Attended,2025-07-28,84,Passed
4925,5217,1977,2025-06-15 15:45:00,Completed,Attended,2025-07-28,62,Failed
4926,5217,1979,2025-06-28 08:15:00,Completed,Attended,2025-07-28,88,Passed
4927,5217,1980,2025-07-07 12:15:00,Completed,Attended,2025-07-28,67,Failed
4928,5217,1986,2025-07-14 14:15:00,Completed,Attended,2025-07-28,70,Passed
4929,5217,1987,2025-07-01 09:30:00,Completed,Attended,2025-07-28,72,Passed
4930,5217,1994,2025-07-13 10:30:00,Completed,Attended,2025-07-28,64,Failed
4931,5217,2001,2025-06-07 16:00:00,Completed,Attended,2025-07-28,80,Passed
4932,5217,1752,2025-06-07 13:45:00,Completed,Attended,2025-07-28,61,Failed
4933,5217,2018,2025-06-03 16:15:00,Completed,Attended,2025-07-28,62,Failed
4934,5217,2020,2025-07-05 15:15:00,Completed,Attended,2025-07-28,71,Passed
4935,5217,2022,2025-07-15 13:45:00,Completed,Attended,2025-07-28,80,Passed
4936,5217,2023,2025-06-17 09:30:00,InProgress,Attended,,,NotAssessed
4937,5217,1901,2025-06-13 13:45:00,Completed,Attended,2025-07-28,72,Passed
4938,5218,2057,2025-10-19 12:30:00,Completed,Attended,2025-12-02,90,Passed
4939,5218,2090,2025-10-31 08:00:00,Completed,Attended,2025-12-02,74,Passed
4940,5218,2059,2025-10-22 11:15:00,Completed,Attended,2025-12-02,80,Passed
4941,5218,1903,2025-10-13 11:15:00,Completed,Attended,2025-12-02,74,Passed
4942,5218,2031,2025-10-15 14:45:00,Completed,Attended,2025-12-02,46,Failed
4943,5218,2035,2025-10-20 10:45:00,Completed,Attended,2025-12-02,65,Failed
4944,5218,2070,2025-11-16 10:00:00,Completed,Attended,2025-12-02,91,Passed
4945,5218,2071,2025-11-24 08:30:00,Completed,Attended,2025-12-02,90,Passed
4946,5218,2041,2025-11-16 09:45:00,Completed,Attended,2025-12-02,96,Passed
4947,5218,2043,2025-10-28 08:30:00,Completed,Attended,2025-12-02,89,Passed
4948,5218,1084,2025-10-15 14:45:00,Completed,Attended,2025-12-02,85,Passed
4949,5218,2046,2025-11-15 12:15:00,Completed,Attended,2025-12-02,75,Passed
4950,5219,1152,2025-10-30 13:15:00,Completed,Attended,2025-11-24,42,Failed
4951,5219,1763,2025-11-16 13:30:00,Completed,Attended,2025-11-24,60,Failed
4952,5219,1348,2025-10-23 10:30:00,Completed,Attended,2025-11-24,79,Passed
4953,5219,1291,2025-10-01 12:45:00,Completed,Attended,2025-11-24,78,Passed
4954,5219,1003,2025-10-21 12:45:00,Completed,Attended,2025-11-24,58,Failed
4955,5219,1997,2025-10-01 13:45:00,Completed,Attended,2025-11-24,73,Passed
4956,5220,1922,2026-04-05 15:15:00,Completed,Attended,2026-05-14,99,Passed
4957,5220,1433,2026-05-03 13:00:00,Completed,Attended,2026-05-14,70,Passed
4958,5220,1818,2026-04-29 13:00:00,Completed,Attended,2026-05-14,93,Passed
4959,5220,1435,2026-05-03 08:45:00,InProgress,Attended,,,NotAssessed
4960,5220,1564,2026-03-20 13:15:00,Completed,Attended,2026-05-14,77,Passed
4961,5220,1439,2026-04-17 08:00:00,Completed,Attended,2026-05-14,87,Passed
4962,5220,1315,2026-03-23 11:30:00,Completed,Attended,2026-05-14,81,Passed
4963,5220,1455,2026-04-26 10:30:00,Completed,Attended,2026-05-14,43,Failed
4964,5220,1456,2026-04-18 11:45:00,InProgress,Attended,,,NotAssessed
4965,5220,1713,2026-03-24 12:15:00,Cancelled,NotApplicable,,,NotAssessed
4966,5220,1339,2026-04-10 12:15:00,InProgress,Attended,,,NotAssessed
4967,5220,1471,2026-04-10 09:00:00,Cancelled,NotApplicable,,,NotAssessed
4968,5220,1346,2026-04-30 08:45:00,InProgress,Attended,,,NotAssessed
4969,5220,1350,2026-03-26 14:00:00,Completed,Attended,2026-05-14,96,Passed
4970,5220,1359,2026-04-20 16:15:00,Completed,Attended,2026-05-14,57,Failed
4971,5220,1491,2026-03-22 16:45:00,Completed,Attended,2026-05-14,63,Failed
4972,5220,1879,2026-04-24 10:45:00,Completed,Attended,2026-05-14,65,Failed
4973,5220,1367,2026-03-24 10:30:00,Completed,Attended,2026-05-14,79,Passed
4974,5220,1499,2026-04-06 09:30:00,Completed,Attended,2026-05-14,76,Passed
4975,5220,1500,2026-03-31 12:45:00,NoShow,Absent,,,NotAssessed
4976,5220,1377,2026-05-02 11:30:00,Completed,Attended,2026-05-14,96,Passed
4977,5220,1382,2026-03-29 11:00:00,Completed,Attended,2026-05-14,65,Failed
4978,5220,1383,2026-04-12 12:45:00,Completed,Attended,2026-05-14,85,Passed
4979,5220,1385,2026-04-07 16:00:00,Completed,Attended,2026-05-14,84,Passed
4980,5220,1514,2026-04-07 10:45:00,Completed,Attended,2026-05-14,67,Failed
4981,5220,1515,2026-04-25 09:45:00,Completed,Attended,2026-05-14,71,Passed
4982,5220,1132,2026-04-23 08:30:00,Completed,Attended,2026-05-14,78,Passed
4983,5220,1393,2026-04-24 09:15:00,Completed,Attended,2026-05-14,89,Passed
4984,5221,1156,2026-06-22 15:00:00,Completed,Attended,2026-07-16,80,Passed
4985,5221,1668,2026-06-21 16:45:00,NoShow,Absent,,,NotAssessed
4986,5221,1805,2026-06-26 08:00:00,Completed,Attended,2026-07-16,70,Passed
4987,5221,1809,2026-06-11 14:00:00,Completed,Attended,2026-07-16,75,Passed
4988,5221,1818,2026-06-13 08:15:00,Completed,Attended,2026-07-16,85,Passed
4989,5221,1819,2026-06-22 14:00:00,InProgress,Attended,,,NotAssessed
4990,5221,1820,2026-06-06 12:30:00,InProgress,Attended,,,NotAssessed
4991,5221,1954,2026-07-01 09:00:00,Completed,Attended,2026-07-16,92,Passed
4992,5221,1832,2026-06-30 16:00:00,Completed,Attended,2026-07-16,71,Passed
4993,5221,1842,2026-05-24 11:45:00,Completed,Attended,2026-07-16,73,Passed
4994,5221,1973,2026-06-20 11:15:00,NoShow,Absent,,,NotAssessed
4995,5221,1590,2026-06-01 12:30:00,InProgress,Attended,,,NotAssessed
4996,5221,1846,2026-06-29 10:15:00,Completed,Attended,2026-07-16,80,Passed
4997,5221,1852,2026-05-30 16:45:00,Completed,Attended,2026-07-16,67,Failed
4998,5221,1856,2026-06-18 11:15:00,Completed,Attended,2026-07-16,79,Passed
4999,5221,1605,2026-05-25 08:15:00,Completed,Attended,2026-07-16,89,Passed
5000,5221,1734,2026-06-08 12:15:00,Completed,Attended,2026-07-16,56,Failed
5001,5221,1738,2026-07-01 08:30:00,Completed,Attended,2026-07-16,84,Passed
5002,5221,1880,2026-06-17 08:30:00,Cancelled,NotApplicable,,,NotAssessed
5003,5221,1757,2026-06-30 08:30:00,Completed,Attended,2026-07-16,67,Failed
5004,5221,1762,2026-06-23 12:00:00,InProgress,Attended,,,NotAssessed
5005,5221,1764,2026-05-28 15:15:00,Completed,Attended,2026-07-16,70,Passed
5006,5221,2022,2026-07-02 14:00:00,InProgress,Attended,,,NotAssessed
5007,5221,1768,2026-05-21 13:15:00,Completed,Attended,2026-07-16,79,Passed
5008,5221,1769,2026-07-07 11:30:00,InProgress,Attended,,,NotAssessed
5009,5221,1777,2026-06-30 13:30:00,Completed,Attended,2026-07-16,74,Passed
5010,5221,1782,2026-06-06 15:45:00,Completed,Attended,2026-07-16,56,Failed
5011,5221,1784,2026-06-20 13:00:00,Completed,Attended,2026-07-16,81,Passed
5012,5221,1786,2026-06-12 14:15:00,Completed,Attended,2026-07-16,54,Failed
5013,5221,2046,2026-05-24 13:30:00,Completed,Attended,2026-07-16,96,Passed
5014,5222,1797,2025-07-24 11:15:00,Completed,Attended,2025-08-11,90,Passed
5015,5222,1960,2025-07-25 08:00:00,NoShow,Absent,,,NotAssessed
5016,5222,2025,2025-06-30 13:15:00,Completed,Attended,2025-08-11,78,Passed
5017,5222,1938,2025-07-23 08:15:00,Completed,Attended,2025-08-11,64,Failed
5018,5222,1975,2025-07-20 08:00:00,Completed,Attended,2025-08-11,83,Passed
5019,5222,1945,2025-06-18 12:00:00,Completed,Attended,2025-08-11,70,Passed
5020,5222,1947,2025-07-27 14:00:00,InProgress,Attended,,,NotAssessed
5021,5222,1983,2025-08-02 11:30:00,NoShow,Absent,,,NotAssessed
5022,5222,1919,2025-06-26 16:30:00,Completed,Attended,2025-08-11,92,Passed
5023,5223,2022,2025-10-25 16:15:00,Completed,Attended,2025-11-14,77,Passed
5024,5223,2087,2025-11-02 16:45:00,Completed,Attended,2025-11-14,77,Passed
5025,5223,1928,2025-10-02 13:30:00,Cancelled,NotApplicable,,,NotAssessed
5026,5223,2027,2025-11-04 09:15:00,Completed,Attended,2025-11-14,88,Passed
5027,5223,1323,2025-10-22 12:45:00,Completed,Attended,2025-11-14,76,Passed
5028,5223,2033,2025-11-01 12:45:00,Completed,Attended,2025-11-14,62,Failed
5029,5223,2066,2025-10-02 15:15:00,Completed,Attended,2025-11-14,56,Failed
5030,5223,2036,2025-09-19 12:45:00,Completed,Attended,2025-11-14,90,Passed
5031,5223,1909,2025-10-02 09:00:00,Completed,Attended,2025-11-14,91,Passed
5032,5223,2038,2025-10-02 15:00:00,Completed,Attended,2025-11-14,78,Passed
5033,5223,2040,2025-09-23 12:00:00,NoShow,Absent,,,NotAssessed
5034,5223,2041,2025-09-19 09:30:00,Completed,Attended,2025-11-14,73,Passed
5035,5223,1756,2025-10-25 11:15:00,Completed,Attended,2025-11-14,77,Passed
5036,5223,2045,2025-10-08 10:45:00,Cancelled,NotApplicable,,,NotAssessed
5037,5223,2046,2025-09-22 08:00:00,Completed,Attended,2025-11-14,76,Passed
5038,5224,1418,2025-06-11 13:00:00,Completed,Attended,2025-07-12,81,Passed
5039,5224,1932,2025-06-25 09:15:00,Completed,Attended,2025-07-12,73,Passed
5040,5224,1426,2025-05-23 14:00:00,NoShow,Absent,,,NotAssessed
5041,5224,1427,2025-05-29 14:30:00,NoShow,Absent,,,NotAssessed
5042,5224,1432,2025-06-13 10:30:00,NoShow,Absent,,,NotAssessed
5043,5224,1435,2025-06-25 14:15:00,Completed,Attended,2025-07-12,88,Passed
5044,5224,1311,2025-06-06 16:15:00,Completed,Attended,2025-07-12,71,Passed
5045,5224,1320,2025-07-01 09:00:00,Completed,Attended,2025-07-12,70,Passed
5046,5224,1324,2025-06-18 16:45:00,Completed,Attended,2025-07-12,80,Passed
5047,5224,1325,2025-05-20 14:30:00,Completed,Attended,2025-07-12,91,Passed
5048,5224,1327,2025-06-19 13:30:00,NoShow,Absent,,,NotAssessed
5049,5224,1463,2025-07-01 08:45:00,Completed,Attended,2025-07-12,79,Passed
5050,5224,1338,2025-06-24 10:15:00,Completed,Attended,2025-07-12,73,Passed
5051,5224,1340,2025-06-13 08:45:00,NoShow,Absent,,,NotAssessed
5052,5224,1342,2025-06-08 13:15:00,Completed,Attended,2025-07-12,63,Failed
5053,5224,1475,2025-05-19 09:00:00,Completed,Attended,2025-07-12,69,Failed
5054,5224,1477,2025-06-05 14:15:00,Completed,Attended,2025-07-12,86,Passed
5055,5224,1360,2025-06-09 15:30:00,Completed,Attended,2025-07-12,65,Failed
5056,5224,1492,2025-05-30 08:00:00,Completed,Attended,2025-07-12,93,Passed
5057,5224,1496,2025-06-20 16:30:00,Completed,Attended,2025-07-12,64,Failed
5058,5224,1369,2025-06-17 16:15:00,Cancelled,NotApplicable,,,NotAssessed
5059,5224,1770,2025-06-08 11:30:00,Completed,Attended,2025-07-12,61,Failed
5060,5224,1386,2025-06-08 10:30:00,Completed,Attended,2025-07-12,94,Passed
5061,5224,1392,2025-05-19 13:15:00,Completed,Attended,2025-07-12,80,Passed
5062,5224,1395,2025-06-19 12:15:00,Completed,Attended,2025-07-12,76,Passed
5063,5225,1539,2026-07-26 16:00:00,Completed,Attended,2026-08-15,69,Failed
5064,5225,1925,2026-06-22 11:00:00,Completed,Attended,2026-08-15,80,Passed
5065,5225,1550,2026-06-30 08:15:00,Completed,Attended,2026-08-15,60,Failed
5066,5225,1679,2026-07-16 10:45:00,Completed,Attended,2026-08-15,74,Passed
5067,5225,1682,2026-07-26 09:45:00,Completed,Attended,2026-08-15,82,Passed
5068,5225,1554,2026-07-03 13:15:00,Completed,Attended,2026-08-15,88,Passed
5069,5225,1556,2026-07-28 15:15:00,Completed,Attended,2026-08-15,86,Passed
5070,5225,1561,2026-07-13 16:15:00,Cancelled,NotApplicable,,,NotAssessed
5071,5225,1690,2026-07-06 15:45:00,Completed,Attended,2026-08-15,72,Passed
5072,5225,1566,2026-07-17 09:00:00,Completed,Attended,2026-08-15,96,Passed
5073,5225,1696,2026-07-15 09:00:00,Completed,Attended,2026-08-15,79,Passed
5074,5225,1569,2026-07-20 11:15:00,Completed,Attended,2026-08-15,87,Passed
5075,5225,2088,2026-06-27 09:45:00,Completed,Attended,2026-08-15,86,Passed
5076,5225,1832,2026-06-28 16:30:00,NoShow,Absent,,,NotAssessed
5077,5225,1577,2026-07-13 14:30:00,Completed,Attended,2026-08-15,83,Passed
5078,5225,1583,2026-06-24 09:15:00,Completed,Attended,2026-08-15,88,Passed
5079,5225,1591,2026-07-03 11:00:00,Completed,Attended,2026-08-15,77,Passed
5080,5225,1596,2026-07-05 16:00:00,Completed,Attended,2026-08-15,84,Passed
5081,5225,1598,2026-06-27 09:15:00,Completed,Attended,2026-08-15,62,Failed
5082,5225,1730,2026-07-24 10:45:00,Completed,Attended,2026-08-15,79,Passed
5083,5225,1622,2026-07-07 10:00:00,NoShow,Absent,,,NotAssessed
5084,5225,1624,2026-07-28 11:45:00,Completed,Attended,2026-08-15,62,Failed
5085,5225,1632,2026-08-02 11:45:00,Completed,Attended,2026-08-15,87,Passed
5086,5225,1638,2026-07-23 13:30:00,Completed,Attended,2026-08-15,83,Passed
5087,5225,1641,2026-08-02 08:30:00,Completed,Attended,2026-08-15,61,Failed
5088,5225,1131,2026-06-21 09:15:00,Completed,Attended,2026-08-15,87,Passed
5089,5225,2028,2026-06-24 08:45:00,Completed,Attended,2026-08-15,76,Passed
5090,5225,1390,2026-06-23 10:30:00,Completed,Attended,2026-08-15,79,Passed
5091,5225,1525,2026-08-02 13:15:00,Cancelled,NotApplicable,,,NotAssessed
5092,5225,1656,2026-07-26 11:45:00,Completed,Attended,2026-08-15,61,Failed
5093,5225,1532,2026-07-28 10:15:00,Cancelled,NotApplicable,,,NotAssessed
5094,5225,1535,2026-07-10 10:30:00,Completed,Attended,2026-08-15,63,Failed
5095,5226,1283,2025-12-03 15:15:00,Completed,Attended,2026-01-02,77,Passed
5096,5226,1033,2025-11-14 10:30:00,Completed,Attended,2026-01-02,67,Failed
5097,5226,1162,2025-11-10 09:00:00,Completed,Attended,2026-01-02,60,Failed
5098,5226,1297,2025-11-13 11:30:00,Completed,Attended,2026-01-02,97,Passed
5099,5226,1682,2025-11-26 15:15:00,Completed,Attended,2026-01-02,89,Passed
5100,5226,1940,2025-12-11 11:00:00,Completed,Attended,2026-01-02,87,Passed
5101,5226,1054,2025-11-12 15:30:00,Completed,Attended,2026-01-02,72,Passed
5102,5226,1826,2025-12-11 14:15:00,Completed,Attended,2026-01-02,54,Failed
5103,5226,1063,2025-11-19 15:00:00,Completed,Attended,2026-01-02,65,Failed
5104,5226,1583,2025-11-14 09:45:00,Completed,Attended,2026-01-02,76,Passed
5105,5226,1456,2025-11-27 15:45:00,InProgress,Attended,,,NotAssessed
5106,5226,1080,2025-11-26 13:00:00,Completed,Attended,2026-01-02,60,Failed
5107,5226,1083,2025-12-10 12:30:00,Completed,Attended,2026-01-02,93,Passed
5108,5226,1213,2025-12-01 10:00:00,Completed,Attended,2026-01-02,88,Passed
5109,5226,1089,2025-11-13 13:30:00,Completed,Attended,2026-01-02,98,Passed
5110,5226,1090,2025-11-25 09:15:00,Completed,Attended,2026-01-02,88,Passed
5111,5226,1102,2025-12-10 09:30:00,Completed,Attended,2026-01-02,71,Passed
5112,5226,1232,2025-12-17 14:15:00,Completed,Attended,2026-01-02,48,Failed
5113,5226,1235,2025-11-11 15:30:00,Completed,Attended,2026-01-02,66,Failed
5114,5226,1243,2025-12-23 13:15:00,Completed,Attended,2026-01-02,63,Failed
5115,5226,1760,2025-11-22 16:15:00,Completed,Attended,2026-01-02,87,Passed
5116,5226,1125,2025-11-14 11:00:00,Completed,Attended,2026-01-02,72,Passed
5117,5226,1133,2025-11-18 12:45:00,Completed,Attended,2026-01-02,69,Failed
5118,5226,1008,2025-11-17 08:45:00,Completed,Attended,2026-01-02,84,Passed
5119,5226,1909,2025-12-06 15:00:00,Completed,Attended,2026-01-02,85,Passed
5120,5226,1910,2025-11-28 12:45:00,Cancelled,NotApplicable,,,NotAssessed
5121,5227,1536,2025-02-15 13:00:00,Completed,Attended,2025-03-12,76,Passed
5122,5227,1282,2025-02-27 10:45:00,Completed,Attended,2025-03-12,89,Passed
5123,5227,1159,2025-02-21 15:30:00,Completed,Attended,2025-03-12,68,Failed
5124,5227,1163,2025-02-21 13:45:00,Completed,Attended,2025-03-12,91,Passed
5125,5227,2071,2025-02-27 09:45:00,InProgress,Attended,,,NotAssessed
5126,5227,1957,2025-02-03 11:45:00,Completed,Attended,2025-03-12,88,Passed
5127,5227,1193,2025-01-16 14:15:00,Completed,Attended,2025-03-12,90,Passed
5128,5227,1325,2025-01-15 11:00:00,Cancelled,NotApplicable,,,NotAssessed
5129,5227,1073,2025-02-23 09:45:00,Completed,Attended,2025-03-12,83,Passed
5130,5227,1202,2025-02-28 15:30:00,Completed,Attended,2025-03-12,75,Passed
5131,5227,1220,2025-02-03 11:45:00,Completed,Attended,2025-03-12,91,Passed
5132,5227,1100,2025-01-15 13:45:00,Completed,Attended,2025-03-12,66,Failed
5133,5227,1498,2025-02-06 08:15:00,Completed,Attended,2025-03-12,60,Failed
5134,5227,1243,2025-01-19 12:45:00,Cancelled,NotApplicable,,,NotAssessed
5135,5227,1129,2025-01-25 09:00:00,Completed,Attended,2025-03-12,79,Passed
5136,5227,1263,2025-02-09 16:15:00,Completed,Attended,2025-03-12,55,Failed
5137,5227,1907,2025-01-30 14:30:00,Completed,Attended,2025-03-12,59,Failed
5138,5227,1144,2025-03-03 11:00:00,Completed,Attended,2025-03-12,89,Passed
5139,5227,1533,2025-01-24 14:30:00,Cancelled,NotApplicable,,,NotAssessed
5140,5228,1536,2025-04-06 08:45:00,Completed,Attended,2025-05-11,67,Failed
5141,5228,1539,2025-04-27 09:15:00,Completed,Attended,2025-05-11,86,Passed
5142,5228,1411,2025-04-05 13:15:00,Completed,Attended,2025-05-11,100,Passed
5143,5228,1799,2025-03-21 16:15:00,Completed,Attended,2025-05-11,73,Passed
5144,5228,1159,2025-03-30 11:30:00,Completed,Attended,2025-05-11,89,Passed
5145,5228,1672,2025-03-28 12:15:00,Completed,Attended,2025-05-11,90,Passed
5146,5228,1552,2025-04-25 15:00:00,Completed,Attended,2025-05-11,81,Passed
5147,5228,1170,2025-04-06 14:30:00,Completed,Attended,2025-05-11,92,Passed
5148,5228,1686,2025-03-20 09:15:00,Completed,Attended,2025-05-11,73,Passed
5149,5228,1695,2025-03-18 13:30:00,NoShow,Absent,,,NotAssessed
5150,5228,1701,2025-04-27 13:45:00,Completed,Attended,2025-05-11,83,Passed
5151,5228,1704,2025-04-05 09:15:00,Completed,Attended,2025-05-11,81,Passed
5152,5228,1710,2025-04-20 16:15:00,Completed,Attended,2025-05-11,68,Failed
5153,5228,1583,2025-04-12 08:45:00,Completed,Attended,2025-05-11,74,Passed
5154,5228,1713,2025-04-24 09:45:00,Completed,Attended,2025-05-11,82,Passed
5155,5228,1585,2025-04-13 10:45:00,Completed,Attended,2025-05-11,93,Passed
5156,5228,1717,2025-04-23 08:15:00,Completed,Attended,2025-05-11,59,Failed
5157,5228,1592,2025-04-16 12:00:00,Completed,Attended,2025-05-11,95,Passed
5158,5228,1601,2025-04-07 08:00:00,Completed,Attended,2025-05-11,77,Passed
5159,5228,1617,2025-03-22 11:00:00,Completed,Attended,2025-05-11,66,Failed
5160,5228,1623,2025-04-20 09:45:00,Completed,Attended,2025-05-11,95,Passed
5161,5228,1632,2025-03-26 08:45:00,Completed,Attended,2025-05-11,78,Passed
5162,5228,1377,2025-04-13 12:30:00,Completed,Attended,2025-05-11,72,Passed
5163,5228,1640,2025-03-29 14:00:00,Completed,Attended,2025-05-11,91,Passed
5164,5228,1645,2025-04-16 11:30:00,Completed,Attended,2025-05-11,86,Passed
5165,5228,1648,2025-04-27 12:30:00,Completed,Attended,2025-05-11,87,Passed
5166,5228,1521,2025-04-20 11:15:00,NoShow,Absent,,,NotAssessed
5167,5228,1657,2025-04-28 16:45:00,Completed,Attended,2025-05-11,84,Passed
5168,5229,1036,2026-04-04 16:30:00,Completed,Attended,2026-05-16,65,Failed
5169,5229,1052,2026-04-19 11:00:00,Completed,Attended,2026-05-16,83,Passed
5170,5229,1181,2026-04-26 10:30:00,Completed,Attended,2026-05-16,97,Passed
5171,5229,1183,2026-04-12 12:45:00,Completed,Attended,2026-05-16,96,Passed
5172,5229,1071,2026-04-13 15:30:00,Completed,Attended,2026-05-16,55,Failed
5173,5229,1072,2026-04-16 14:30:00,Completed,Attended,2026-05-16,69,Failed
5174,5229,1083,2026-04-22 09:30:00,Completed,Attended,2026-05-16,56,Failed
5175,5229,1093,2026-04-03 08:15:00,Completed,Attended,2026-05-16,79,Passed
5176,5229,1097,2026-04-09 16:30:00,Completed,Attended,2026-05-16,56,Failed
5177,5229,1225,2026-05-01 11:00:00,Completed,Attended,2026-05-16,72,Passed
5178,5229,1995,2026-04-14 14:00:00,Cancelled,NotApplicable,,,NotAssessed
5179,5229,1228,2026-04-01 10:15:00,Completed,Attended,2026-05-16,66,Failed
5180,5229,1231,2026-03-23 08:00:00,Completed,Attended,2026-05-16,62,Failed
5181,5229,1113,2026-03-30 14:30:00,Completed,Attended,2026-05-16,65,Failed
5182,5229,1246,2026-03-30 09:30:00,Completed,Attended,2026-05-16,100,Passed
5183,5229,1252,2026-05-07 12:00:00,InProgress,Attended,,,NotAssessed
5184,5229,1892,2026-04-17 08:00:00,Completed,Attended,2026-05-16,52,Failed
5185,5229,2032,2026-05-07 12:45:00,Completed,Attended,2026-05-16,75,Passed
5186,5229,1270,2026-03-24 11:15:00,Completed,Attended,2026-05-16,73,Passed
5187,5229,1016,2026-04-25 11:15:00,Completed,Attended,2026-05-16,81,Passed
5188,5230,1675,2026-06-26 14:00:00,Completed,Attended,2026-07-17,64,Failed
5189,5230,1677,2026-06-21 15:00:00,Completed,Attended,2026-07-17,76,Passed
5190,5230,1935,2026-06-24 10:30:00,Completed,Attended,2026-07-17,91,Passed
5191,5230,1559,2026-06-27 14:00:00,InProgress,Attended,,,NotAssessed
5192,5230,1689,2026-07-06 16:30:00,Completed,Attended,2026-07-17,90,Passed
5193,5230,1690,2026-05-26 08:15:00,NoShow,Absent,,,NotAssessed
5194,5230,1691,2026-06-25 11:30:00,Completed,Attended,2026-07-17,79,Passed
5195,5230,1692,2026-06-18 09:00:00,NoShow,Absent,,,NotAssessed
5196,5230,1564,2026-06-12 15:00:00,Completed,Attended,2026-07-17,71,Passed
5197,5230,1699,2026-06-03 13:15:00,Completed,Attended,2026-07-17,67,Failed
5198,5230,1578,2026-06-05 13:15:00,Completed,Attended,2026-07-17,77,Passed
5199,5230,1834,2026-07-05 16:30:00,Completed,Attended,2026-07-17,65,Failed
5200,5230,1351,2026-06-09 08:15:00,Completed,Attended,2026-07-17,74,Passed
5201,5230,1611,2026-06-09 15:15:00,Completed,Attended,2026-07-17,83,Passed
5202,5230,1749,2026-06-26 13:15:00,Completed,Attended,2026-07-17,92,Passed
5203,5230,1622,2026-07-09 14:00:00,Completed,Attended,2026-07-17,72,Passed
5204,5230,1632,2026-06-25 14:30:00,Completed,Attended,2026-07-17,95,Passed
5205,5230,1636,2026-05-23 09:15:00,Completed,Attended,2026-07-17,96,Passed
5206,5230,1530,2026-07-10 15:00:00,Completed,Attended,2026-07-17,100,Passed
5207,5230,2045,2026-05-29 14:15:00,Completed,Attended,2026-07-17,78,Passed
5208,5230,1663,2026-06-20 16:45:00,Completed,Attended,2026-07-17,80,Passed
5209,5231,1922,2025-04-07 15:45:00,InProgress,Attended,,,NotAssessed
5210,5231,1701,2025-04-07 12:00:00,Cancelled,NotApplicable,,,NotAssessed
5211,5231,1578,2025-03-09 10:45:00,Completed,Attended,2025-04-30,67,Failed
5212,5231,1618,2025-04-02 13:45:00,Completed,Attended,2025-04-30,66,Failed
5213,5231,1683,2025-04-18 11:15:00,Completed,Attended,2025-04-30,75,Passed
5214,5231,1620,2025-04-19 13:00:00,Completed,Attended,2025-04-30,69,Failed
5215,5231,1557,2025-04-06 09:15:00,Completed,Attended,2025-04-30,96,Passed
5216,5231,1692,2025-04-05 10:45:00,NoShow,Absent,,,NotAssessed
5217,5232,1158,2026-01-07 16:15:00,Completed,Attended,2026-01-17,77,Passed
5218,5232,1032,2025-12-16 10:15:00,Completed,Attended,2026-01-17,69,Failed
5219,5232,1039,2025-11-21 09:00:00,Completed,Attended,2026-01-17,81,Passed
5220,5232,1057,2025-12-02 08:00:00,Completed,Attended,2026-01-17,63,Failed
5221,5232,1204,2025-12-09 10:15:00,Completed,Attended,2026-01-17,70,Passed
5222,5232,1355,2026-01-04 11:00:00,Completed,Attended,2026-01-17,60,Failed
5223,5232,1236,2025-11-27 11:15:00,Completed,Attended,2026-01-17,75,Passed
5224,5232,1112,2026-01-08 13:45:00,Completed,Attended,2026-01-17,86,Passed
5225,5232,1756,2025-12-01 15:45:00,Completed,Attended,2026-01-17,50,Failed
5226,5232,1637,2025-12-30 13:30:00,Completed,Attended,2026-01-17,66,Failed
5227,5232,1896,2025-12-24 11:15:00,InProgress,Attended,,,NotAssessed
5228,5232,1128,2025-12-30 14:15:00,InProgress,Attended,,,NotAssessed
5229,5232,1005,2025-12-04 16:15:00,Completed,Attended,2026-01-17,54,Failed
5230,5232,2032,2025-12-03 14:30:00,Completed,Attended,2026-01-17,100,Passed
5231,5232,1521,2025-12-08 12:30:00,NoShow,Absent,,,NotAssessed
5232,5232,1010,2025-12-12 14:15:00,Completed,Attended,2026-01-17,73,Passed
5233,5232,1395,2025-11-22 16:45:00,Cancelled,NotApplicable,,,NotAssessed
5234,5232,1011,2025-12-04 08:15:00,Completed,Attended,2026-01-17,72,Passed
5235,5232,1269,2026-01-01 14:00:00,Completed,Attended,2026-01-17,85,Passed
5236,5232,1271,2025-12-23 08:00:00,NoShow,Absent,,,NotAssessed
5237,5233,1890,2025-04-11 10:30:00,Completed,Attended,2025-05-07,77,Passed
5238,5233,1892,2025-03-24 09:15:00,Completed,Attended,2025-05-07,72,Passed
5239,5233,1740,2025-04-25 11:45:00,Completed,Attended,2025-05-07,73,Passed
5240,5233,1424,2025-04-26 15:00:00,Completed,Attended,2025-05-07,80,Passed
5241,5233,1841,2025-04-26 12:45:00,Completed,Attended,2025-05-07,70,Passed
5242,5233,1812,2025-04-03 10:15:00,Completed,Attended,2025-05-07,89,Passed
5243,5233,1463,2025-03-27 09:30:00,Completed,Attended,2025-05-07,66,Failed
5244,5233,1853,2025-03-15 11:15:00,Completed,Attended,2025-05-07,69,Failed
5245,5233,1822,2025-04-10 14:15:00,Completed,Attended,2025-05-07,65,Failed
5246,5234,1427,2025-09-30 16:45:00,NoShow,Absent,,,NotAssessed
5247,5234,1312,2025-10-01 12:00:00,Completed,Attended,2025-11-16,94,Passed
5248,5234,1318,2025-10-10 09:45:00,Completed,Attended,2025-11-16,81,Passed
5249,5234,1447,2025-10-10 11:45:00,Completed,Attended,2025-11-16,76,Passed
5250,5234,1452,2025-09-22 16:45:00,Completed,Attended,2025-11-16,67,Failed
5251,5234,1968,2025-09-23 08:00:00,Completed,Attended,2025-11-16,79,Passed
5252,5234,1462,2025-10-18 08:45:00,Completed,Attended,2025-11-16,65,Failed
5253,5234,1464,2025-09-22 16:00:00,Completed,Attended,2025-11-16,63,Failed
5254,5234,1595,2025-10-03 14:00:00,Completed,Attended,2025-11-16,45,Failed
5255,5234,1471,2025-10-15 09:30:00,InProgress,Attended,,,NotAssessed
5256,5234,1344,2025-09-23 15:30:00,Completed,Attended,2025-11-16,82,Passed
5257,5234,1343,2025-10-08 08:00:00,Completed,Attended,2025-11-16,75,Passed
5258,5234,1475,2025-10-04 14:45:00,Completed,Attended,2025-11-16,78,Passed
5259,5234,1859,2025-10-12 12:45:00,Completed,Attended,2025-11-16,69,Failed
5260,5234,1478,2025-10-06 14:45:00,Completed,Attended,2025-11-16,81,Passed
5261,5234,1489,2025-10-17 13:45:00,Cancelled,NotApplicable,,,NotAssessed
5262,5234,1490,2025-10-20 16:45:00,Completed,Attended,2025-11-16,71,Passed
5263,5234,1498,2025-09-30 14:15:00,Completed,Attended,2025-11-16,76,Passed
5264,5234,1371,2025-11-03 12:30:00,Completed,Attended,2025-11-16,72,Passed
5265,5234,1501,2025-11-06 15:30:00,Completed,Attended,2025-11-16,85,Passed
5266,5234,1505,2025-09-20 14:00:00,Completed,Attended,2025-11-16,70,Passed
5267,5234,1509,2025-10-29 11:00:00,Completed,Attended,2025-11-16,80,Passed
5268,5234,1510,2025-09-21 10:45:00,NoShow,Absent,,,NotAssessed
5269,5234,1511,2025-09-26 15:45:00,Completed,Attended,2025-11-16,72,Passed
5270,5234,1387,2025-10-03 16:00:00,Completed,Attended,2025-11-16,70,Passed
5271,5234,1783,2025-10-24 12:00:00,NoShow,Absent,,,NotAssessed
5272,5234,1401,2025-09-29 12:15:00,NoShow,Absent,,,NotAssessed
5273,5234,1406,2025-09-22 09:00:00,InProgress,Attended,,,NotAssessed
5274,5235,1861,2025-12-06 08:30:00,Completed,Attended,2026-01-13,65,Failed
5275,5235,2022,2025-12-21 16:15:00,Completed,Attended,2026-01-13,88,Passed
5276,5235,2088,2025-11-22 10:15:00,Completed,Attended,2026-01-13,84,Passed
5277,5235,2090,2025-12-21 14:15:00,Completed,Attended,2026-01-13,71,Passed
5278,5235,2059,2025-11-23 13:15:00,Completed,Attended,2026-01-13,82,Passed
5279,5235,2091,2025-12-17 13:00:00,Completed,Attended,2026-01-13,91,Passed
5280,5235,2099,2025-11-29 09:15:00,Completed,Attended,2026-01-13,86,Passed
5281,5235,1974,2025-12-19 09:15:00,Completed,Attended,2026-01-13,64,Failed
5282,5235,2040,2025-11-20 08:45:00,Completed,Attended,2026-01-13,77,Passed
5283,5236,1408,2025-10-13 12:15:00,Completed,Attended,2025-11-29,82,Passed
5284,5236,1172,2025-11-16 08:45:00,Completed,Attended,2025-11-29,90,Passed
5285,5236,1301,2025-10-27 12:30:00,Completed,Attended,2025-11-29,79,Passed
5286,5236,1302,2025-10-26 15:45:00,Completed,Attended,2025-11-29,85,Passed
5287,5236,1443,2025-10-28 11:15:00,Completed,Attended,2025-11-29,83,Passed
5288,5236,1446,2025-11-02 08:15:00,Completed,Attended,2025-11-29,62,Failed
5289,5236,1452,2025-11-11 10:30:00,Completed,Attended,2025-11-29,82,Passed
5290,5236,1840,2025-11-04 15:45:00,Completed,Attended,2025-11-29,81,Passed
5291,5236,1465,2025-10-28 14:00:00,Completed,Attended,2025-11-29,65,Failed
5292,5236,1342,2025-10-18 11:45:00,Completed,Attended,2025-11-29,72,Passed
5293,5236,1474,2025-10-11 12:30:00,Completed,Attended,2025-11-29,73,Passed
5294,5236,1349,2025-10-06 09:15:00,Completed,Attended,2025-11-29,59,Failed
5295,5236,1486,2025-10-19 09:15:00,Completed,Attended,2025-11-29,45,Failed
5296,5236,1489,2025-10-20 09:45:00,Completed,Attended,2025-11-29,88,Passed
5297,5236,1754,2025-10-10 14:30:00,NoShow,Absent,,,NotAssessed
5298,5236,1372,2025-10-11 10:30:00,Completed,Attended,2025-11-29,45,Failed
5299,5236,1500,2025-10-21 10:00:00,Completed,Attended,2025-11-29,77,Passed
5300,5236,1886,2025-11-13 09:00:00,Completed,Attended,2025-11-29,64,Failed
5301,5236,1501,2025-11-02 13:15:00,Completed,Attended,2025-11-29,65,Failed
5302,5236,1508,2025-11-09 08:30:00,Completed,Attended,2025-11-29,62,Failed
5303,5236,1512,2025-11-09 08:30:00,Completed,Attended,2025-11-29,66,Failed
5304,5236,1520,2025-10-30 12:15:00,Completed,Attended,2025-11-29,62,Failed
5305,5236,1396,2025-11-14 15:15:00,Completed,Attended,2025-11-29,99,Passed
5306,5236,1406,2025-11-12 16:00:00,Cancelled,NotApplicable,,,NotAssessed
5307,5237,1602,2026-06-13 14:30:00,Completed,Attended,2026-07-16,67,Failed
5308,5237,1565,2026-06-28 12:00:00,Completed,Attended,2026-07-16,66,Failed
5309,5237,1700,2026-05-21 12:30:00,NoShow,Absent,,,NotAssessed
5310,5237,1574,2026-06-13 12:15:00,Completed,Attended,2026-07-16,77,Passed
5311,5237,1575,2026-06-23 14:45:00,Completed,Attended,2026-07-16,93,Passed
5312,5237,1671,2026-05-26 12:15:00,Completed,Attended,2026-07-16,80,Passed
5313,5237,1646,2026-06-24 16:00:00,Completed,Attended,2026-07-16,91,Passed
5314,5237,1679,2026-06-19 11:15:00,Cancelled,NotApplicable,,,NotAssessed
5315,5237,1550,2026-07-05 08:30:00,Completed,Attended,2026-07-16,76,Passed
5316,5237,1519,2026-06-09 10:15:00,Completed,Attended,2026-07-16,76,Passed
5317,5237,1714,2026-06-03 10:30:00,Completed,Attended,2026-07-16,68,Failed
5318,5237,1652,2026-06-21 10:45:00,Completed,Attended,2026-07-16,92,Passed
5319,5237,1653,2026-06-19 08:30:00,Cancelled,NotApplicable,,,NotAssessed
5320,5237,1684,2026-05-31 08:30:00,Completed,Attended,2026-07-16,51,Failed
5321,5237,1911,2026-06-05 13:15:00,Completed,Attended,2026-07-16,64,Failed
5322,5237,1530,2026-06-11 11:00:00,Completed,Attended,2026-07-16,100,Passed
5323,5237,1756,2026-05-28 14:30:00,Completed,Attended,2026-07-16,89,Passed
5324,5237,1597,2026-06-14 13:00:00,Completed,Attended,2026-07-16,79,Passed
5325,5238,1889,2025-04-10 09:45:00,Completed,Attended,2025-05-17,90,Passed
5326,5238,1921,2025-03-31 15:00:00,Completed,Attended,2025-05-17,90,Passed
5327,5238,1915,2025-04-22 16:30:00,Completed,Attended,2025-05-17,72,Passed
5328,5238,1979,2025-04-02 14:30:00,NoShow,Absent,,,NotAssessed
5329,5238,1990,2025-04-03 09:00:00,NoShow,Absent,,,NotAssessed
5330,5238,1963,2025-04-11 11:00:00,Completed,Attended,2025-05-17,99,Passed
5331,5238,1996,2025-05-02 16:15:00,Completed,Attended,2025-05-17,52,Failed
5332,5238,1964,2025-04-23 10:45:00,Completed,Attended,2025-05-17,72,Passed
5333,5238,1966,2025-04-26 16:00:00,Completed,Attended,2025-05-17,74,Passed
5334,5238,1969,2025-03-22 13:45:00,Completed,Attended,2025-05-17,89,Passed
5335,5238,1909,2025-03-24 11:15:00,Completed,Attended,2025-05-17,75,Passed
5336,5238,1372,2025-05-06 08:30:00,Completed,Attended,2025-05-17,96,Passed
5337,5238,1145,2025-04-05 08:15:00,Completed,Attended,2025-05-17,83,Passed
5338,5238,2011,2025-04-22 09:00:00,Completed,Attended,2025-05-17,69,Failed
5339,5238,2009,2025-04-20 16:15:00,Completed,Attended,2025-05-17,80,Passed
5340,5238,2013,2025-04-21 11:30:00,Completed,Attended,2025-05-17,77,Passed
5341,5238,2014,2025-04-27 09:45:00,Completed,Attended,2025-05-17,90,Passed
5342,5239,1920,2025-12-22 16:15:00,Completed,Attended,2026-01-16,65,Failed
5343,5239,1922,2025-12-18 12:30:00,Completed,Attended,2026-01-16,71,Passed
5344,5239,1923,2025-12-24 11:00:00,Completed,Attended,2026-01-16,82,Passed
5345,5239,1924,2025-12-06 09:30:00,InProgress,Attended,,,NotAssessed
5346,5239,1545,2025-12-27 12:45:00,Completed,Attended,2026-01-16,80,Passed
5347,5239,1932,2026-01-09 12:30:00,Completed,Attended,2026-01-16,85,Passed
5348,5239,2060,2025-12-29 16:15:00,Completed,Attended,2026-01-16,62,Failed
5349,5239,1934,2025-12-05 15:00:00,NoShow,Absent,,,NotAssessed
5350,5239,1680,2025-12-30 08:15:00,Completed,Attended,2026-01-16,94,Passed
5351,5239,1298,2025-12-19 12:45:00,Cancelled,NotApplicable,,,NotAssessed
5352,5239,2070,2025-11-29 08:45:00,Completed,Attended,2026-01-16,84,Passed
5353,5239,1952,2025-12-11 15:30:00,Cancelled,NotApplicable,,,NotAssessed
5354,5239,1957,2025-12-05 09:30:00,Completed,Attended,2026-01-16,63,Failed
5355,5239,2087,2025-12-19 13:00:00,Completed,Attended,2026-01-16,67,Failed
5356,5239,1962,2025-12-16 12:45:00,Completed,Attended,2026-01-16,86,Passed
5357,5239,1975,2025-12-30 10:45:00,Cancelled,NotApplicable,,,NotAssessed
5358,5239,1976,2025-12-26 12:30:00,Completed,Attended,2026-01-16,91,Passed
5359,5239,1978,2025-12-15 11:30:00,Completed,Attended,2026-01-16,90,Passed
5360,5239,1979,2025-11-24 14:15:00,Completed,Attended,2026-01-16,72,Passed
5361,5239,1985,2025-12-05 10:15:00,Completed,Attended,2026-01-16,83,Passed
5362,5239,1987,2025-12-24 14:00:00,Completed,Attended,2026-01-16,77,Passed
5363,5239,1989,2025-12-04 15:45:00,Completed,Attended,2026-01-16,71,Passed
5364,5239,1992,2025-11-23 09:00:00,InProgress,Attended,,,NotAssessed
5365,5239,1103,2025-12-02 13:30:00,Completed,Attended,2026-01-16,72,Passed
5366,5239,2000,2026-01-06 10:00:00,Completed,Attended,2026-01-16,54,Failed
5367,5239,2001,2025-12-26 08:45:00,Completed,Attended,2026-01-16,92,Passed
5368,5239,2003,2026-01-03 12:30:00,Completed,Attended,2026-01-16,77,Passed
5369,5239,2004,2025-12-23 08:30:00,Completed,Attended,2026-01-16,82,Passed
5370,5239,2011,2025-12-09 10:15:00,Completed,Attended,2026-01-16,82,Passed
5371,5239,1756,2026-01-02 14:30:00,Completed,Attended,2026-01-16,58,Failed
5372,5239,1641,2025-12-16 11:45:00,Completed,Attended,2026-01-16,69,Failed
5373,5239,1903,2026-01-01 15:45:00,Completed,Attended,2026-01-16,96,Passed
5374,5239,1911,2025-12-26 09:00:00,Completed,Attended,2026-01-16,80,Passed
5375,5239,1913,2025-12-06 14:30:00,Completed,Attended,2026-01-16,100,Passed
5376,5239,1916,2025-11-27 13:45:00,Completed,Attended,2026-01-16,100,Passed
5377,5240,1282,2025-04-23 08:15:00,Completed,Attended,2025-05-15,86,Passed
5378,5240,1160,2025-04-06 12:00:00,InProgress,Attended,,,NotAssessed
5379,5240,1033,2025-03-24 16:45:00,Completed,Attended,2025-05-15,63,Failed
5380,5240,1162,2025-04-12 13:45:00,NoShow,Absent,,,NotAssessed
5381,5240,1931,2025-05-02 13:15:00,Completed,Attended,2025-05-15,70,Passed
5382,5240,1043,2025-04-13 16:45:00,Completed,Attended,2025-05-15,71,Passed
5383,5240,1304,2025-03-29 08:15:00,Completed,Attended,2025-05-15,87,Passed
5384,5240,1052,2025-03-22 09:00:00,Completed,Attended,2025-05-15,77,Passed
5385,5240,1063,2025-04-06 10:30:00,NoShow,Absent,,,NotAssessed
5386,5240,1972,2025-04-29 16:00:00,Completed,Attended,2025-05-15,51,Failed
5387,5240,1076,2025-04-17 16:45:00,Completed,Attended,2025-05-15,75,Passed
5388,5240,1206,2025-04-30 11:15:00,NoShow,Absent,,,NotAssessed
5389,5240,1467,2025-04-28 14:00:00,Cancelled,NotApplicable,,,NotAssessed
5390,5240,1723,2025-04-28 12:45:00,Completed,Attended,2025-05-15,88,Passed
5391,5240,1345,2025-04-22 10:45:00,NoShow,Absent,,,NotAssessed
5392,5240,1116,2025-05-01 14:30:00,Completed,Attended,2025-05-15,68,Failed
5393,5240,1123,2025-04-07 16:45:00,Completed,Attended,2025-05-15,66,Failed
5394,5240,1127,2025-05-02 15:15:00,Completed,Attended,2025-05-15,53,Failed
5395,5240,1132,2025-04-13 15:30:00,Completed,Attended,2025-05-15,75,Passed
5396,5240,1902,2025-03-20 13:00:00,Completed,Attended,2025-05-15,68,Failed
5397,5240,1137,2025-04-04 16:30:00,Completed,Attended,2025-05-15,71,Passed
5398,5240,1271,2025-03-23 12:00:00,NoShow,Absent,,,NotAssessed
5399,5240,1149,2025-03-26 09:00:00,Completed,Attended,2025-05-15,78,Passed
5400,5240,1022,2025-04-21 10:30:00,Completed,Attended,2025-05-15,80,Passed
5401,5241,1697,2026-01-12 10:00:00,Cancelled,NotApplicable,,,NotAssessed
5402,5241,1448,2026-01-16 12:45:00,Cancelled,NotApplicable,,,NotAssessed
5403,5241,1487,2025-12-11 08:30:00,Cancelled,NotApplicable,,,NotAssessed
5404,5241,1329,2026-01-11 12:15:00,Cancelled,NotApplicable,,,NotAssessed
5405,5241,1426,2026-01-15 13:15:00,Cancelled,NotApplicable,,,NotAssessed
5406,5241,1462,2025-12-11 08:30:00,Cancelled,NotApplicable,,,NotAssessed
5407,5241,2075,2025-12-09 09:45:00,Cancelled,NotApplicable,,,NotAssessed
5408,5241,1309,2025-12-19 12:45:00,Cancelled,NotApplicable,,,NotAssessed
5409,5241,1437,2025-12-21 09:15:00,Cancelled,NotApplicable,,,NotAssessed
5410,5241,1503,2025-11-30 16:30:00,Cancelled,NotApplicable,,,NotAssessed
5411,5242,2050,2025-01-05 11:45:00,Completed,Attended,2025-02-19,86,Passed
5412,5242,1682,2024-12-31 10:30:00,Completed,Attended,2025-02-19,68,Failed
5413,5242,2076,2025-01-31 12:30:00,Completed,Attended,2025-02-19,73,Passed
5414,5242,2077,2024-12-30 10:00:00,Completed,Attended,2025-02-19,71,Passed
5415,5242,2078,2025-01-11 08:00:00,Cancelled,NotApplicable,,,NotAssessed
5416,5242,1832,2025-02-06 09:30:00,Completed,Attended,2025-02-19,95,Passed
5417,5242,1579,2025-01-21 16:15:00,Cancelled,NotApplicable,,,NotAssessed
5418,5242,2094,2025-01-31 13:45:00,NoShow,Absent,,,NotAssessed
5419,5242,2097,2025-01-11 14:00:00,Completed,Attended,2025-02-19,71,Passed
5420,5242,2099,2025-02-01 09:00:00,Completed,Attended,2025-02-19,74,Passed
5421,5242,1343,2025-02-09 16:15:00,NoShow,Absent,,,NotAssessed
5422,5242,2021,2024-12-26 14:45:00,Completed,Attended,2025-02-19,92,Passed
5423,5242,1512,2025-01-04 15:00:00,Completed,Attended,2025-02-19,61,Failed
5424,5242,2028,2025-02-11 14:00:00,Completed,Attended,2025-02-19,100,Passed
5425,5242,2034,2025-02-07 10:15:00,Completed,Attended,2025-02-19,76,Passed
5426,5242,2036,2025-02-08 12:00:00,Completed,Attended,2025-02-19,91,Passed
5427,5242,2037,2025-01-27 14:15:00,Completed,Attended,2025-02-19,76,Passed
5428,5242,2043,2025-01-16 15:45:00,Completed,Attended,2025-02-19,67,Failed
5429,5242,2045,2025-01-25 14:00:00,Completed,Attended,2025-02-19,75,Passed
5430,5243,2048,2025-07-01 14:45:00,Completed,Attended,2025-07-19,79,Passed
5431,5243,1538,2025-06-14 11:00:00,Completed,Attended,2025-07-19,90,Passed
5432,5243,2051,2025-07-01 11:45:00,Completed,Attended,2025-07-19,100,Passed
5433,5243,2054,2025-06-03 11:00:00,Completed,Attended,2025-07-19,79,Passed
5434,5243,2056,2025-06-07 16:15:00,Completed,Attended,2025-07-19,66,Failed
5435,5243,2059,2025-06-22 10:15:00,Completed,Attended,2025-07-19,77,Passed
5436,5243,2060,2025-06-05 11:30:00,Completed,Attended,2025-07-19,71,Passed
5437,5243,2072,2025-06-05 12:00:00,Completed,Attended,2025-07-19,66,Failed
5438,5243,2074,2025-07-09 09:30:00,NoShow,Absent,,,NotAssessed
5439,5243,2075,2025-06-20 13:15:00,Completed,Attended,2025-07-19,89,Passed
5440,5243,2076,2025-07-11 14:15:00,Completed,Attended,2025-07-19,72,Passed
5441,5243,2079,2025-06-17 13:15:00,Completed,Attended,2025-07-19,71,Passed
5442,5243,2082,2025-06-14 08:30:00,Completed,Attended,2025-07-19,82,Passed
5443,5243,2089,2025-07-10 09:00:00,Cancelled,NotApplicable,,,NotAssessed
5444,5243,2091,2025-07-04 13:45:00,NoShow,Absent,,,NotAssessed
5445,5243,2095,2025-06-05 11:00:00,Completed,Attended,2025-07-19,78,Passed
5446,5243,2098,2025-06-30 16:45:00,Completed,Attended,2025-07-19,63,Failed
5447,5243,1335,2025-07-03 12:30:00,Cancelled,NotApplicable,,,NotAssessed
5448,5243,1852,2025-07-01 09:30:00,Completed,Attended,2025-07-19,97,Passed
5449,5243,1738,2025-06-03 16:00:00,Completed,Attended,2025-07-19,76,Passed
5450,5243,1366,2025-05-27 12:30:00,InProgress,Attended,,,NotAssessed
5451,5243,1256,2025-05-28 08:45:00,NoShow,Absent,,,NotAssessed
5452,5243,1645,2025-07-09 15:30:00,Completed,Attended,2025-07-19,69,Failed
5453,5243,2029,2025-07-05 12:00:00,Cancelled,NotApplicable,,,NotAssessed
5454,5243,2034,2025-07-08 13:00:00,Completed,Attended,2025-07-19,72,Passed
5455,5243,2035,2025-07-10 15:45:00,Completed,Attended,2025-07-19,72,Passed
5456,5243,2038,2025-06-08 09:45:00,InProgress,Attended,,,NotAssessed
5457,5243,1786,2025-06-24 13:15:00,Completed,Attended,2025-07-19,93,Passed
5458,5243,1019,2025-06-06 16:30:00,Completed,Attended,2025-07-19,62,Failed
5459,5243,2045,2025-06-02 14:45:00,Completed,Attended,2025-07-19,67,Failed
5460,5243,1023,2025-07-05 13:15:00,Completed,Attended,2025-07-19,57,Failed
5461,5244,1924,2025-05-15 13:00:00,Completed,Attended,2025-05-26,66,Failed
5462,5244,1928,2025-04-28 16:15:00,Completed,Attended,2025-05-26,86,Passed
5463,5244,1931,2025-05-01 10:45:00,Completed,Attended,2025-05-26,71,Passed
5464,5244,1937,2025-04-06 11:30:00,Cancelled,NotApplicable,,,NotAssessed
5465,5244,1939,2025-04-07 16:30:00,Completed,Attended,2025-05-26,75,Passed
5466,5244,1940,2025-04-01 16:15:00,Completed,Attended,2025-05-26,82,Passed
5467,5244,1948,2025-05-08 14:45:00,Completed,Attended,2025-05-26,60,Failed
5468,5244,1953,2025-05-13 16:15:00,Completed,Attended,2025-05-26,81,Passed
5469,5244,1962,2025-05-06 14:30:00,Completed,Attended,2025-05-26,90,Passed
5470,5244,1963,2025-04-25 10:15:00,Completed,Attended,2025-05-26,85,Passed
5471,5244,1964,2025-04-27 08:45:00,Completed,Attended,2025-05-26,76,Passed
5472,5244,1965,2025-04-25 10:45:00,Completed,Attended,2025-05-26,100,Passed
5473,5244,1971,2025-04-28 16:30:00,NoShow,Absent,,,NotAssessed
5474,5244,1979,2025-04-25 08:15:00,Completed,Attended,2025-05-26,73,Passed
5475,5244,1982,2025-04-17 11:45:00,Completed,Attended,2025-05-26,62,Failed
5476,5244,1996,2025-04-05 10:15:00,Completed,Attended,2025-05-26,53,Failed
5477,5244,2006,2025-04-29 10:15:00,Completed,Attended,2025-05-26,92,Passed
5478,5244,2016,2025-05-08 08:30:00,Completed,Attended,2025-05-26,86,Passed
5479,5244,2017,2025-04-10 11:15:00,Completed,Attended,2025-05-26,85,Passed
5480,5244,1890,2025-04-23 09:30:00,Completed,Attended,2025-05-26,56,Failed
5481,5244,1256,2025-05-13 08:30:00,Completed,Attended,2025-05-26,83,Passed
5482,5244,2037,2025-04-13 16:45:00,InProgress,Attended,,,NotAssessed
5483,5244,1911,2025-04-03 12:30:00,Cancelled,NotApplicable,,,NotAssessed
5484,5244,1915,2025-04-14 16:45:00,Completed,Attended,2025-05-26,73,Passed
5485,5245,1926,2025-01-16 15:30:00,Completed,Attended,2025-02-19,94,Passed
5486,5245,1929,2025-02-05 12:00:00,Completed,Attended,2025-02-19,80,Passed
5487,5245,1806,2025-01-13 14:30:00,NoShow,Absent,,,NotAssessed
5488,5245,1935,2025-02-01 14:30:00,Completed,Attended,2025-02-19,73,Passed
5489,5245,1936,2025-02-05 14:15:00,Cancelled,NotApplicable,,,NotAssessed
5490,5245,1941,2025-01-05 12:45:00,InProgress,Attended,,,NotAssessed
5491,5245,1943,2025-01-27 09:45:00,Completed,Attended,2025-02-19,76,Passed
5492,5245,1945,2025-01-10 16:30:00,Completed,Attended,2025-02-19,74,Passed
5493,5245,1949,2024-12-27 11:15:00,Completed,Attended,2025-02-19,77,Passed
5494,5245,1950,2025-01-10 11:15:00,InProgress,Attended,,,NotAssessed
5495,5245,1661,2025-01-22 09:30:00,Completed,Attended,2025-02-19,63,Failed
5496,5245,1958,2025-01-23 16:00:00,Completed,Attended,2025-02-19,71,Passed
5497,5245,1960,2024-12-31 12:00:00,Completed,Attended,2025-02-19,76,Passed
5498,5245,1336,2025-01-05 13:45:00,Completed,Attended,2025-02-19,75,Passed
5499,5245,1977,2025-01-20 10:30:00,Completed,Attended,2025-02-19,80,Passed
5500,5245,1084,2025-02-04 13:15:00,Completed,Attended,2025-02-19,76,Passed
5501,5245,1981,2025-01-23 10:30:00,Completed,Attended,2025-02-19,62,Failed
5502,5245,1986,2025-01-11 16:30:00,Completed,Attended,2025-02-19,62,Failed
5503,5245,1988,2025-02-09 14:00:00,Completed,Attended,2025-02-19,61,Failed
5504,5245,1993,2025-02-02 16:00:00,Completed,Attended,2025-02-19,57,Failed
5505,5245,1739,2025-02-01 10:30:00,Completed,Attended,2025-02-19,87,Passed
5506,5245,1997,2025-01-10 11:30:00,Completed,Attended,2025-02-19,65,Failed
5507,5245,1999,2025-01-31 14:45:00,Completed,Attended,2025-02-19,71,Passed
5508,5245,2002,2025-01-31 15:15:00,Completed,Attended,2025-02-19,68,Failed
5509,5245,2007,2025-01-01 15:30:00,Completed,Attended,2025-02-19,74,Passed
5510,5245,2010,2025-01-24 12:45:00,Completed,Attended,2025-02-19,92,Passed
5511,5245,2016,2024-12-25 09:15:00,Completed,Attended,2025-02-19,89,Passed
5512,5245,2018,2025-01-03 11:00:00,Completed,Attended,2025-02-19,78,Passed
5513,5245,1907,2025-01-31 13:30:00,NoShow,Absent,,,NotAssessed
5514,5245,1908,2025-01-08 12:30:00,Completed,Attended,2025-02-19,82,Passed
5515,5245,1911,2025-01-23 16:15:00,Completed,Attended,2025-02-19,78,Passed
5516,5245,1914,2025-01-10 15:15:00,Completed,Attended,2025-02-19,90,Passed
5517,5245,1917,2024-12-28 10:45:00,Completed,Attended,2025-02-19,72,Passed
5518,5245,1919,2025-01-13 13:45:00,Completed,Attended,2025-02-19,87,Passed
5519,5246,1153,2026-06-05 08:00:00,Completed,Attended,2026-06-15,55,Failed
5520,5246,1029,2026-05-03 12:30:00,Completed,Attended,2026-06-15,95,Passed
5521,5246,1289,2026-04-27 15:30:00,Completed,Attended,2026-06-15,88,Passed
5522,5246,1931,2026-06-05 10:30:00,Completed,Attended,2026-06-15,79,Passed
5523,5246,1166,2026-04-29 13:00:00,Completed,Attended,2026-06-15,62,Failed
5524,5246,1295,2026-06-08 12:30:00,Completed,Attended,2026-06-15,67,Failed
5525,5246,1168,2026-05-26 14:30:00,Completed,Attended,2026-06-15,79,Passed
5526,5246,1300,2026-05-22 11:45:00,Completed,Attended,2026-06-15,46,Failed
5527,5246,1686,2026-05-25 16:00:00,Completed,Attended,2026-06-15,84,Passed
5528,5246,1189,2026-05-07 14:15:00,Completed,Attended,2026-06-15,67,Failed
5529,5246,1962,2026-05-06 12:30:00,Completed,Attended,2026-06-15,69,Failed
5530,5246,1199,2026-06-07 09:30:00,Completed,Attended,2026-06-15,58,Failed
5531,5246,1071,2026-05-10 10:30:00,Completed,Attended,2026-06-15,52,Failed
5532,5246,1072,2026-05-22 14:15:00,Completed,Attended,2026-06-15,100,Passed
5533,5246,1203,2026-05-09 13:45:00,NoShow,Absent,,,NotAssessed
5534,5246,1076,2026-05-05 10:15:00,NoShow,Absent,,,NotAssessed
5535,5246,2100,2026-06-01 09:15:00,Completed,Attended,2026-06-15,100,Passed
5536,5246,1205,2026-05-08 13:30:00,Completed,Attended,2026-06-15,74,Passed
5537,5246,1204,2026-04-25 11:30:00,Completed,Attended,2026-06-15,63,Failed
5538,5246,1210,2026-04-25 16:00:00,Completed,Attended,2026-06-15,62,Failed
5539,5246,1083,2026-05-13 08:45:00,Completed,Attended,2026-06-15,79,Passed
5540,5246,1469,2026-04-23 16:15:00,Completed,Attended,2026-06-15,74,Passed
5541,5246,1216,2026-05-11 10:15:00,Completed,Attended,2026-06-15,72,Passed
5542,5246,1218,2026-05-11 16:30:00,Completed,Attended,2026-06-15,78,Passed
5543,5246,1093,2026-05-02 14:15:00,Completed,Attended,2026-06-15,79,Passed
5544,5246,1481,2026-06-03 09:45:00,Completed,Attended,2026-06-15,83,Passed
5545,5246,1229,2026-06-08 09:45:00,Completed,Attended,2026-06-15,75,Passed
5546,5246,1114,2026-04-27 10:15:00,Cancelled,NotApplicable,,,NotAssessed
5547,5246,1116,2026-05-27 16:00:00,Completed,Attended,2026-06-15,77,Passed
5548,5246,1247,2026-05-26 08:30:00,Completed,Attended,2026-06-15,76,Passed
5549,5246,1509,2026-05-31 14:45:00,Completed,Attended,2026-06-15,83,Passed
5550,5246,1510,2026-05-04 16:30:00,NoShow,Absent,,,NotAssessed
5551,5246,1895,2026-05-14 10:15:00,Completed,Attended,2026-06-15,61,Failed
5552,5246,1128,2026-05-26 08:30:00,Completed,Attended,2026-06-15,71,Passed
5553,5246,1772,2026-05-18 12:00:00,Completed,Attended,2026-06-15,80,Passed
5554,5246,1390,2026-06-01 13:45:00,Completed,Attended,2026-06-15,78,Passed
5555,5246,1776,2026-05-25 11:15:00,Completed,Attended,2026-06-15,70,Passed
5556,5246,1266,2026-04-23 11:45:00,Completed,Attended,2026-06-15,75,Passed
5557,5246,1650,2026-05-03 11:45:00,Completed,Attended,2026-06-15,75,Passed
5558,5246,1012,2026-05-24 09:30:00,Completed,Attended,2026-06-15,69,Failed
5559,5246,1139,2026-04-24 11:30:00,Completed,Attended,2026-06-15,87,Passed
5560,5246,1015,2026-04-30 08:00:00,Completed,Attended,2026-06-15,72,Passed
5561,5246,1144,2026-06-07 13:45:00,Completed,Attended,2026-06-15,75,Passed
5562,5246,1273,2026-05-30 08:15:00,Completed,Attended,2026-06-15,58,Failed
5563,5246,1148,2026-05-18 11:30:00,Completed,Attended,2026-06-15,81,Passed
5564,5247,1928,2026-07-21 16:45:00,Completed,Attended,2026-08-18,77,Passed
5565,5247,1424,2026-07-03 08:30:00,Completed,Attended,2026-08-18,77,Passed
5566,5247,1426,2026-08-05 14:15:00,Completed,Attended,2026-08-18,90,Passed
5567,5247,1557,2026-08-02 11:15:00,NoShow,Absent,,,NotAssessed
5568,5247,1691,2026-07-16 11:30:00,Completed,Attended,2026-08-18,75,Passed
5569,5247,1436,2026-07-16 08:30:00,Completed,Attended,2026-08-18,75,Passed
5570,5247,1437,2026-06-24 16:45:00,Completed,Attended,2026-08-18,81,Passed
5571,5247,1446,2026-07-01 09:00:00,Completed,Attended,2026-08-18,70,Passed
5572,5247,1458,2026-07-14 10:15:00,InProgress,Attended,,,NotAssessed
5573,5247,1461,2026-06-29 13:30:00,Completed,Attended,2026-08-18,71,Passed
5574,5247,1338,2026-07-11 14:15:00,Completed,Attended,2026-08-18,44,Failed
5575,5247,1473,2026-07-22 15:00:00,Completed,Attended,2026-08-18,98,Passed
5576,5247,1366,2026-07-31 12:00:00,Completed,Attended,2026-08-18,86,Passed
5577,5247,1502,2026-07-18 12:30:00,Completed,Attended,2026-08-18,100,Passed
5578,5247,1506,2026-07-21 12:30:00,Completed,Attended,2026-08-18,71,Passed
5579,5247,1513,2026-07-24 11:30:00,Completed,Attended,2026-08-18,90,Passed
5580,5247,1898,2026-08-04 14:00:00,Completed,Attended,2026-08-18,83,Passed
5581,5247,1518,2026-08-07 13:30:00,Completed,Attended,2026-08-18,100,Passed
5582,5247,2045,2026-08-09 11:45:00,Completed,Attended,2026-08-18,81,Passed
5583,5248,1824,2025-10-20 09:30:00,Completed,Attended,2025-11-07,69,Failed
5584,5248,1027,2025-10-11 16:00:00,Completed,Attended,2025-11-07,74,Passed
5585,5248,1156,2025-10-14 16:00:00,InProgress,Attended,,,NotAssessed
5586,5248,1287,2025-10-03 13:30:00,Completed,Attended,2025-11-07,80,Passed
5587,5248,1163,2025-10-18 12:15:00,NoShow,Absent,,,NotAssessed
5588,5248,1069,2025-10-04 16:45:00,Completed,Attended,2025-11-07,71,Passed
5589,5248,1134,2025-10-10 08:15:00,NoShow,Absent,,,NotAssessed
5590,5248,1233,2025-10-26 14:30:00,Completed,Attended,2025-11-07,78,Passed
5591,5248,1042,2025-10-03 13:15:00,Completed,Attended,2025-11-07,78,Passed
5592,5248,1206,2025-09-16 12:00:00,NoShow,Absent,,,NotAssessed
5593,5248,2078,2025-10-07 15:00:00,Completed,Attended,2025-11-07,91,Passed
5594,5248,1046,2025-09-21 16:00:00,Completed,Attended,2025-11-07,87,Passed
5595,5248,1014,2025-10-09 08:15:00,Completed,Attended,2025-11-07,82,Passed
5596,5248,1146,2025-10-18 12:15:00,Completed,Attended,2025-11-07,57,Failed
5597,5248,1182,2025-10-10 13:30:00,Completed,Attended,2025-11-07,100,Passed
5598,5248,1087,2025-09-14 15:00:00,Completed,Attended,2025-11-07,88,Passed
5599,5249,1158,2024-12-23 11:45:00,NoShow,Absent,,,NotAssessed
5600,5249,2056,2025-01-05 16:45:00,Completed,Attended,2025-02-12,88,Passed
5601,5249,1296,2025-01-26 12:00:00,Completed,Attended,2025-02-12,77,Passed
5602,5249,1947,2024-12-22 08:15:00,Completed,Attended,2025-02-12,77,Passed
5603,5249,1822,2025-01-29 13:45:00,Completed,Attended,2025-02-12,67,Failed
5604,5249,1061,2025-01-27 13:30:00,Completed,Attended,2025-02-12,85,Passed
5605,5249,1959,2025-01-04 15:30:00,Completed,Attended,2025-02-12,53,Failed
5606,5249,1971,2025-01-03 14:15:00,NoShow,Absent,,,NotAssessed
5607,5249,1076,2025-01-11 15:45:00,Completed,Attended,2025-02-12,83,Passed
5608,5249,1080,2025-01-12 12:15:00,Completed,Attended,2025-02-12,81,Passed
5609,5249,1082,2025-01-06 14:15:00,Completed,Attended,2025-02-12,79,Passed
5610,5249,1083,2025-01-02 09:15:00,Completed,Attended,2025-02-12,94,Passed
5611,5249,1994,2025-01-17 12:00:00,Completed,Attended,2025-02-12,99,Passed
5612,5249,1999,2024-12-30 12:45:00,Completed,Attended,2025-02-12,97,Passed
5613,5249,1233,2025-01-15 16:30:00,Completed,Attended,2025-02-12,74,Passed
5614,5249,1240,2024-12-21 09:00:00,Completed,Attended,2025-02-12,79,Passed
5615,5249,1249,2025-01-12 13:30:00,Completed,Attended,2025-02-12,83,Passed
5616,5249,1123,2025-01-20 15:45:00,Completed,Attended,2025-02-12,99,Passed
5617,5249,1252,2024-12-24 08:45:00,Completed,Attended,2025-02-12,86,Passed
5618,5249,2022,2025-01-09 14:00:00,Completed,Attended,2025-02-12,75,Passed
5619,5249,1129,2025-01-13 09:00:00,InProgress,Attended,,,NotAssessed
5620,5249,1132,2025-01-16 15:00:00,Completed,Attended,2025-02-12,64,Failed
5621,5249,1266,2025-02-03 13:45:00,Cancelled,NotApplicable,,,NotAssessed
5622,5249,1400,2025-01-18 16:15:00,InProgress,Attended,,,NotAssessed
5623,5249,1273,2025-01-31 13:00:00,NoShow,Absent,,,NotAssessed
5624,5249,1018,2025-01-27 10:30:00,NoShow,Absent,,,NotAssessed
5625,5250,1803,2025-06-07 08:30:00,Completed,Attended,2025-06-28,85,Passed
5626,5250,1682,2025-05-20 13:00:00,Completed,Attended,2025-06-28,91,Passed
5627,5250,1814,2025-06-01 14:15:00,Completed,Attended,2025-06-28,84,Passed
5628,5250,1953,2025-05-22 12:45:00,Completed,Attended,2025-06-28,82,Passed
5629,5250,1700,2025-06-20 14:30:00,Completed,Attended,2025-06-28,69,Failed
5630,5250,2090,2025-06-08 09:00:00,Completed,Attended,2025-06-28,51,Failed
5631,5250,1207,2025-06-21 11:00:00,Completed,Attended,2025-06-28,68,Failed
5632,5250,1855,2025-06-09 10:30:00,NoShow,Absent,,,NotAssessed
5633,5250,1728,2025-05-09 16:15:00,InProgress,Attended,,,NotAssessed
5634,5250,1859,2025-05-30 12:45:00,Completed,Attended,2025-06-28,56,Failed
5635,5250,1738,2025-05-14 14:15:00,Completed,Attended,2025-06-28,90,Passed
5636,5250,1867,2025-06-14 16:30:00,Completed,Attended,2025-06-28,94,Passed
5637,5250,1869,2025-05-18 15:30:00,Completed,Attended,2025-06-28,73,Passed
5638,5250,1879,2025-06-10 13:45:00,Completed,Attended,2025-06-28,67,Failed
5639,5250,1247,2025-06-14 08:00:00,Completed,Attended,2025-06-28,83,Passed
5640,5250,1887,2025-06-08 15:30:00,NoShow,Absent,,,NotAssessed
5641,5250,1761,2025-05-21 12:15:00,Completed,Attended,2025-06-28,75,Passed
5642,5250,1763,2025-06-20 10:30:00,InProgress,Attended,,,NotAssessed
5643,5250,1007,2025-05-10 14:00:00,Completed,Attended,2025-06-28,68,Failed
5644,5240,1158,2025-04-09 10:00:00,Completed,Attended,2025-05-15,51,Failed
5645,5213,1735,2026-04-19 10:00:00,Completed,Attended,2026-06-03,83,Passed
5646,5042,1309,2026-04-10 10:00:00,Completed,Attended,2026-05-02,78,Passed
5647,5235,2063,2025-11-18 10:00:00,Cancelled,NotApplicable,,,NotAssessed
5648,5186,2091,2025-09-02 10:00:00,Completed,Attended,2025-10-25,77,Passed
5649,5057,1103,2025-10-28 10:00:00,Completed,Attended,2025-12-17,77,Passed
5650,5182,2065,2025-04-23 10:00:00,NoShow,Absent,,,NotAssessed
5651,5169,1046,2025-12-03 10:00:00,Completed,Attended,2025-12-13,61,Failed
5652,5225,1384,2026-07-25 10:00:00,Completed,Attended,2026-08-15,72,Passed
5653,5231,1778,2025-04-01 10:00:00,Cancelled,NotApplicable,,,NotAssessed
5654,5236,1274,2025-10-22 10:00:00,Completed,Attended,2025-11-29,97,Passed
5655,5226,1424,2025-12-21 10:00:00,InProgress,Attended,,,NotAssessed
5656,5097,1673,2025-10-03 10:00:00,InProgress,Attended,,,NotAssessed
5657,5207,1116,2025-12-13 10:00:00,Completed,Attended,2026-01-15,74,Passed
5658,5218,1433,2025-11-16 10:00:00,Completed,Attended,2025-12-02,65,Failed
5659,5135,1882,2025-12-10 10:00:00,Cancelled,NotApplicable,,,NotAssessed
5660,5169,1887,2025-11-10 10:00:00,Completed,Attended,2025-12-13,78,Passed
5661,5234,1651,2025-10-30 10:00:00,Cancelled,NotApplicable,,,NotAssessed
5662,5138,1447,2025-06-07 10:00:00,Completed,Attended,2025-07-15,66,Failed
5663,5134,1578,2025-05-26 10:00:00,Completed,Attended,2025-07-02,48,Failed
5664,5043,1527,2025-11-01 10:00:00,Completed,Attended,2025-11-16,72,Passed
5665,5189,2042,2025-10-24 10:00:00,Completed,Attended,2025-11-11,70,Passed
5666,5230,1790,2026-07-06 10:00:00,Completed,Attended,2026-07-17,67,Failed
5667,5094,1188,2026-02-13 10:00:00,Completed,Attended,2026-03-29,84,Passed
5668,5161,1663,2025-04-20 10:00:00,Completed,Attended,2025-06-01,68,Failed
5669,5176,1863,2026-03-29 10:00:00,NoShow,Absent,,,NotAssessed
5670,5115,1022,2026-06-11 10:00:00,Cancelled,NotApplicable,,,NotAssessed
5671,5135,1201,2025-11-25 10:00:00,Completed,Attended,2025-12-29,96,Passed
5672,5045,1499,2026-03-19 10:00:00,Completed,Attended,2026-04-19,88,Passed
5673,5129,1718,2025-05-12 10:00:00,Completed,Attended,2025-05-27,76,Passed
5674,5220,1027,2026-04-13 10:00:00,Completed,Attended,2026-05-14,83,Passed
5675,5025,1365,2026-02-20 10:00:00,Completed,Attended,2026-03-01,70,Passed
5676,5239,1570,2025-12-14 10:00:00,Completed,Attended,2026-01-16,69,Failed
5677,5197,1572,2025-05-21 10:00:00,Completed,Attended,2025-07-06,79,Passed
5678,5008,1192,2025-11-16 10:00:00,Completed,Attended,2025-12-27,80,Passed
5679,5150,1593,2025-04-21 10:00:00,Completed,Attended,2025-05-12,97,Passed
5680,5243,1621,2025-06-07 10:00:00,Cancelled,NotApplicable,,,NotAssessed
5681,5097,1452,2025-09-18 10:00:00,Completed,Attended,2025-10-24,85,Passed
5682,5086,1190,2024-12-17 10:00:00,Completed,Attended,2025-01-12,60,Failed
5683,5080,2043,2026-04-12 10:00:00,Completed,Attended,2026-04-24,86,Passed
5684,5049,1376,2025-06-03 10:00:00,Completed,Attended,2025-07-05,81,Passed
5685,5190,1900,2025-07-05 10:00:00,Completed,Attended,2025-08-24,88,Passed
5686,5017,1276,2025-04-11 10:00:00,Completed,Attended,2025-05-05,71,Passed
5687,5054,1199,2025-10-26 10:00:00,Completed,Attended,2025-11-05,71,Passed
5688,5111,1168,2025-10-26 10:00:00,Cancelled,NotApplicable,,,NotAssessed
5689,5006,1319,2025-08-02 10:00:00,Completed,Attended,2025-08-30,73,Passed
5690,5181,1576,2025-11-17 10:00:00,NoShow,Absent,,,NotAssessed
5691,5019,1009,2025-06-04 10:00:00,Completed,Attended,2025-06-14,59,Failed
5692,5164,1009,2025-02-21 10:00:00,Completed,Attended,2025-03-12,60,Failed
5693,5123,1123,2025-06-16 10:00:00,Completed,Attended,2025-07-03,88,Passed
5694,5175,2084,2026-03-20 10:00:00,Completed,Attended,2026-04-14,72,Passed
5695,5027,2069,2025-01-12 10:00:00,Completed,Attended,2025-02-02,86,Passed
5696,5082,1234,2025-05-19 10:00:00,Completed,Attended,2025-07-14,80,Passed
5697,5126,1320,2025-04-21 10:00:00,Completed,Attended,2025-06-15,70,Passed
5698,5166,1635,2026-04-14 10:00:00,Completed,Attended,2026-05-28,65,Failed
5699,5144,2036,2025-04-01 10:00:00,Completed,Attended,2025-04-13,84,Passed
5700,5039,1138,2025-12-22 10:00:00,Completed,Attended,2026-02-04,75,Passed
5701,5186,1845,2025-09-30 10:00:00,Completed,Attended,2025-10-25,60,Failed
5702,5026,1463,2026-02-18 10:00:00,Completed,Attended,2026-03-01,100,Passed
5703,5153,1201,2025-10-15 10:00:00,Completed,Attended,2025-10-25,61,Failed
5704,5113,1911,2025-02-04 10:00:00,Completed,Attended,2025-02-12,100,Passed
5705,5079,1805,2025-08-02 10:00:00,NoShow,Absent,,,NotAssessed
5706,5074,1167,2026-05-16 10:00:00,Cancelled,NotApplicable,,,NotAssessed
5707,5226,1140,2025-12-07 10:00:00,NoShow,Absent,,,NotAssessed
5708,5098,2060,2025-12-24 10:00:00,InProgress,Attended,,,NotAssessed
5709,5176,1666,2026-04-22 10:00:00,Completed,Attended,2026-05-16,81,Passed
5710,5045,1370,2026-04-07 10:00:00,Completed,Attended,2026-04-19,73,Passed
5711,5126,1523,2025-05-22 10:00:00,NoShow,Absent,,,NotAssessed
5712,5201,1760,2025-05-12 10:00:00,Completed,Attended,2025-07-06,91,Passed
5713,5080,1729,2026-03-08 10:00:00,InProgress,Attended,,,NotAssessed
5714,5054,1635,2025-10-17 10:00:00,NoShow,Absent,,,NotAssessed
5715,5243,1929,2025-06-24 10:00:00,Completed,Attended,2025-07-19,100,Passed
5716,5085,2097,2025-09-07 10:00:00,Completed,Attended,2025-10-14,87,Passed
5717,5021,1217,2025-07-13 10:00:00,Completed,Attended,2025-08-11,67,Failed
5718,5040,1059,2025-12-07 10:00:00,InProgress,Attended,,,NotAssessed
5719,5014,1133,2025-02-15 10:00:00,Completed,Attended,2025-04-01,59,Failed
5720,5020,1901,2026-02-11 10:00:00,Completed,Attended,2026-03-08,80,Passed
5721,5239,1730,2025-12-28 10:00:00,Completed,Attended,2026-01-16,71,Passed
5722,5141,1419,2025-04-10 10:00:00,Completed,Attended,2025-05-17,77,Passed
5723,5019,2031,2025-06-01 10:00:00,Completed,Attended,2025-06-14,65,Failed
5724,5240,1872,2025-04-20 10:00:00,Cancelled,NotApplicable,,,NotAssessed
5725,5033,1312,2025-04-06 10:00:00,Completed,Attended,2025-05-11,65,Failed
5726,5199,1196,2025-02-12 10:00:00,Completed,Attended,2025-03-30,78,Passed
5727,5028,1153,2026-01-15 10:00:00,Completed,Attended,2026-02-12,99,Passed
5728,5072,1766,2025-11-21 10:00:00,Completed,Attended,2025-12-22,81,Passed
5729,5036,1123,2026-04-19 10:00:00,Completed,Attended,2026-05-15,60,Failed
5730,5036,1858,2026-03-24 10:00:00,Completed,Attended,2026-05-15,83,Passed
5731,5045,1946,2026-02-23 10:00:00,Completed,Attended,2026-04-19,97,Passed
5732,5110,1233,2026-03-24 10:00:00,Completed,Attended,2026-05-08,77,Passed
5733,5002,1012,2025-02-28 10:00:00,Completed,Attended,2025-03-31,71,Passed
5734,5170,1010,2025-08-26 10:00:00,Completed,Attended,2025-09-19,56,Failed
5735,5243,1278,2025-06-04 10:00:00,Completed,Attended,2025-07-19,60,Failed
5736,5086,1963,2024-12-10 10:00:00,Completed,Attended,2025-01-12,97,Passed
5737,5227,1083,2025-02-22 10:00:00,Completed,Attended,2025-03-12,63,Failed
5738,5173,1326,2025-11-01 10:00:00,Completed,Attended,2025-11-29,85,Passed
5739,5132,1545,2025-03-07 10:00:00,Completed,Attended,2025-03-19,100,Passed
5740,5232,1030,2025-11-30 10:00:00,Completed,Attended,2026-01-17,77,Passed
5741,5196,1444,2025-06-16 10:00:00,Completed,Attended,2025-07-04,60,Failed
5742,5046,1792,2024-12-17 10:00:00,Completed,Attended,2025-01-24,70,Passed
5743,5192,1086,2025-06-28 10:00:00,Completed,Attended,2025-08-23,68,Failed
5744,5011,1288,2025-05-08 10:00:00,Completed,Attended,2025-06-03,83,Passed
5745,5091,1057,2025-10-21 10:00:00,Completed,Attended,2025-11-14,83,Passed
5746,5078,1496,2024-12-31 10:00:00,Completed,Attended,2025-02-10,80,Passed
5747,5147,1280,2025-03-10 10:00:00,Completed,Attended,2025-04-13,90,Passed
5748,5237,1951,2026-06-17 10:00:00,NoShow,Absent,,,NotAssessed
5749,5039,1130,2026-01-27 10:00:00,Completed,Attended,2026-02-04,80,Passed
5750,5014,1196,2025-03-01 10:00:00,Completed,Attended,2025-04-01,65,Failed
5751,5120,1926,2025-07-04 10:00:00,Completed,Attended,2025-07-20,61,Failed
5752,5118,1106,2025-02-26 10:00:00,Completed,Attended,2025-04-18,65,Failed
5753,5049,1329,2025-06-08 10:00:00,Completed,Attended,2025-07-05,89,Passed
5754,5245,1429,2025-01-03 10:00:00,Cancelled,NotApplicable,,,NotAssessed
5755,5222,1898,2025-06-27 10:00:00,Completed,Attended,2025-08-11,69,Failed
5756,5059,1559,2025-11-23 10:00:00,Completed,Attended,2025-12-01,75,Passed
5757,5002,1426,2025-02-14 10:00:00,Completed,Attended,2025-03-31,71,Passed
5758,5152,1609,2025-08-18 10:00:00,Completed,Attended,2025-10-08,54,Failed
5759,5030,1617,2026-07-19 10:00:00,Completed,Attended,2026-08-02,72,Passed
5760,5050,1526,2025-11-25 10:00:00,NoShow,Absent,,,NotAssessed
5761,5161,1117,2025-04-29 10:00:00,Completed,Attended,2025-06-01,74,Passed
5762,5103,1050,2025-08-31 10:00:00,Completed,Attended,2025-10-08,93,Passed
5763,5250,1948,2025-05-19 10:00:00,Completed,Attended,2025-06-28,88,Passed
5764,5081,1032,2025-02-08 10:00:00,Completed,Attended,2025-03-31,58,Failed
5765,5077,1307,2026-03-24 10:00:00,NoShow,Absent,,,NotAssessed
5766,5010,1918,2026-05-20 10:00:00,Completed,Attended,2026-07-05,68,Failed
5767,5133,1002,2026-02-25 10:00:00,Completed,Attended,2026-03-23,78,Passed
5768,5129,1119,2025-04-26 10:00:00,Completed,Attended,2025-05-27,77,Passed
5769,5220,2015,2026-03-22 10:00:00,Completed,Attended,2026-05-14,72,Passed
5770,5175,1153,2026-04-02 10:00:00,NoShow,Absent,,,NotAssessed
5771,5114,1966,2026-02-25 10:00:00,Completed,Attended,2026-04-09,70,Passed
5772,5118,1551,2025-03-14 10:00:00,Completed,Attended,2025-04-18,87,Passed
5773,5137,1810,2026-04-22 10:00:00,Completed,Attended,2026-05-24,93,Passed
5774,5077,1923,2026-04-25 10:00:00,Cancelled,NotApplicable,,,NotAssessed
5775,5040,2082,2025-11-25 10:00:00,Cancelled,NotApplicable,,,NotAssessed
5776,5114,1831,2026-02-25 10:00:00,NoShow,Absent,,,NotAssessed
5777,5077,1481,2026-04-26 10:00:00,Completed,Attended,2026-05-09,88,Passed
5778,5097,1077,2025-09-06 10:00:00,Completed,Attended,2025-10-24,90,Passed
5779,5122,1825,2025-01-20 10:00:00,Completed,Attended,2025-03-10,86,Passed
5780,5164,1954,2025-01-25 10:00:00,Completed,Attended,2025-03-12,80,Passed
5781,5069,1636,2024-11-16 10:00:00,Completed,Attended,2025-01-07,76,Passed
5782,5014,1289,2025-03-15 10:00:00,Completed,Attended,2025-04-01,67,Failed
5783,5057,1254,2025-12-04 10:00:00,InProgress,Attended,,,NotAssessed
5784,5151,1066,2026-01-02 10:00:00,Completed,Attended,2026-01-20,68,Failed
5785,5076,1618,2026-08-06 10:00:00,Completed,Attended,2026-08-25,80,Passed
5786,5103,1516,2025-08-30 10:00:00,Completed,Attended,2025-10-08,89,Passed
5787,5141,1632,2025-04-12 10:00:00,Completed,Attended,2025-05-17,100,Passed
5788,5204,1451,2026-02-25 10:00:00,Cancelled,NotApplicable,,,NotAssessed
5789,5004,1464,2025-02-07 10:00:00,Completed,Attended,2025-03-24,96,Passed
5790,5158,1800,2026-02-05 10:00:00,Completed,Attended,2026-02-23,81,Passed
5791,5047,2041,2025-11-11 10:00:00,InProgress,Attended,,,NotAssessed
5792,5015,1723,2026-02-28 10:00:00,Completed,Attended,2026-03-26,73,Passed
5793,5128,1434,2025-05-26 10:00:00,Completed,Attended,2025-06-26,65,Failed
5794,5103,1788,2025-09-22 10:00:00,Completed,Attended,2025-10-08,85,Passed
5795,5048,1391,2025-12-03 10:00:00,Completed,Attended,2025-12-24,77,Passed
5796,5085,1098,2025-09-21 10:00:00,Completed,Attended,2025-10-14,84,Passed
5797,5195,1626,2025-09-12 10:00:00,Completed,Attended,2025-10-25,70,Passed
5798,5004,1117,2025-03-11 10:00:00,Completed,Attended,2025-03-24,86,Passed
5799,5208,1514,2026-07-02 10:00:00,Completed,Attended,2026-08-09,99,Passed
5800,5113,1131,2025-01-06 10:00:00,Completed,Attended,2025-02-12,57,Failed
5801,5067,1093,2026-06-29 10:00:00,Completed,Attended,2026-07-21,75,Passed
5802,5175,1505,2026-03-13 10:00:00,Completed,Attended,2026-04-14,86,Passed
5803,5247,1799,2026-07-24 10:00:00,Completed,Attended,2026-08-18,87,Passed
5804,5229,1603,2026-03-22 10:00:00,Completed,Attended,2026-05-16,50,Failed
5805,5228,1756,2025-03-21 10:00:00,Cancelled,NotApplicable,,,NotAssessed
5806,5088,1073,2025-05-22 10:00:00,Completed,Attended,2025-06-23,66,Failed
5807,5005,1136,2025-04-03 10:00:00,Cancelled,NotApplicable,,,NotAssessed
5808,5101,1923,2025-03-05 10:00:00,Completed,Attended,2025-04-28,73,Passed
5809,5213,1795,2026-04-21 10:00:00,Cancelled,NotApplicable,,,NotAssessed
5810,5030,1894,2026-06-18 10:00:00,Completed,Attended,2026-08-02,61,Failed
5811,5135,1900,2025-11-26 10:00:00,Completed,Attended,2025-12-29,70,Passed
5812,5234,2096,2025-10-27 10:00:00,Completed,Attended,2025-11-16,71,Passed
5813,5165,1631,2025-01-18 10:00:00,Completed,Attended,2025-02-01,82,Passed
5814,5015,1792,2026-02-12 10:00:00,Completed,Attended,2026-03-26,74,Passed
5815,5112,1686,2025-09-29 10:00:00,Completed,Attended,2025-10-25,69,Failed
5816,5086,1254,2024-12-30 10:00:00,Completed,Attended,2025-01-12,79,Passed
5817,5228,1092,2025-04-14 10:00:00,Completed,Attended,2025-05-11,81,Passed
5818,5177,1450,2025-09-15 10:00:00,Completed,Attended,2025-10-19,77,Passed
5819,5038,1830,2026-04-19 10:00:00,Completed,Attended,2026-04-29,82,Passed
5820,5245,1866,2024-12-27 10:00:00,Completed,Attended,2025-02-19,79,Passed
5821,5145,1492,2026-07-02 10:00:00,Completed,Attended,2026-08-13,73,Passed
5822,5059,1585,2025-11-20 10:00:00,Completed,Attended,2025-12-01,91,Passed
5823,5067,1134,2026-06-26 10:00:00,Completed,Attended,2026-07-21,59,Failed
5824,5066,1572,2026-02-27 10:00:00,InProgress,Attended,,,NotAssessed
5825,5034,1154,2025-02-24 10:00:00,Completed,Attended,2025-03-19,79,Passed
5826,5112,2006,2025-09-07 10:00:00,Completed,Attended,2025-10-25,89,Passed
5827,5245,1932,2025-01-16 10:00:00,Completed,Attended,2025-02-19,72,Passed
5828,5114,1381,2026-03-01 10:00:00,Completed,Attended,2026-04-09,81,Passed
5829,5085,1209,2025-09-29 10:00:00,Completed,Attended,2025-10-14,81,Passed
5830,5134,1942,2025-06-10 10:00:00,Completed,Attended,2025-07-02,72,Passed
5831,5218,2091,2025-10-29 10:00:00,Completed,Attended,2025-12-02,78,Passed
5832,5190,1950,2025-07-05 10:00:00,Completed,Attended,2025-08-24,84,Passed
5833,5069,1316,2024-12-25 10:00:00,Completed,Attended,2025-01-07,76,Passed
5834,5219,1893,2025-10-15 10:00:00,Completed,Attended,2025-11-24,60,Failed
5835,5157,1352,2026-01-29 10:00:00,Completed,Attended,2026-02-13,63,Failed
5836,5075,1954,2026-06-04 10:00:00,Completed,Attended,2026-07-16,93,Passed
5837,5204,1973,2026-03-01 10:00:00,Completed,Attended,2026-03-11,70,Passed
5838,5152,1384,2025-08-31 10:00:00,Completed,Attended,2025-10-08,62,Failed
5839,5045,1676,2026-03-24 10:00:00,Completed,Attended,2026-04-19,88,Passed
5840,5044,1515,2025-04-29 10:00:00,Completed,Attended,2025-05-20,88,Passed
5841,5024,1819,2025-09-20 10:00:00,Completed,Attended,2025-11-13,78,Passed
5842,5240,1950,2025-04-21 10:00:00,Completed,Attended,2025-05-15,84,Passed
5843,5052,1643,2024-11-27 10:00:00,Completed,Attended,2025-01-14,79,Passed
5844,5015,1097,2026-02-06 10:00:00,Cancelled,NotApplicable,,,NotAssessed
5845,5053,1961,2025-05-19 10:00:00,Completed,Attended,2025-06-18,84,Passed
5846,5026,1903,2026-01-29 10:00:00,Completed,Attended,2026-03-01,84,Passed
5847,5079,1657,2025-07-13 10:00:00,Completed,Attended,2025-08-27,82,Passed
5848,5010,1362,2026-06-03 10:00:00,NoShow,Absent,,,NotAssessed
5849,5102,1938,2026-02-08 10:00:00,Completed,Attended,2026-03-25,76,Passed
5850,5235,1254,2025-12-27 10:00:00,Completed,Attended,2026-01-13,73,Passed
5851,5157,1773,2026-01-15 10:00:00,InProgress,Attended,,,NotAssessed
5852,5170,1149,2025-08-22 10:00:00,Completed,Attended,2025-09-19,68,Failed
5853,5006,1351,2025-07-17 10:00:00,Completed,Attended,2025-08-30,82,Passed
5854,5191,1631,2025-08-19 10:00:00,Completed,Attended,2025-09-22,63,Failed
5855,5074,1076,2026-05-09 10:00:00,Completed,Attended,2026-06-26,71,Passed
5856,5087,1776,2025-12-21 10:00:00,Completed,Attended,2026-01-20,90,Passed
5857,5126,1906,2025-05-20 10:00:00,InProgress,Attended,,,NotAssessed
5858,5242,1224,2025-02-10 10:00:00,Completed,Attended,2025-02-19,75,Passed
5859,5247,1384,2026-07-18 10:00:00,Completed,Attended,2026-08-18,93,Passed
5860,5002,1053,2025-02-21 10:00:00,NoShow,Absent,,,NotAssessed
5861,5021,1359,2025-07-11 10:00:00,Completed,Attended,2025-08-11,81,Passed
5862,5135,1876,2025-12-10 10:00:00,Completed,Attended,2025-12-29,69,Failed
5863,5193,1858,2026-06-21 10:00:00,Completed,Attended,2026-07-13,97,Passed
5864,5168,1639,2025-06-24 10:00:00,InProgress,Attended,,,NotAssessed
5865,5173,1792,2025-11-07 10:00:00,NoShow,Absent,,,NotAssessed
5866,5028,1038,2026-01-08 10:00:00,NoShow,Absent,,,NotAssessed
5867,5087,2064,2026-01-01 10:00:00,Cancelled,NotApplicable,,,NotAssessed
5868,5154,1443,2025-08-24 10:00:00,InProgress,Attended,,,NotAssessed
5869,5246,1146,2026-04-24 10:00:00,Completed,Attended,2026-06-15,81,Passed
5870,5223,1731,2025-09-23 10:00:00,Completed,Attended,2025-11-14,89,Passed
5871,5154,1694,2025-07-25 10:00:00,Completed,Attended,2025-09-19,84,Passed
5872,5088,1216,2025-06-12 10:00:00,Completed,Attended,2025-06-23,75,Passed
5873,5069,1337,2024-12-16 10:00:00,Completed,Attended,2025-01-07,81,Passed
5874,5034,1599,2025-01-24 10:00:00,Completed,Attended,2025-03-19,97,Passed
5875,5145,1107,2026-07-07 10:00:00,Completed,Attended,2026-08-13,79,Passed
5876,5189,1028,2025-10-14 10:00:00,Completed,Attended,2025-11-11,59,Failed
5877,5096,1327,2025-04-16 10:00:00,Completed,Attended,2025-05-01,67,Failed
5878,5215,1928,2026-01-22 10:00:00,InProgress,Attended,,,NotAssessed
5879,5135,1929,2025-11-18 10:00:00,Completed,Attended,2025-12-29,78,Passed
5880,5102,1674,2026-02-06 10:00:00,Completed,Attended,2026-03-25,59,Failed
5881,5075,1138,2026-05-26 10:00:00,Completed,Attended,2026-07-16,76,Passed
5882,5047,2087,2025-10-02 10:00:00,Completed,Attended,2025-11-27,93,Passed
5883,5205,1363,2025-10-10 10:00:00,Completed,Attended,2025-11-04,65,Failed
5884,5033,1571,2025-04-23 10:00:00,Completed,Attended,2025-05-11,71,Passed
5885,5174,1820,2025-09-05 10:00:00,InProgress,Attended,,,NotAssessed
5886,5151,1441,2026-01-03 10:00:00,Completed,Attended,2026-01-20,56,Failed
5887,5164,1870,2025-02-07 10:00:00,Completed,Attended,2025-03-12,74,Passed
5888,5171,1740,2026-08-14 10:00:00,Completed,Attended,2026-08-29,98,Passed
5889,5233,1556,2025-04-09 10:00:00,Completed,Attended,2025-05-07,79,Passed
5890,5041,1538,2025-11-18 10:00:00,Completed,Attended,2026-01-05,88,Passed
5891,5147,1102,2025-03-08 10:00:00,Completed,Attended,2025-04-13,95,Passed
5892,5017,1387,2025-04-10 10:00:00,Completed,Attended,2025-05-05,90,Passed
5893,5082,1920,2025-05-23 10:00:00,Cancelled,NotApplicable,,,NotAssessed
5894,5098,1435,2026-01-18 10:00:00,Completed,Attended,2026-02-16,91,Passed
5895,5131,1190,2026-04-10 10:00:00,Completed,Attended,2026-04-28,73,Passed
5896,5093,1102,2025-06-06 10:00:00,Cancelled,NotApplicable,,,NotAssessed
5897,5056,1782,2026-02-22 10:00:00,Completed,Attended,2026-04-04,73,Passed
5898,5139,1493,2026-07-02 10:00:00,Completed,Attended,2026-08-21,65,Failed
5899,5188,1138,2026-07-01 10:00:00,Completed,Attended,2026-08-10,89,Passed
5900,5132,1352,2025-01-31 10:00:00,Completed,Attended,2025-03-19,80,Passed
5901,5122,1708,2025-01-24 10:00:00,Completed,Attended,2025-03-10,66,Failed
5902,5156,1795,2025-05-24 10:00:00,Completed,Attended,2025-07-16,82,Passed
5903,5060,1392,2025-06-12 10:00:00,InProgress,Attended,,,NotAssessed
5904,5039,1208,2025-12-10 10:00:00,Completed,Attended,2026-02-04,70,Passed
5905,5006,1722,2025-07-25 10:00:00,Completed,Attended,2025-08-30,92,Passed
5906,5042,1975,2026-03-10 10:00:00,InProgress,Attended,,,NotAssessed
5907,5152,1274,2025-08-30 10:00:00,Completed,Attended,2025-10-08,46,Failed
5908,5023,2076,2025-02-25 10:00:00,Completed,Attended,2025-03-22,77,Passed
5909,5177,1190,2025-09-29 10:00:00,Completed,Attended,2025-10-19,75,Passed
5910,5016,1305,2025-01-19 10:00:00,NoShow,Absent,,,NotAssessed
5911,5036,1389,2026-03-29 10:00:00,Completed,Attended,2026-05-15,69,Failed
5912,5113,1274,2025-01-07 10:00:00,Completed,Attended,2025-02-12,82,Passed
5913,5199,2076,2025-03-01 10:00:00,Completed,Attended,2025-03-30,86,Passed
5914,5113,1818,2025-01-21 10:00:00,Completed,Attended,2025-02-12,71,Passed
5915,5033,1606,2025-04-04 10:00:00,Completed,Attended,2025-05-11,67,Failed
5916,5159,1967,2025-07-14 10:00:00,Completed,Attended,2025-09-09,81,Passed
5917,5085,1930,2025-09-19 10:00:00,Completed,Attended,2025-10-14,47,Failed
5918,5085,2069,2025-09-22 10:00:00,Completed,Attended,2025-10-14,70,Passed
5919,5114,1097,2026-02-13 10:00:00,Completed,Attended,2026-04-09,87,Passed
5920,5065,1007,2025-10-30 10:00:00,NoShow,Absent,,,NotAssessed
5921,5053,1002,2025-05-22 10:00:00,Completed,Attended,2025-06-18,80,Passed
5922,5178,1274,2025-08-20 10:00:00,Completed,Attended,2025-09-26,70,Passed
5923,5089,1746,2025-06-05 10:00:00,Completed,Attended,2025-07-13,84,Passed
5924,5188,1951,2026-07-24 10:00:00,Completed,Attended,2026-08-10,86,Passed
5925,5236,1145,2025-10-10 10:00:00,Completed,Attended,2025-11-29,58,Failed
5926,5136,1287,2025-04-02 10:00:00,Completed,Attended,2025-05-09,70,Passed
5927,5193,1202,2026-06-21 10:00:00,Completed,Attended,2026-07-13,76,Passed
5928,5216,1660,2025-12-10 10:00:00,Completed,Attended,2026-02-02,85,Passed
5929,5068,1165,2025-05-05 10:00:00,Completed,Attended,2025-05-28,65,Failed
5930,5145,1803,2026-07-03 10:00:00,Completed,Attended,2026-08-13,44,Failed
5931,5023,1405,2025-01-29 10:00:00,Completed,Attended,2025-03-22,99,Passed
5932,5213,1375,2026-04-07 10:00:00,Completed,Attended,2026-06-03,84,Passed
5933,5123,1375,2025-05-19 10:00:00,Completed,Attended,2025-07-03,58,Failed
5934,5130,2072,2026-05-11 10:00:00,Completed,Attended,2026-05-21,80,Passed
5935,5216,1927,2025-12-19 10:00:00,Completed,Attended,2026-02-02,78,Passed
5936,5098,1304,2026-02-08 10:00:00,Completed,Attended,2026-02-16,81,Passed
5937,5243,1785,2025-07-02 10:00:00,NoShow,Absent,,,NotAssessed
5938,5054,1235,2025-09-20 10:00:00,Completed,Attended,2025-11-05,86,Passed
5939,5130,1906,2026-04-11 10:00:00,Completed,Attended,2026-05-21,67,Failed
5940,5224,1549,2025-06-10 10:00:00,Completed,Attended,2025-07-12,71,Passed
5941,5019,2008,2025-05-05 10:00:00,Completed,Attended,2025-06-14,99,Passed
5942,5021,1714,2025-07-13 10:00:00,Completed,Attended,2025-08-11,80,Passed
5943,5069,1617,2024-12-07 10:00:00,Completed,Attended,2025-01-07,67,Failed
5944,5207,1704,2025-12-18 10:00:00,Completed,Attended,2026-01-15,61,Failed
5945,5198,1589,2025-02-19 10:00:00,Completed,Attended,2025-04-15,70,Passed
5946,5198,1252,2025-04-07 10:00:00,Completed,Attended,2025-04-15,87,Passed
5947,5014,1834,2025-03-11 10:00:00,Completed,Attended,2025-04-01,95,Passed
5948,5133,1961,2026-02-27 10:00:00,Completed,Attended,2026-03-23,76,Passed
5949,5207,1214,2025-12-14 10:00:00,Completed,Attended,2026-01-15,76,Passed
5950,5190,1463,2025-08-06 10:00:00,Cancelled,NotApplicable,,,NotAssessed
5951,5144,1712,2025-02-28 10:00:00,Completed,Attended,2025-04-13,75,Passed
5952,5203,1938,2025-11-08 10:00:00,Completed,Attended,2025-11-18,82,Passed
5953,5097,1234,2025-09-30 10:00:00,Completed,Attended,2025-10-24,71,Passed
5954,5114,1521,2026-02-16 10:00:00,InProgress,Attended,,,NotAssessed
5955,5094,1587,2026-02-06 10:00:00,Completed,Attended,2026-03-29,80,Passed
5956,5154,1753,2025-08-31 10:00:00,Completed,Attended,2025-09-19,59,Failed
5957,5136,1720,2025-03-26 10:00:00,Completed,Attended,2025-05-09,85,Passed
5958,5047,1858,2025-10-06 10:00:00,Completed,Attended,2025-11-27,84,Passed
5959,5162,1477,2025-09-24 10:00:00,Completed,Attended,2025-11-05,86,Passed
5960,5222,1158,2025-07-20 10:00:00,Completed,Attended,2025-08-11,92,Passed
5961,5009,1888,2025-10-07 10:00:00,Completed,Attended,2025-10-30,72,Passed
5962,5226,1126,2025-12-21 10:00:00,Cancelled,NotApplicable,,,NotAssessed
5963,5042,1269,2026-03-25 10:00:00,Completed,Attended,2026-05-02,91,Passed
5964,5081,1361,2025-02-26 10:00:00,Completed,Attended,2025-03-31,74,Passed
5965,5029,1495,2025-08-09 10:00:00,Completed,Attended,2025-09-26,75,Passed
5966,5059,1916,2025-11-24 10:00:00,Completed,Attended,2025-12-01,75,Passed
5967,5210,1623,2025-08-29 10:00:00,Completed,Attended,2025-10-01,69,Failed
5968,5042,1651,2026-03-22 10:00:00,Completed,Attended,2026-05-02,80,Passed
5969,5178,1391,2025-08-10 10:00:00,Completed,Attended,2025-09-26,88,Passed
5970,5214,1897,2025-08-17 10:00:00,Completed,Attended,2025-10-02,97,Passed
5971,5162,1746,2025-10-11 10:00:00,InProgress,Attended,,,NotAssessed
5972,5079,1846,2025-08-15 10:00:00,Completed,Attended,2025-08-27,61,Failed
5973,5087,1059,2026-01-11 10:00:00,Completed,Attended,2026-01-20,66,Failed
5974,5245,1117,2024-12-31 10:00:00,Completed,Attended,2025-02-19,71,Passed
5975,5218,1166,2025-11-22 10:00:00,Completed,Attended,2025-12-02,72,Passed
5976,5050,1583,2025-12-15 10:00:00,Completed,Attended,2026-01-01,67,Failed
5977,5138,1092,2025-07-03 10:00:00,Completed,Attended,2025-07-15,57,Failed
5978,5226,1674,2025-11-09 10:00:00,Completed,Attended,2026-01-02,77,Passed
5979,5122,1924,2025-02-27 10:00:00,Completed,Attended,2025-03-10,96,Passed
5980,5100,1712,2025-07-11 10:00:00,Completed,Attended,2025-08-26,93,Passed
5981,5096,2088,2025-03-20 10:00:00,Completed,Attended,2025-05-01,85,Passed
5982,5204,1874,2026-02-18 10:00:00,Completed,Attended,2026-03-11,94,Passed
5983,5176,1026,2026-04-01 10:00:00,Completed,Attended,2026-05-16,92,Passed
5984,5207,1546,2026-01-02 10:00:00,Completed,Attended,2026-01-15,66,Failed
5985,5200,1784,2025-02-18 10:00:00,Completed,Attended,2025-03-09,71,Passed
5986,5007,1605,2025-12-17 10:00:00,Completed,Attended,2026-01-12,72,Passed
5987,5006,1073,2025-08-18 10:00:00,Completed,Attended,2025-08-30,62,Failed
5988,5122,1431,2025-02-08 10:00:00,Completed,Attended,2025-03-10,96,Passed
5989,5172,1649,2025-10-20 10:00:00,InProgress,Attended,,,NotAssessed
5990,5113,1824,2025-01-02 10:00:00,Completed,Attended,2025-02-12,78,Passed
5991,5007,1629,2025-12-18 10:00:00,Completed,Attended,2026-01-12,83,Passed
5992,5172,1767,2025-11-12 10:00:00,Completed,Attended,2025-11-28,71,Passed
5993,5200,1912,2025-02-09 10:00:00,Completed,Attended,2025-03-09,80,Passed
5994,5111,1753,2025-10-24 10:00:00,Completed,Attended,2025-12-09,57,Failed
5995,5022,1671,2026-07-26 10:00:00,Completed,Attended,2026-08-04,59,Failed
5996,5211,1016,2026-07-26 10:00:00,Completed,Attended,2026-08-30,55,Failed
5997,5036,1561,2026-05-05 10:00:00,NoShow,Absent,,,NotAssessed
5998,5236,1756,2025-10-27 10:00:00,Completed,Attended,2025-11-29,77,Passed
5999,5226,1137,2025-11-15 10:00:00,Completed,Attended,2026-01-02,92,Passed
6000,5121,1637,2026-06-10 10:00:00,NoShow,Absent,,,NotAssessed
6001,5244,1429,2025-04-08 10:00:00,Completed,Attended,2025-05-26,100,Passed
6002,5088,1564,2025-05-02 10:00:00,Completed,Attended,2025-06-23,65,Failed
6003,5164,1114,2025-02-28 10:00:00,Completed,Attended,2025-03-12,79,Passed
6004,5077,1943,2026-04-24 10:00:00,Completed,Attended,2026-05-09,84,Passed
6005,5143,1256,2026-03-15 10:00:00,Cancelled,NotApplicable,,,NotAssessed
6006,5161,1745,2025-04-13 10:00:00,Completed,Attended,2025-06-01,86,Passed
6007,5065,1425,2025-10-22 10:00:00,NoShow,Absent,,,NotAssessed
6008,5243,1817,2025-05-28 10:00:00,NoShow,Absent,,,NotAssessed
6009,5246,1851,2026-04-27 10:00:00,Completed,Attended,2026-06-15,83,Passed
6010,5199,1408,2025-02-25 10:00:00,Completed,Attended,2025-03-30,83,Passed
6011,5103,1252,2025-08-29 10:00:00,NoShow,Absent,,,NotAssessed
6012,5054,1982,2025-09-28 10:00:00,Completed,Attended,2025-11-05,88,Passed
6013,5073,1611,2025-11-21 10:00:00,Completed,Attended,2026-01-08,84,Passed
6014,5164,1937,2025-01-14 10:00:00,InProgress,Attended,,,NotAssessed
6015,5096,1227,2025-03-27 10:00:00,Completed,Attended,2025-05-01,70,Passed
6016,5120,1917,2025-07-09 10:00:00,Completed,Attended,2025-07-20,78,Passed
6017,5020,1695,2026-02-20 10:00:00,Completed,Attended,2026-03-08,76,Passed
6018,5178,1332,2025-08-20 10:00:00,Completed,Attended,2025-09-26,81,Passed
6019,5189,1076,2025-10-08 10:00:00,Completed,Attended,2025-11-11,65,Failed
6020,5233,1466,2025-04-27 10:00:00,Completed,Attended,2025-05-07,64,Failed
6021,5245,1401,2025-01-10 10:00:00,Completed,Attended,2025-02-19,82,Passed
6022,5104,1075,2025-09-01 10:00:00,Completed,Attended,2025-10-26,81,Passed
6023,5230,1090,2026-06-28 10:00:00,Completed,Attended,2026-07-17,67,Failed
6024,5007,1182,2025-12-10 10:00:00,Cancelled,NotApplicable,,,NotAssessed
6025,5244,1243,2025-05-05 10:00:00,Completed,Attended,2025-05-26,84,Passed
6026,5066,2096,2026-02-25 10:00:00,Completed,Attended,2026-03-17,82,Passed
6027,5173,1917,2025-11-13 10:00:00,Completed,Attended,2025-11-29,68,Failed
6028,5024,1590,2025-09-20 10:00:00,Completed,Attended,2025-11-13,92,Passed
6029,5009,1891,2025-10-20 10:00:00,Completed,Attended,2025-10-30,75,Passed
6030,5095,1742,2025-04-02 10:00:00,Completed,Attended,2025-05-03,81,Passed
6031,5133,1097,2026-03-11 10:00:00,Completed,Attended,2026-03-23,68,Failed
6032,5242,1450,2025-01-05 10:00:00,Completed,Attended,2025-02-19,90,Passed
6033,5167,1203,2025-10-03 10:00:00,Completed,Attended,2025-10-26,80,Passed
6034,5119,1270,2025-07-24 10:00:00,Completed,Attended,2025-08-19,73,Passed
6035,5248,2061,2025-10-15 10:00:00,Completed,Attended,2025-11-07,78,Passed
6036,5226,1388,2025-11-19 10:00:00,Completed,Attended,2026-01-02,58,Failed
6037,5025,1093,2026-01-10 10:00:00,Completed,Attended,2026-03-01,99,Passed
6038,5151,1435,2025-12-07 10:00:00,Completed,Attended,2026-01-20,85,Passed
6039,5053,1571,2025-05-09 10:00:00,Completed,Attended,2025-06-18,92,Passed
6040,5028,1219,2026-01-20 10:00:00,Completed,Attended,2026-02-12,96,Passed
6041,5144,1033,2025-04-02 10:00:00,Completed,Attended,2025-04-13,69,Failed
6042,5210,1368,2025-08-27 10:00:00,Completed,Attended,2025-10-01,68,Failed
6043,5160,1444,2025-11-19 10:00:00,Completed,Attended,2026-01-08,86,Passed
6044,5239,1193,2026-01-06 10:00:00,Completed,Attended,2026-01-16,80,Passed
6045,5122,2051,2025-01-30 10:00:00,Completed,Attended,2025-03-10,98,Passed
6046,5091,1433,2025-10-02 10:00:00,Completed,Attended,2025-11-14,74,Passed
6047,5024,2023,2025-09-24 10:00:00,Cancelled,NotApplicable,,,NotAssessed
6048,5036,1789,2026-04-07 10:00:00,Completed,Attended,2026-05-15,84,Passed
6049,5191,1692,2025-08-07 10:00:00,Completed,Attended,2025-09-22,59,Failed
6050,5169,2055,2025-11-09 10:00:00,Completed,Attended,2025-12-13,91,Passed
6051,5145,1574,2026-06-18 10:00:00,Completed,Attended,2026-08-13,70,Passed
6052,5035,1393,2025-02-06 10:00:00,Completed,Attended,2025-03-21,82,Passed
6053,5009,1339,2025-10-03 10:00:00,Completed,Attended,2025-10-30,80,Passed
6054,5114,1641,2026-03-19 10:00:00,Completed,Attended,2026-04-09,77,Passed
6055,5120,1483,2025-06-17 10:00:00,Completed,Attended,2025-07-20,87,Passed
6056,5160,1941,2025-11-16 10:00:00,Completed,Attended,2026-01-08,66,Failed
6057,5213,1569,2026-05-22 10:00:00,Completed,Attended,2026-06-03,86,Passed
6058,5188,1642,2026-08-01 10:00:00,Cancelled,NotApplicable,,,NotAssessed
6059,5228,1742,2025-03-22 10:00:00,Completed,Attended,2025-05-11,83,Passed
6060,5246,1195,2026-06-01 10:00:00,Completed,Attended,2026-06-15,80,Passed
6061,5173,2095,2025-11-02 10:00:00,Completed,Attended,2025-11-29,80,Passed
6062,5171,1988,2026-07-15 10:00:00,Completed,Attended,2026-08-29,72,Passed
6063,5211,1762,2026-07-17 10:00:00,InProgress,Attended,,,NotAssessed
6064,5135,1492,2025-11-16 10:00:00,Completed,Attended,2025-12-29,57,Failed
6065,5186,1336,2025-10-09 10:00:00,Completed,Attended,2025-10-25,57,Failed
6066,5169,1990,2025-11-13 10:00:00,Completed,Attended,2025-12-13,50,Failed
6067,5213,1071,2026-05-01 10:00:00,Completed,Attended,2026-06-03,97,Passed
6068,5167,1724,2025-10-04 10:00:00,Completed,Attended,2025-10-26,69,Failed
6069,5212,1853,2025-10-03 10:00:00,Completed,Attended,2025-11-22,86,Passed
6070,5050,1142,2025-11-16 10:00:00,Completed,Attended,2026-01-01,96,Passed
6071,5140,1227,2025-09-07 10:00:00,Completed,Attended,2025-10-08,82,Passed
6072,5099,1545,2025-07-24 10:00:00,Cancelled,NotApplicable,,,NotAssessed
6073,5218,1923,2025-10-18 10:00:00,Completed,Attended,2025-12-02,71,Passed
6074,5018,1560,2025-02-12 10:00:00,Completed,Attended,2025-03-12,79,Passed
6075,5095,1098,2025-04-04 10:00:00,NoShow,Absent,,,NotAssessed
6076,5053,1742,2025-06-04 10:00:00,Completed,Attended,2025-06-18,79,Passed
6077,5128,1521,2025-06-13 10:00:00,Completed,Attended,2025-06-26,56,Failed
6078,5031,1050,2025-01-28 10:00:00,Completed,Attended,2025-02-08,72,Passed
6079,5161,1057,2025-05-16 10:00:00,Completed,Attended,2025-06-01,74,Passed
6080,5005,1504,2025-04-11 10:00:00,Completed,Attended,2025-04-25,62,Failed
6081,5080,1308,2026-03-28 10:00:00,Completed,Attended,2026-04-24,80,Passed
6082,5054,1085,2025-10-19 10:00:00,Completed,Attended,2025-11-05,72,Passed
6083,5198,1876,2025-04-02 10:00:00,Completed,Attended,2025-04-15,46,Failed
6084,5052,1524,2025-01-03 10:00:00,NoShow,Absent,,,NotAssessed
6085,5230,1270,2026-06-10 10:00:00,Completed,Attended,2026-07-17,90,Passed
6086,5102,1355,2026-02-23 10:00:00,NoShow,Absent,,,NotAssessed
6087,5110,1397,2026-04-04 10:00:00,Completed,Attended,2026-05-08,82,Passed
6088,5130,1984,2026-03-27 10:00:00,Completed,Attended,2026-05-21,93,Passed
6089,5014,1934,2025-02-04 10:00:00,Completed,Attended,2025-04-01,74,Passed
6090,5074,1212,2026-05-21 10:00:00,Completed,Attended,2026-06-26,75,Passed
6091,5235,1646,2026-01-05 10:00:00,Completed,Attended,2026-01-13,84,Passed
6092,5007,1880,2025-12-23 10:00:00,Completed,Attended,2026-01-12,71,Passed
6093,5124,1354,2025-08-26 10:00:00,Completed,Attended,2025-09-28,66,Failed
6094,5113,1499,2025-02-03 10:00:00,Completed,Attended,2025-02-12,63,Failed
6095,5017,1500,2025-03-18 10:00:00,Completed,Attended,2025-05-05,79,Passed
6096,5204,1593,2026-03-03 10:00:00,Cancelled,NotApplicable,,,NotAssessed
6097,5236,1676,2025-11-05 10:00:00,Completed,Attended,2025-11-29,84,Passed
6098,5171,1468,2026-07-12 10:00:00,Completed,Attended,2026-08-29,64,Failed
6099,5086,1954,2024-12-23 10:00:00,Completed,Attended,2025-01-12,96,Passed
6100,5011,1385,2025-04-15 10:00:00,Completed,Attended,2025-06-03,71,Passed
6101,5235,1902,2025-12-10 10:00:00,Completed,Attended,2026-01-13,75,Passed
6102,5049,2057,2025-06-10 10:00:00,Completed,Attended,2025-07-05,71,Passed
6103,5092,1269,2025-11-30 10:00:00,Completed,Attended,2026-01-04,70,Passed
6104,5049,1526,2025-06-11 10:00:00,Completed,Attended,2025-07-05,88,Passed
6105,5021,1334,2025-07-09 10:00:00,NoShow,Absent,,,NotAssessed
6106,5124,1521,2025-08-29 10:00:00,Completed,Attended,2025-09-28,79,Passed
6107,5044,1152,2025-04-02 10:00:00,Completed,Attended,2025-05-20,75,Passed
6108,5114,1900,2026-02-25 10:00:00,Completed,Attended,2026-04-09,82,Passed
6109,5180,1602,2025-12-16 10:00:00,Completed,Attended,2026-01-25,78,Passed
6110,5088,1811,2025-04-30 10:00:00,NoShow,Absent,,,NotAssessed
6111,5127,2078,2025-03-25 10:00:00,Completed,Attended,2025-04-03,79,Passed
6112,5037,1686,2025-09-03 10:00:00,Completed,Attended,2025-10-24,61,Failed
6113,5161,1754,2025-05-06 10:00:00,Completed,Attended,2025-06-01,65,Failed
6114,5067,1944,2026-06-27 10:00:00,Completed,Attended,2026-07-21,90,Passed
6115,5207,2062,2025-12-23 10:00:00,Completed,Attended,2026-01-15,100,Passed
6116,5152,1278,2025-09-28 10:00:00,Completed,Attended,2025-10-08,74,Passed
6117,5016,1087,2024-12-28 10:00:00,Completed,Attended,2025-01-28,75,Passed
6118,5041,1265,2025-11-18 10:00:00,Cancelled,NotApplicable,,,NotAssessed
6119,5016,1676,2024-12-12 10:00:00,Completed,Attended,2025-01-28,93,Passed
6120,5090,2039,2025-03-22 10:00:00,Completed,Attended,2025-03-30,90,Passed
6121,5047,1615,2025-10-08 10:00:00,NoShow,Absent,,,NotAssessed
6122,5023,1992,2025-02-01 10:00:00,InProgress,Attended,,,NotAssessed
6123,5113,1570,2025-01-18 10:00:00,Completed,Attended,2025-02-12,82,Passed
6124,5064,1655,2025-03-18 10:00:00,Completed,Attended,2025-04-09,68,Failed
6125,5069,1949,2024-12-26 10:00:00,Completed,Attended,2025-01-07,81,Passed
6126,5211,1845,2026-07-28 10:00:00,Completed,Attended,2026-08-30,83,Passed
6127,5049,2055,2025-06-14 10:00:00,Completed,Attended,2025-07-05,73,Passed
6128,5238,2087,2025-03-29 10:00:00,Completed,Attended,2025-05-17,87,Passed
6129,5006,1017,2025-07-28 10:00:00,Completed,Attended,2025-08-30,99,Passed
6130,5011,1812,2025-05-24 10:00:00,Completed,Attended,2025-06-03,81,Passed
6131,5072,1342,2025-12-07 10:00:00,Completed,Attended,2025-12-22,71,Passed
6132,5196,1514,2025-05-15 10:00:00,Completed,Attended,2025-07-04,74,Passed
6133,5031,1026,2025-01-10 10:00:00,Completed,Attended,2025-02-08,75,Passed
6134,5078,1523,2025-01-19 10:00:00,Completed,Attended,2025-02-10,77,Passed
6135,5249,1664,2025-01-03 10:00:00,Completed,Attended,2025-02-12,62,Failed
6136,5133,1127,2026-02-08 10:00:00,Completed,Attended,2026-03-23,61,Failed
6137,5021,2049,2025-06-16 10:00:00,Completed,Attended,2025-08-11,81,Passed
6138,5247,1778,2026-07-02 10:00:00,Completed,Attended,2026-08-18,82,Passed
6139,5050,1883,2025-11-20 10:00:00,Completed,Attended,2026-01-01,60,Failed
6140,5020,1250,2026-01-28 10:00:00,Completed,Attended,2026-03-08,77,Passed
6141,5022,1949,2026-07-05 10:00:00,Completed,Attended,2026-08-04,88,Passed
6142,5167,1440,2025-09-04 10:00:00,Completed,Attended,2025-10-26,75,Passed
6143,5037,1026,2025-09-16 10:00:00,Completed,Attended,2025-10-24,63,Failed
6144,5075,1655,2026-05-25 10:00:00,Completed,Attended,2026-07-16,75,Passed
6145,5066,1054,2026-02-23 10:00:00,Completed,Attended,2026-03-17,82,Passed
6146,5248,1246,2025-09-13 10:00:00,Completed,Attended,2025-11-07,82,Passed
6147,5247,1966,2026-07-22 10:00:00,InProgress,Attended,,,NotAssessed
6148,5238,1674,2025-04-03 10:00:00,InProgress,Attended,,,NotAssessed
6149,5008,1935,2025-11-04 10:00:00,NoShow,Absent,,,NotAssessed
6150,5011,1500,2025-04-25 10:00:00,Completed,Attended,2025-06-03,96,Passed
6151,5164,1527,2025-02-25 10:00:00,Cancelled,NotApplicable,,,NotAssessed
6152,5246,1764,2026-05-22 10:00:00,Completed,Attended,2026-06-15,69,Failed
6153,5198,1666,2025-03-19 10:00:00,Completed,Attended,2025-04-15,72,Passed
6154,5022,2046,2026-06-29 10:00:00,Completed,Attended,2026-08-04,67,Failed
6155,5172,1668,2025-11-13 10:00:00,Completed,Attended,2025-11-28,75,Passed
6156,5208,1155,2026-07-18 10:00:00,Completed,Attended,2026-08-09,35,Failed
6157,5198,1069,2025-03-01 10:00:00,Completed,Attended,2025-04-15,74,Passed
6158,5016,1821,2025-01-07 10:00:00,Completed,Attended,2025-01-28,64,Failed
6159,5084,1718,2026-05-16 10:00:00,Completed,Attended,2026-07-09,72,Passed
6160,5081,1109,2025-02-18 10:00:00,Completed,Attended,2025-03-31,63,Failed
6161,5082,1372,2025-05-31 10:00:00,InProgress,Attended,,,NotAssessed
6162,5102,1622,2026-03-09 10:00:00,Cancelled,NotApplicable,,,NotAssessed
6163,5025,1916,2026-01-04 10:00:00,Completed,Attended,2026-03-01,53,Failed
6164,5146,1636,2025-07-02 10:00:00,Completed,Attended,2025-08-04,100,Passed
6165,5231,1661,2025-03-07 10:00:00,Completed,Attended,2025-04-30,86,Passed
6166,5151,1505,2026-01-08 10:00:00,Completed,Attended,2026-01-20,76,Passed
6167,5136,1711,2025-04-05 10:00:00,Completed,Attended,2025-05-09,74,Passed
6168,5135,1937,2025-11-03 10:00:00,Completed,Attended,2025-12-29,73,Passed
6169,5077,2006,2026-04-20 10:00:00,Completed,Attended,2026-05-09,89,Passed
6170,5114,1007,2026-03-11 10:00:00,Completed,Attended,2026-04-09,64,Failed
6171,5226,1041,2025-12-04 10:00:00,Completed,Attended,2026-01-02,69,Failed
6172,5176,1524,2026-04-20 10:00:00,Completed,Attended,2026-05-16,74,Passed
6173,5067,1275,2026-07-13 10:00:00,Completed,Attended,2026-07-21,65,Failed
6174,5067,1541,2026-07-04 10:00:00,Completed,Attended,2026-07-21,81,Passed
6175,5124,1876,2025-08-04 10:00:00,Completed,Attended,2025-09-28,87,Passed
6176,5248,1355,2025-10-12 10:00:00,Completed,Attended,2025-11-07,63,Failed
6177,5235,1777,2025-11-27 10:00:00,Completed,Attended,2026-01-13,84,Passed
6178,5060,1850,2025-05-28 10:00:00,NoShow,Absent,,,NotAssessed
6179,5081,1988,2025-03-09 10:00:00,Completed,Attended,2025-03-31,68,Failed
6180,5127,2060,2025-03-15 10:00:00,Completed,Attended,2025-04-03,94,Passed
6181,5171,1201,2026-08-02 10:00:00,Completed,Attended,2026-08-29,72,Passed
6182,5163,1058,2025-04-07 10:00:00,Cancelled,NotApplicable,,,NotAssessed
6183,5069,1628,2024-11-26 10:00:00,Completed,Attended,2025-01-07,77,Passed
6184,5189,1027,2025-09-21 10:00:00,Completed,Attended,2025-11-11,84,Passed
6185,5138,1807,2025-06-17 10:00:00,Completed,Attended,2025-07-15,82,Passed
6186,5064,1484,2025-03-10 10:00:00,NoShow,Absent,,,NotAssessed
6187,5172,1642,2025-10-19 10:00:00,Completed,Attended,2025-11-28,60,Failed
6188,5231,1961,2025-03-25 10:00:00,Completed,Attended,2025-04-30,74,Passed
6189,5155,1926,2025-05-11 10:00:00,Completed,Attended,2025-06-13,80,Passed
6190,5184,1428,2026-01-23 10:00:00,Completed,Attended,2026-02-21,64,Failed
6191,5151,1106,2025-11-29 10:00:00,NoShow,Absent,,,NotAssessed
6192,5053,2048,2025-06-07 10:00:00,Completed,Attended,2025-06-18,57,Failed
6193,5243,1906,2025-07-02 10:00:00,Completed,Attended,2025-07-19,63,Failed
6194,5058,1087,2026-03-28 10:00:00,Completed,Attended,2026-05-10,70,Passed
6195,5114,1398,2026-03-26 10:00:00,Completed,Attended,2026-04-09,83,Passed
6196,5225,1178,2026-06-28 10:00:00,Completed,Attended,2026-08-15,76,Passed
6197,5077,1253,2026-04-01 10:00:00,Completed,Attended,2026-05-09,85,Passed
6198,5066,1749,2026-01-26 10:00:00,NoShow,Absent,,,NotAssessed
6199,5137,1929,2026-04-22 10:00:00,NoShow,Absent,,,NotAssessed
6200,5247,1716,2026-08-04 10:00:00,Completed,Attended,2026-08-18,83,Passed
6201,5198,2071,2025-03-13 10:00:00,Completed,Attended,2025-04-15,63,Failed
6202,5022,2038,2026-06-20 10:00:00,InProgress,Attended,,,NotAssessed
6203,5030,1923,2026-06-11 10:00:00,Completed,Attended,2026-08-02,82,Passed
6204,5039,1252,2026-01-16 10:00:00,Completed,Attended,2026-02-04,89,Passed
6205,5016,1284,2025-01-01 10:00:00,Completed,Attended,2025-01-28,69,Failed
6206,5208,2034,2026-07-09 10:00:00,Completed,Attended,2026-08-09,81,Passed
6207,5066,2079,2026-03-07 10:00:00,Completed,Attended,2026-03-17,89,Passed
6208,5233,1627,2025-03-28 10:00:00,Completed,Attended,2025-05-07,73,Passed
6209,5088,1881,2025-05-24 10:00:00,NoShow,Absent,,,NotAssessed
6210,5227,1819,2025-02-27 10:00:00,Completed,Attended,2025-03-12,70,Passed
6211,5039,1191,2025-12-16 10:00:00,Completed,Attended,2026-02-04,63,Failed
6212,5117,1163,2025-03-20 10:00:00,Completed,Attended,2025-04-17,78,Passed
6213,5189,1676,2025-09-19 10:00:00,Completed,Attended,2025-11-11,82,Passed
6214,5066,1583,2026-01-27 10:00:00,Completed,Attended,2026-03-17,62,Failed
6215,5072,1684,2025-11-30 10:00:00,Completed,Attended,2025-12-22,60,Failed
6216,5039,2072,2026-01-23 10:00:00,Completed,Attended,2026-02-04,76,Passed
6217,5134,1433,2025-05-12 10:00:00,NoShow,Absent,,,NotAssessed
6218,5068,1857,2025-04-24 10:00:00,Completed,Attended,2025-05-28,70,Passed
6219,5044,2010,2025-05-02 10:00:00,Completed,Attended,2025-05-20,61,Failed
6220,5116,1673,2025-03-07 10:00:00,Completed,Attended,2025-03-16,49,Failed
6221,5169,1227,2025-11-05 10:00:00,Completed,Attended,2025-12-13,77,Passed
6222,5216,1896,2025-12-10 10:00:00,Completed,Attended,2026-02-02,79,Passed
6223,5132,1250,2025-01-28 10:00:00,Completed,Attended,2025-03-19,80,Passed
6224,5144,1938,2025-04-03 10:00:00,Cancelled,NotApplicable,,,NotAssessed
6225,5086,1086,2024-12-27 10:00:00,Completed,Attended,2025-01-12,78,Passed
6226,5137,1913,2026-04-11 10:00:00,Completed,Attended,2026-05-24,70,Passed
6227,5081,1634,2025-02-23 10:00:00,Completed,Attended,2025-03-31,95,Passed
6228,5176,1999,2026-04-17 10:00:00,Cancelled,NotApplicable,,,NotAssessed
6229,5174,1187,2025-08-22 10:00:00,Completed,Attended,2025-10-07,87,Passed
6230,5173,1059,2025-10-13 10:00:00,Completed,Attended,2025-11-29,63,Failed
6231,5100,1723,2025-07-21 10:00:00,NoShow,Absent,,,NotAssessed
6232,5097,1560,2025-09-16 10:00:00,Completed,Attended,2025-10-24,83,Passed
6233,5032,1741,2026-04-30 10:00:00,Completed,Attended,2026-06-18,71,Passed
6234,5055,1069,2025-01-31 10:00:00,Cancelled,NotApplicable,,,NotAssessed
6235,5055,1348,2025-01-07 10:00:00,Completed,Attended,2025-02-19,87,Passed
6236,5188,1158,2026-07-17 10:00:00,Completed,Attended,2026-08-10,61,Failed
6237,5027,1042,2024-12-29 10:00:00,Completed,Attended,2025-02-02,61,Failed
6238,5023,1134,2025-02-19 10:00:00,Completed,Attended,2025-03-22,64,Failed
6239,5208,1641,2026-07-30 10:00:00,Completed,Attended,2026-08-09,98,Passed
6240,5249,1347,2024-12-25 10:00:00,InProgress,Attended,,,NotAssessed
6241,5153,1442,2025-09-18 10:00:00,Completed,Attended,2025-10-25,84,Passed
6242,5008,2087,2025-12-09 10:00:00,Completed,Attended,2025-12-27,72,Passed
6243,5005,1279,2025-03-24 10:00:00,Completed,Attended,2025-04-25,78,Passed
6244,5054,1061,2025-10-13 10:00:00,Completed,Attended,2025-11-05,85,Passed
6245,5243,1287,2025-06-12 10:00:00,Completed,Attended,2025-07-19,57,Failed
6246,5234,2067,2025-11-04 10:00:00,Completed,Attended,2025-11-16,90,Passed
6247,5064,1504,2025-03-22 10:00:00,Completed,Attended,2025-04-09,82,Passed
6248,5132,1640,2025-02-10 10:00:00,Completed,Attended,2025-03-19,86,Passed
6249,5100,1822,2025-07-13 10:00:00,Completed,Attended,2025-08-26,80,Passed
6250,5085,1870,2025-09-14 10:00:00,Completed,Attended,2025-10-14,73,Passed
6251,5089,1359,2025-06-18 10:00:00,Completed,Attended,2025-07-13,64,Failed
6252,5134,1658,2025-06-14 10:00:00,Completed,Attended,2025-07-02,71,Passed
6253,5086,1934,2024-12-18 10:00:00,Completed,Attended,2025-01-12,71,Passed
6254,5165,1716,2025-01-12 10:00:00,Completed,Attended,2025-02-01,62,Failed
6255,5238,1745,2025-04-23 10:00:00,Completed,Attended,2025-05-17,94,Passed
6256,5074,1072,2026-05-02 10:00:00,Completed,Attended,2026-06-26,47,Failed
6257,5019,1719,2025-05-29 10:00:00,Completed,Attended,2025-06-14,79,Passed
6258,5221,1224,2026-06-28 10:00:00,Completed,Attended,2026-07-16,74,Passed
6259,5120,1239,2025-06-02 10:00:00,Completed,Attended,2025-07-20,84,Passed
6260,5205,1279,2025-10-15 10:00:00,Completed,Attended,2025-11-04,86,Passed
6261,5094,1511,2026-03-07 10:00:00,Completed,Attended,2026-03-29,85,Passed
6262,5092,2083,2025-12-02 10:00:00,Completed,Attended,2026-01-04,77,Passed
6263,5090,2071,2025-03-21 10:00:00,Completed,Attended,2025-03-30,91,Passed
6264,5171,2065,2026-08-09 10:00:00,Completed,Attended,2026-08-29,79,Passed
6265,5240,2048,2025-03-31 10:00:00,Completed,Attended,2025-05-15,78,Passed
6266,5128,1732,2025-06-07 10:00:00,Completed,Attended,2025-06-26,89,Passed
6267,5218,1205,2025-11-06 10:00:00,Completed,Attended,2025-12-02,75,Passed
6268,5100,1166,2025-08-04 10:00:00,Completed,Attended,2025-08-26,81,Passed
6269,5175,2038,2026-03-16 10:00:00,Completed,Attended,2026-04-14,63,Failed
6270,5243,1791,2025-07-05 10:00:00,Completed,Attended,2025-07-19,64,Failed
6271,5042,1848,2026-03-22 10:00:00,Completed,Attended,2026-05-02,70,Passed
6272,5075,1206,2026-05-31 10:00:00,Cancelled,NotApplicable,,,NotAssessed
6273,5096,1713,2025-03-25 10:00:00,Completed,Attended,2025-05-01,80,Passed
6274,5214,1257,2025-08-22 10:00:00,Completed,Attended,2025-10-02,88,Passed
6275,5218,1630,2025-10-27 10:00:00,Completed,Attended,2025-12-02,72,Passed
6276,5232,1023,2025-11-28 10:00:00,Completed,Attended,2026-01-17,49,Failed
6277,5142,1647,2025-03-01 10:00:00,Completed,Attended,2025-04-18,69,Failed
6278,5110,2072,2026-03-24 10:00:00,Completed,Attended,2026-05-08,63,Failed
6279,5215,1081,2026-02-16 10:00:00,Completed,Attended,2026-03-02,69,Failed
6280,5129,2068,2025-04-27 10:00:00,Completed,Attended,2025-05-27,81,Passed
6281,5151,1529,2025-12-30 10:00:00,Completed,Attended,2026-01-20,98,Passed
6282,5129,1550,2025-04-01 10:00:00,Completed,Attended,2025-05-27,100,Passed
6283,5202,1549,2025-05-12 10:00:00,Completed,Attended,2025-05-28,72,Passed
6284,5053,1685,2025-06-08 10:00:00,Completed,Attended,2025-06-18,78,Passed
6285,5114,1744,2026-03-25 10:00:00,Completed,Attended,2026-04-09,65,Failed
6286,5142,1335,2025-03-10 10:00:00,Completed,Attended,2025-04-18,63,Failed
6287,5040,1125,2025-11-15 10:00:00,InProgress,Attended,,,NotAssessed
6288,5239,1026,2025-11-30 10:00:00,Completed,Attended,2026-01-16,85,Passed
6289,5247,1070,2026-07-15 10:00:00,Completed,Attended,2026-08-18,59,Failed
6290,5209,1509,2025-03-06 10:00:00,Completed,Attended,2025-04-13,84,Passed
6291,5190,1971,2025-08-16 10:00:00,Completed,Attended,2025-08-24,68,Failed
6292,5099,1827,2025-07-17 10:00:00,Completed,Attended,2025-09-06,100,Passed
6293,5032,1906,2026-04-28 10:00:00,InProgress,Attended,,,NotAssessed
6294,5200,1038,2025-02-27 10:00:00,Completed,Attended,2025-03-09,86,Passed
6295,5151,2021,2025-12-12 10:00:00,Completed,Attended,2026-01-20,83,Passed
6296,5030,1089,2026-07-13 10:00:00,Completed,Attended,2026-08-02,76,Passed
6297,5216,1930,2026-01-10 10:00:00,Completed,Attended,2026-02-02,73,Passed
6298,5148,1814,2025-10-29 10:00:00,Completed,Attended,2025-11-07,67,Failed
6299,5129,1790,2025-05-10 10:00:00,Completed,Attended,2025-05-27,88,Passed
6300,5035,1824,2025-03-07 10:00:00,Completed,Attended,2025-03-21,67,Failed
6301,5034,1143,2025-01-21 10:00:00,Completed,Attended,2025-03-19,87,Passed
6302,5137,1876,2026-04-23 10:00:00,Completed,Attended,2026-05-24,73,Passed
6303,5050,1870,2025-12-06 10:00:00,Completed,Attended,2026-01-01,76,Passed
6304,5049,1063,2025-05-27 10:00:00,Completed,Attended,2025-07-05,84,Passed
6305,5084,1106,2026-06-10 10:00:00,Completed,Attended,2026-07-09,65,Failed
6306,5230,1592,2026-05-26 10:00:00,Completed,Attended,2026-07-17,85,Passed
6307,5066,1183,2026-02-26 10:00:00,Completed,Attended,2026-03-17,76,Passed
6308,5237,1819,2026-06-02 10:00:00,InProgress,Attended,,,NotAssessed
6309,5180,1738,2026-01-11 10:00:00,Completed,Attended,2026-01-25,67,Failed
6310,5021,1304,2025-06-19 10:00:00,Completed,Attended,2025-08-11,71,Passed
6311,5207,1125,2025-12-16 10:00:00,Completed,Attended,2026-01-15,76,Passed
6312,5105,1605,2026-07-06 10:00:00,InProgress,Attended,,,NotAssessed
6313,5163,2021,2025-04-21 10:00:00,Completed,Attended,2025-05-18,84,Passed
6314,5104,1861,2025-09-21 10:00:00,Completed,Attended,2025-10-26,84,Passed
6315,5065,2077,2025-10-29 10:00:00,Completed,Attended,2025-11-28,82,Passed
6316,5048,1150,2025-11-10 10:00:00,Completed,Attended,2025-12-24,72,Passed
6317,5148,1740,2025-09-26 10:00:00,Completed,Attended,2025-11-07,78,Passed
6318,5240,1466,2025-03-28 10:00:00,Completed,Attended,2025-05-15,76,Passed
6319,5229,1452,2026-04-23 10:00:00,Completed,Attended,2026-05-16,73,Passed
6320,5246,1715,2026-05-24 10:00:00,Completed,Attended,2026-06-15,81,Passed
6321,5071,1325,2025-12-23 10:00:00,Completed,Attended,2026-02-18,78,Passed
6322,5022,1337,2026-06-23 10:00:00,Completed,Attended,2026-08-04,77,Passed
6323,5160,1666,2025-12-11 10:00:00,Completed,Attended,2026-01-08,71,Passed
6324,5029,1110,2025-09-04 10:00:00,Completed,Attended,2025-09-26,62,Failed
6325,5132,1922,2025-02-07 10:00:00,Completed,Attended,2025-03-19,77,Passed
6326,5238,1002,2025-04-12 10:00:00,Completed,Attended,2025-05-17,79,Passed
6327,5112,1480,2025-10-12 10:00:00,Completed,Attended,2025-10-25,70,Passed
6328,5216,1440,2026-01-01 10:00:00,NoShow,Absent,,,NotAssessed
6329,5107,1205,2026-02-06 10:00:00,Completed,Attended,2026-03-19,79,Passed
6330,5009,1803,2025-10-17 10:00:00,Completed,Attended,2025-10-30,88,Passed
6331,5205,1151,2025-10-14 10:00:00,Completed,Attended,2025-11-04,83,Passed
6332,5209,1980,2025-02-28 10:00:00,Completed,Attended,2025-04-13,81,Passed
6333,5126,1038,2025-06-06 10:00:00,Completed,Attended,2025-06-15,87,Passed
6334,5004,1620,2025-03-15 10:00:00,Cancelled,NotApplicable,,,NotAssessed
6335,5085,1375,2025-09-02 10:00:00,NoShow,Absent,,,NotAssessed
6336,5133,1651,2026-03-11 10:00:00,Completed,Attended,2026-03-23,63,Failed
6337,5245,1891,2025-02-08 10:00:00,Completed,Attended,2025-02-19,84,Passed
6338,5234,1137,2025-10-21 10:00:00,Completed,Attended,2025-11-16,80,Passed
6339,5004,1259,2025-01-29 10:00:00,Completed,Attended,2025-03-24,74,Passed
6340,5060,1827,2025-06-01 10:00:00,NoShow,Absent,,,NotAssessed
6341,5019,1271,2025-05-13 10:00:00,Completed,Attended,2025-06-14,55,Failed
6342,5229,1511,2026-04-27 10:00:00,Completed,Attended,2026-05-16,84,Passed
6343,5069,1410,2024-11-14 10:00:00,Completed,Attended,2025-01-07,64,Failed
6344,5202,1175,2025-04-28 10:00:00,Cancelled,NotApplicable,,,NotAssessed
6345,5127,1838,2025-02-26 10:00:00,Cancelled,NotApplicable,,,NotAssessed
6346,5225,1061,2026-06-21 10:00:00,Completed,Attended,2026-08-15,90,Passed
6347,5050,1615,2025-11-16 10:00:00,Completed,Attended,2026-01-01,85,Passed
6348,5050,1407,2025-11-17 10:00:00,Completed,Attended,2026-01-01,69,Failed
6349,5145,1548,2026-06-18 10:00:00,Completed,Attended,2026-08-13,84,Passed
6350,5063,1392,2026-05-30 10:00:00,Completed,Attended,2026-06-12,64,Failed
6351,5078,1473,2024-12-24 10:00:00,NoShow,Absent,,,NotAssessed
6352,5074,1521,2026-05-29 10:00:00,Completed,Attended,2026-06-26,68,Failed
6353,5056,1341,2026-03-16 10:00:00,Completed,Attended,2026-04-04,70,Passed
6354,5009,1647,2025-09-17 10:00:00,Completed,Attended,2025-10-30,66,Failed
6355,5069,2002,2024-12-13 10:00:00,Completed,Attended,2025-01-07,81,Passed
6356,5078,1114,2025-01-20 10:00:00,Completed,Attended,2025-02-10,87,Passed
6357,5216,1943,2025-12-26 10:00:00,Completed,Attended,2026-02-02,66,Failed
6358,5227,1759,2025-02-18 10:00:00,Completed,Attended,2025-03-12,66,Failed
6359,5005,1449,2025-03-09 10:00:00,Completed,Attended,2025-04-25,75,Passed
6360,5025,1085,2026-02-17 10:00:00,Completed,Attended,2026-03-01,70,Passed
6361,5229,1513,2026-05-09 10:00:00,Completed,Attended,2026-05-16,74,Passed
6362,5048,1383,2025-11-19 10:00:00,Completed,Attended,2025-12-24,64,Failed
6363,5011,1393,2025-05-04 10:00:00,Completed,Attended,2025-06-03,96,Passed
6364,5067,1045,2026-06-04 10:00:00,Completed,Attended,2026-07-21,73,Passed
6365,5029,1683,2025-09-04 10:00:00,Completed,Attended,2025-09-26,78,Passed
6366,5215,1617,2026-01-20 10:00:00,Completed,Attended,2026-03-02,84,Passed
6367,5043,2054,2025-11-04 10:00:00,Completed,Attended,2025-11-16,85,Passed
6368,5209,1677,2025-02-25 10:00:00,Completed,Attended,2025-04-13,67,Failed
6369,5236,1162,2025-11-22 10:00:00,Completed,Attended,2025-11-29,81,Passed
6370,5077,1104,2026-03-25 10:00:00,Completed,Attended,2026-05-09,62,Failed
6371,5136,1539,2025-04-15 10:00:00,Completed,Attended,2025-05-09,75,Passed
6372,5100,1665,2025-08-16 10:00:00,Completed,Attended,2025-08-26,98,Passed
6373,5137,1943,2026-04-26 10:00:00,Completed,Attended,2026-05-24,74,Passed
6374,5237,1350,2026-06-04 10:00:00,Completed,Attended,2026-07-16,87,Passed
6375,5005,2071,2025-03-28 10:00:00,Completed,Attended,2025-04-25,75,Passed
6376,5020,1037,2026-01-25 10:00:00,Completed,Attended,2026-03-08,88,Passed
6377,5100,1848,2025-08-13 10:00:00,Completed,Attended,2025-08-26,94,Passed
6378,5116,1216,2025-03-07 10:00:00,Completed,Attended,2025-03-16,59,Failed
6379,5179,1410,2025-09-15 10:00:00,Completed,Attended,2025-11-08,75,Passed
6380,5081,1054,2025-03-18 10:00:00,Completed,Attended,2025-03-31,91,Passed
6381,5053,2003,2025-04-28 10:00:00,Completed,Attended,2025-06-18,54,Failed
6382,5149,1418,2026-03-03 10:00:00,NoShow,Absent,,,NotAssessed
6383,5095,1478,2025-04-07 10:00:00,Completed,Attended,2025-05-03,90,Passed
6384,5129,1093,2025-05-13 10:00:00,Completed,Attended,2025-05-27,80,Passed
6385,5157,2047,2026-01-27 10:00:00,Completed,Attended,2026-02-13,77,Passed
6386,5126,1018,2025-05-27 10:00:00,Completed,Attended,2025-06-15,75,Passed
6387,5002,1433,2025-03-15 10:00:00,Cancelled,NotApplicable,,,NotAssessed
6388,5240,1547,2025-03-30 10:00:00,Completed,Attended,2025-05-15,76,Passed
6389,5197,1030,2025-05-18 10:00:00,Completed,Attended,2025-07-06,82,Passed
6390,5129,1921,2025-04-29 10:00:00,Completed,Attended,2025-05-27,70,Passed
6391,5040,1454,2025-11-30 10:00:00,Completed,Attended,2025-12-19,71,Passed
6392,5043,2037,2025-09-23 10:00:00,Cancelled,NotApplicable,,,NotAssessed
6393,5034,1966,2025-02-26 10:00:00,Completed,Attended,2025-03-19,83,Passed
6394,5134,1064,2025-05-08 10:00:00,InProgress,Attended,,,NotAssessed
6395,5074,1511,2026-05-30 10:00:00,Completed,Attended,2026-06-26,49,Failed
6396,5226,1671,2025-12-23 10:00:00,Completed,Attended,2026-01-02,79,Passed
6397,5175,1785,2026-03-25 10:00:00,NoShow,Absent,,,NotAssessed
6398,5145,1129,2026-08-04 10:00:00,Completed,Attended,2026-08-13,58,Failed
6399,5106,1142,2026-04-18 10:00:00,InProgress,Attended,,,NotAssessed
6400,5105,1453,2026-07-04 10:00:00,NoShow,Absent,,,NotAssessed
6401,5010,1773,2026-05-30 10:00:00,Completed,Attended,2026-07-05,100,Passed
6402,5056,1015,2026-03-09 10:00:00,Completed,Attended,2026-04-04,66,Failed
6403,5188,1356,2026-07-21 10:00:00,Completed,Attended,2026-08-10,88,Passed
6404,5042,1046,2026-04-17 10:00:00,Completed,Attended,2026-05-02,64,Failed
6405,5099,1847,2025-07-19 10:00:00,Completed,Attended,2025-09-06,67,Failed
6406,5186,1024,2025-10-13 10:00:00,Completed,Attended,2025-10-25,85,Passed
6407,5116,1205,2025-01-21 10:00:00,Completed,Attended,2025-03-16,67,Failed
6408,5227,1387,2025-01-16 10:00:00,Completed,Attended,2025-03-12,85,Passed
6409,5197,1973,2025-05-26 10:00:00,Completed,Attended,2025-07-06,70,Passed
6410,5099,1269,2025-08-15 10:00:00,NoShow,Absent,,,NotAssessed
6411,5086,1070,2024-12-22 10:00:00,Cancelled,NotApplicable,,,NotAssessed
6412,5117,1967,2025-02-23 10:00:00,Completed,Attended,2025-04-17,77,Passed
6413,5088,1490,2025-05-01 10:00:00,Completed,Attended,2025-06-23,75,Passed
6414,5237,1368,2026-06-11 10:00:00,Completed,Attended,2026-07-16,69,Failed
6415,5014,1541,2025-02-28 10:00:00,Completed,Attended,2025-04-01,62,Failed
6416,5081,1252,2025-03-18 10:00:00,Completed,Attended,2025-03-31,70,Passed
6417,5059,1611,2025-11-15 10:00:00,Cancelled,NotApplicable,,,NotAssessed
6418,5148,1723,2025-10-31 10:00:00,Completed,Attended,2025-11-07,79,Passed
6419,5120,1740,2025-07-02 10:00:00,Completed,Attended,2025-07-20,86,Passed
6420,5215,1736,2026-01-14 10:00:00,NoShow,Absent,,,NotAssessed
6421,5146,1657,2025-07-26 10:00:00,Cancelled,NotApplicable,,,NotAssessed
6422,5054,2072,2025-09-12 10:00:00,Completed,Attended,2025-11-05,84,Passed
6423,5029,1296,2025-09-09 10:00:00,Completed,Attended,2025-09-26,94,Passed
6424,5174,1411,2025-08-13 10:00:00,Completed,Attended,2025-10-07,59,Failed
6425,5166,1859,2026-04-16 10:00:00,Completed,Attended,2026-05-28,83,Passed
6426,5193,1011,2026-05-24 10:00:00,InProgress,Attended,,,NotAssessed
6427,5012,1189,2025-02-15 10:00:00,Completed,Attended,2025-03-17,80,Passed
6428,5113,1782,2025-02-03 10:00:00,Completed,Attended,2025-02-12,64,Failed
6429,5126,2002,2025-04-28 10:00:00,Completed,Attended,2025-06-15,52,Failed
6430,5076,1693,2026-07-21 10:00:00,Completed,Attended,2026-08-25,67,Failed
6431,5041,1504,2025-12-22 10:00:00,Completed,Attended,2026-01-05,97,Passed
6432,5169,1589,2025-12-03 10:00:00,InProgress,Attended,,,NotAssessed
6433,5238,1774,2025-04-22 10:00:00,Completed,Attended,2025-05-17,62,Failed
6434,5181,1710,2025-11-05 10:00:00,Completed,Attended,2025-12-29,70,Passed
6435,5111,1830,2025-11-23 10:00:00,Completed,Attended,2025-12-09,84,Passed
6436,5072,1590,2025-11-05 10:00:00,Completed,Attended,2025-12-22,88,Passed
6437,5243,1898,2025-05-26 10:00:00,Completed,Attended,2025-07-19,70,Passed
6438,5029,1853,2025-08-20 10:00:00,Completed,Attended,2025-09-26,55,Failed
6439,5060,1528,2025-05-26 10:00:00,Cancelled,NotApplicable,,,NotAssessed
6440,5239,1670,2025-12-29 10:00:00,Completed,Attended,2026-01-16,71,Passed
6441,5021,1750,2025-07-27 10:00:00,Completed,Attended,2025-08-11,81,Passed
6442,5075,1011,2026-06-18 10:00:00,Completed,Attended,2026-07-16,67,Failed
6443,5209,1171,2025-02-26 10:00:00,Completed,Attended,2025-04-13,76,Passed
6444,5054,1404,2025-10-01 10:00:00,Completed,Attended,2025-11-05,96,Passed
6445,5127,2030,2025-03-25 10:00:00,Completed,Attended,2025-04-03,74,Passed
6446,5118,1444,2025-03-19 10:00:00,Completed,Attended,2025-04-18,60,Failed
6447,5071,1741,2026-02-06 10:00:00,Completed,Attended,2026-02-18,76,Passed
6448,5238,1387,2025-03-21 10:00:00,Completed,Attended,2025-05-17,87,Passed
6449,5230,1285,2026-06-22 10:00:00,InProgress,Attended,,,NotAssessed
6450,5242,2067,2025-01-17 10:00:00,Completed,Attended,2025-02-19,66,Failed
6451,5223,1982,2025-10-19 10:00:00,Completed,Attended,2025-11-14,88,Passed
6452,5160,1251,2025-11-30 10:00:00,Cancelled,NotApplicable,,,NotAssessed
6453,5048,1102,2025-11-13 10:00:00,Completed,Attended,2025-12-24,64,Failed
6454,5039,1285,2025-12-16 10:00:00,Completed,Attended,2026-02-04,79,Passed
6455,5105,1515,2026-06-06 10:00:00,InProgress,Attended,,,NotAssessed
6456,5158,1876,2026-02-15 10:00:00,Completed,Attended,2026-02-23,95,Passed
6457,5200,1007,2025-01-25 10:00:00,Completed,Attended,2025-03-09,65,Failed
6458,5033,1808,2025-04-10 10:00:00,Completed,Attended,2025-05-11,72,Passed
6459,5021,1450,2025-07-22 10:00:00,Completed,Attended,2025-08-11,86,Passed
6460,5135,1058,2025-11-14 10:00:00,Cancelled,NotApplicable,,,NotAssessed
6461,5171,1870,2026-07-17 10:00:00,Completed,Attended,2026-08-29,84,Passed
6462,5136,1851,2025-04-25 10:00:00,Completed,Attended,2025-05-09,73,Passed
6463,5218,2026,2025-10-09 10:00:00,Completed,Attended,2025-12-02,74,Passed
6464,5158,2057,2026-01-01 10:00:00,Completed,Attended,2026-02-23,65,Failed
6465,5239,1955,2025-12-15 10:00:00,Completed,Attended,2026-01-16,68,Failed
6466,5020,1670,2026-02-21 10:00:00,Completed,Attended,2026-03-08,65,Failed
6467,5099,1021,2025-07-19 10:00:00,Completed,Attended,2025-09-06,70,Passed
6468,5117,1581,2025-04-09 10:00:00,Cancelled,NotApplicable,,,NotAssessed
6469,5228,1992,2025-04-10 10:00:00,Completed,Attended,2025-05-11,92,Passed
6470,5238,1488,2025-05-07 10:00:00,Completed,Attended,2025-05-17,69,Failed
6471,5167,1225,2025-10-02 10:00:00,Completed,Attended,2025-10-26,86,Passed
6472,5076,1942,2026-07-06 10:00:00,Completed,Attended,2026-08-25,83,Passed
6473,5066,1161,2026-03-08 10:00:00,Completed,Attended,2026-03-17,77,Passed
6474,5177,1397,2025-09-12 10:00:00,Completed,Attended,2025-10-19,76,Passed
6475,5217,1346,2025-07-13 10:00:00,Completed,Attended,2025-07-28,82,Passed
6476,5097,1467,2025-09-11 10:00:00,Completed,Attended,2025-10-24,91,Passed
6477,5004,1337,2025-02-08 10:00:00,Cancelled,NotApplicable,,,NotAssessed
6478,5131,1202,2026-04-03 10:00:00,Completed,Attended,2026-04-28,82,Passed
6479,5147,1025,2025-03-01 10:00:00,Completed,Attended,2025-04-13,78,Passed
6480,5145,2070,2026-07-16 10:00:00,Completed,Attended,2026-08-13,77,Passed
6481,5176,2098,2026-04-17 10:00:00,Completed,Attended,2026-05-16,71,Passed
6482,5021,1893,2025-07-23 10:00:00,NoShow,Absent,,,NotAssessed
6483,5195,1266,2025-09-02 10:00:00,Completed,Attended,2025-10-25,63,Failed
6484,5137,1938,2026-04-14 10:00:00,Completed,Attended,2026-05-24,94,Passed
6485,5205,1276,2025-09-18 10:00:00,Completed,Attended,2025-11-04,68,Failed
6486,5164,1509,2025-02-14 10:00:00,Completed,Attended,2025-03-12,61,Failed
6487,5037,1856,2025-10-05 10:00:00,Completed,Attended,2025-10-24,68,Failed
6488,5203,1856,2025-10-06 10:00:00,Completed,Attended,2025-11-18,47,Failed
6489,5066,1431,2026-01-30 10:00:00,Completed,Attended,2026-03-17,52,Failed
6490,5073,1269,2025-12-03 10:00:00,Completed,Attended,2026-01-08,97,Passed
6491,5078,1086,2025-01-25 10:00:00,Completed,Attended,2025-02-10,75,Passed
6492,5182,2010,2025-05-07 10:00:00,Completed,Attended,2025-05-16,57,Failed
6493,5094,1674,2026-03-08 10:00:00,Completed,Attended,2026-03-29,87,Passed
6494,5062,1778,2026-06-21 10:00:00,Completed,Attended,2026-07-14,71,Passed
6495,5007,1957,2025-12-23 10:00:00,Completed,Attended,2026-01-12,56,Failed
6496,5080,1561,2026-03-18 10:00:00,Completed,Attended,2026-04-24,94,Passed
6497,5072,1230,2025-11-29 10:00:00,NoShow,Absent,,,NotAssessed
6498,5215,1209,2026-01-12 10:00:00,Completed,Attended,2026-03-02,69,Failed
6499,5177,1909,2025-09-03 10:00:00,Completed,Attended,2025-10-19,77,Passed
6500,5164,1878,2025-02-13 10:00:00,Completed,Attended,2025-03-12,71,Passed
6501,5166,1097,2026-05-02 10:00:00,Completed,Attended,2026-05-28,73,Passed
6502,5152,1058,2025-09-18 10:00:00,Completed,Attended,2025-10-08,57,Failed
6503,5058,1387,2026-04-12 10:00:00,Completed,Attended,2026-05-10,63,Failed
6504,5205,1441,2025-09-13 10:00:00,Completed,Attended,2025-11-04,98,Passed
6505,5186,2090,2025-09-11 10:00:00,Completed,Attended,2025-10-25,80,Passed
6506,5046,1808,2024-12-29 10:00:00,Completed,Attended,2025-01-24,100,Passed
6507,5238,1135,2025-04-05 10:00:00,Completed,Attended,2025-05-17,77,Passed
6508,5018,1359,2025-03-03 10:00:00,Completed,Attended,2025-03-12,71,Passed
6509,5120,1749,2025-06-05 10:00:00,Cancelled,NotApplicable,,,NotAssessed
6510,5129,1453,2025-04-08 10:00:00,Completed,Attended,2025-05-27,99,Passed
6511,5101,2010,2025-03-18 10:00:00,Completed,Attended,2025-04-28,78,Passed
6512,5242,1160,2024-12-26 10:00:00,Completed,Attended,2025-02-19,83,Passed
6513,5046,1703,2024-12-15 10:00:00,Completed,Attended,2025-01-24,91,Passed
6514,5086,1285,2024-12-15 10:00:00,Completed,Attended,2025-01-12,91,Passed
6515,5154,1434,2025-09-10 10:00:00,Completed,Attended,2025-09-19,75,Passed
6516,5238,1325,2025-05-04 10:00:00,Completed,Attended,2025-05-17,75,Passed
6517,5165,2086,2025-01-23 10:00:00,Completed,Attended,2025-02-01,72,Passed
6518,5040,1221,2025-11-06 10:00:00,Completed,Attended,2025-12-19,67,Failed
6519,5137,1080,2026-05-14 10:00:00,Completed,Attended,2026-05-24,61,Failed
6520,5191,1117,2025-08-23 10:00:00,Completed,Attended,2025-09-22,68,Failed
6521,5004,1889,2025-01-30 10:00:00,Completed,Attended,2025-03-24,85,Passed
6522,5184,1110,2026-01-04 10:00:00,Completed,Attended,2026-02-21,77,Passed
6523,5033,1814,2025-04-05 10:00:00,InProgress,Attended,,,NotAssessed
6524,5196,1351,2025-05-18 10:00:00,Completed,Attended,2025-07-04,71,Passed
6525,5044,1278,2025-04-15 10:00:00,Completed,Attended,2025-05-20,68,Failed
6526,5040,1725,2025-11-07 10:00:00,Completed,Attended,2025-12-19,74,Passed
6527,5033,1789,2025-04-26 10:00:00,Completed,Attended,2025-05-11,69,Failed
6528,5185,2078,2026-04-06 10:00:00,InProgress,Attended,,,NotAssessed
6529,5181,2049,2025-12-03 10:00:00,InProgress,Attended,,,NotAssessed
6530,5191,1703,2025-07-31 10:00:00,Completed,Attended,2025-09-22,68,Failed
6531,5238,1308,2025-05-04 10:00:00,Completed,Attended,2025-05-17,93,Passed
6532,5172,1099,2025-11-07 10:00:00,Completed,Attended,2025-11-28,75,Passed
6533,5135,1380,2025-11-03 10:00:00,Completed,Attended,2025-12-29,83,Passed
6534,5230,1139,2026-07-02 10:00:00,Completed,Attended,2026-07-17,82,Passed
6535,5115,1911,2026-07-05 10:00:00,Cancelled,NotApplicable,,,NotAssessed
6536,5193,1838,2026-06-13 10:00:00,Completed,Attended,2026-07-13,100,Passed
6537,5075,1646,2026-07-03 10:00:00,Completed,Attended,2026-07-16,56,Failed
6538,5240,1490,2025-04-13 10:00:00,Completed,Attended,2025-05-15,86,Passed
6539,5015,1441,2026-02-27 10:00:00,Completed,Attended,2026-03-26,58,Failed
6540,5218,1940,2025-11-04 10:00:00,Completed,Attended,2025-12-02,76,Passed
6541,5167,1067,2025-09-23 10:00:00,Completed,Attended,2025-10-26,90,Passed
6542,5184,1108,2026-01-19 10:00:00,Completed,Attended,2026-02-21,72,Passed
6543,5203,1442,2025-11-10 10:00:00,Completed,Attended,2025-11-18,64,Failed
6544,5233,1838,2025-04-17 10:00:00,InProgress,Attended,,,NotAssessed
6545,5159,1556,2025-08-06 10:00:00,Completed,Attended,2025-09-09,89,Passed
6546,5167,1183,2025-09-02 10:00:00,InProgress,Attended,,,NotAssessed
6547,5102,1276,2026-03-14 10:00:00,Completed,Attended,2026-03-25,73,Passed
6548,5050,1254,2025-11-18 10:00:00,Completed,Attended,2026-01-01,69,Failed
6549,5110,2036,2026-03-17 10:00:00,Cancelled,NotApplicable,,,NotAssessed
6550,5045,1957,2026-02-24 10:00:00,Cancelled,NotApplicable,,,NotAssessed
6551,5026,1068,2026-01-13 10:00:00,Completed,Attended,2026-03-01,77,Passed
6552,5140,1302,2025-08-25 10:00:00,Completed,Attended,2025-10-08,71,Passed
6553,5076,1281,2026-07-30 10:00:00,Completed,Attended,2026-08-25,77,Passed
6554,5058,1476,2026-04-22 10:00:00,Completed,Attended,2026-05-10,69,Failed
6555,5132,1451,2025-02-13 10:00:00,Completed,Attended,2025-03-19,71,Passed
6556,5075,1383,2026-06-24 10:00:00,Completed,Attended,2026-07-16,75,Passed
6557,5181,2007,2025-11-06 10:00:00,Completed,Attended,2025-12-29,86,Passed
6558,5170,1606,2025-08-10 10:00:00,NoShow,Absent,,,NotAssessed
6559,5235,1977,2026-01-03 10:00:00,Completed,Attended,2026-01-13,69,Failed
6560,5047,1467,2025-10-16 10:00:00,Completed,Attended,2025-11-27,67,Failed
6561,5046,1688,2024-12-13 10:00:00,Completed,Attended,2025-01-24,58,Failed
6562,5136,1291,2025-03-31 10:00:00,Completed,Attended,2025-05-09,86,Passed
6563,5010,1002,2026-06-19 10:00:00,Completed,Attended,2026-07-05,87,Passed
6564,5050,2056,2025-12-12 10:00:00,Completed,Attended,2026-01-01,86,Passed
6565,5018,1117,2025-01-21 10:00:00,Completed,Attended,2025-03-12,71,Passed
6566,5195,1046,2025-10-15 10:00:00,Completed,Attended,2025-10-25,89,Passed
6567,5009,1392,2025-10-17 10:00:00,Completed,Attended,2025-10-30,72,Passed
6568,5078,1608,2025-01-29 10:00:00,Completed,Attended,2025-02-10,81,Passed
6569,5133,2034,2026-02-07 10:00:00,Completed,Attended,2026-03-23,80,Passed
6570,5195,1652,2025-10-08 10:00:00,Completed,Attended,2025-10-25,65,Failed
6571,5205,1291,2025-09-29 10:00:00,Completed,Attended,2025-11-04,67,Failed
6572,5010,2058,2026-06-09 10:00:00,Completed,Attended,2026-07-05,80,Passed
6573,5204,1069,2026-01-23 10:00:00,Completed,Attended,2026-03-11,89,Passed
6574,5067,1035,2026-06-28 10:00:00,Completed,Attended,2026-07-21,69,Failed
6575,5250,1533,2025-05-05 10:00:00,Completed,Attended,2025-06-28,85,Passed
6576,5050,1126,2025-11-19 10:00:00,Completed,Attended,2026-01-01,70,Passed
6577,5153,1081,2025-09-02 10:00:00,Completed,Attended,2025-10-25,49,Failed
6578,5204,1227,2026-02-11 10:00:00,Completed,Attended,2026-03-11,85,Passed
6579,5248,1158,2025-10-17 10:00:00,Completed,Attended,2025-11-07,82,Passed
6580,5047,1910,2025-11-06 10:00:00,Completed,Attended,2025-11-27,63,Failed
6581,5250,1584,2025-05-23 10:00:00,Completed,Attended,2025-06-28,78,Passed
6582,5091,1764,2025-11-05 10:00:00,NoShow,Absent,,,NotAssessed
6583,5017,1414,2025-04-04 10:00:00,Completed,Attended,2025-05-05,81,Passed
6584,5011,1113,2025-05-21 10:00:00,Completed,Attended,2025-06-03,100,Passed
6585,5108,1780,2025-09-01 10:00:00,Completed,Attended,2025-10-27,85,Passed
6586,5212,2052,2025-10-26 10:00:00,Completed,Attended,2025-11-22,72,Passed
6587,5007,1765,2025-12-19 10:00:00,Completed,Attended,2026-01-12,85,Passed
6588,5051,2067,2025-04-08 10:00:00,Completed,Attended,2025-05-13,80,Passed
6589,5201,1211,2025-05-18 10:00:00,InProgress,Attended,,,NotAssessed
6590,5137,1321,2026-04-15 10:00:00,Cancelled,NotApplicable,,,NotAssessed
6591,5147,2034,2025-03-09 10:00:00,Cancelled,NotApplicable,,,NotAssessed
6592,5047,1604,2025-11-01 10:00:00,Cancelled,NotApplicable,,,NotAssessed
6593,5235,1664,2025-12-30 10:00:00,Completed,Attended,2026-01-13,93,Passed
6594,5098,1214,2026-01-09 10:00:00,Completed,Attended,2026-02-16,73,Passed
6595,5217,2100,2025-06-06 10:00:00,Completed,Attended,2025-07-28,63,Failed
6596,5248,2046,2025-10-18 10:00:00,Completed,Attended,2025-11-07,79,Passed
6597,5093,1189,2025-06-03 10:00:00,Completed,Attended,2025-07-06,65,Failed
6598,5234,2003,2025-10-06 10:00:00,NoShow,Absent,,,NotAssessed
6599,5063,1708,2026-05-29 10:00:00,Completed,Attended,2026-06-12,71,Passed
6600,5011,1189,2025-04-16 10:00:00,Completed,Attended,2025-06-03,89,Passed
6601,5019,1931,2025-05-07 10:00:00,Completed,Attended,2025-06-14,69,Failed
6602,5160,1953,2025-12-27 10:00:00,Completed,Attended,2026-01-08,70,Passed
6603,5086,1473,2024-11-30 10:00:00,Completed,Attended,2025-01-12,89,Passed
6604,5232,1290,2025-12-05 10:00:00,Completed,Attended,2026-01-17,91,Passed
6605,5073,1166,2025-12-17 10:00:00,Completed,Attended,2026-01-08,82,Passed
6606,5216,1766,2025-12-26 10:00:00,Completed,Attended,2026-02-02,82,Passed
6607,5036,1731,2026-03-21 10:00:00,Completed,Attended,2026-05-15,64,Failed
6608,5185,1397,2026-03-05 10:00:00,Completed,Attended,2026-04-16,88,Passed
6609,5140,1937,2025-08-28 10:00:00,Completed,Attended,2025-10-08,57,Failed
6610,5072,1063,2025-12-09 10:00:00,Completed,Attended,2025-12-22,51,Failed
6611,5112,1483,2025-10-14 10:00:00,Completed,Attended,2025-10-25,69,Failed
6612,5056,1459,2026-03-06 10:00:00,Completed,Attended,2026-04-04,85,Passed
6613,5182,1171,2025-04-08 10:00:00,Completed,Attended,2025-05-16,76,Passed
6614,5181,1683,2025-12-02 10:00:00,Completed,Attended,2025-12-29,72,Passed
6615,5242,1843,2025-01-13 10:00:00,NoShow,Absent,,,NotAssessed
6616,5117,1009,2025-02-21 10:00:00,Completed,Attended,2025-04-17,85,Passed
6617,5227,1595,2025-02-01 10:00:00,Cancelled,NotApplicable,,,NotAssessed
6618,5045,1065,2026-03-16 10:00:00,InProgress,Attended,,,NotAssessed
6619,5163,1039,2025-04-16 10:00:00,Completed,Attended,2025-05-18,76,Passed
6620,5190,1359,2025-07-10 10:00:00,Completed,Attended,2025-08-24,80,Passed
6621,5029,1526,2025-08-18 10:00:00,Completed,Attended,2025-09-26,93,Passed
6622,5113,1107,2024-12-28 10:00:00,Completed,Attended,2025-02-12,83,Passed
6623,5063,1687,2026-06-04 10:00:00,Completed,Attended,2026-06-12,85,Passed
6624,5040,1824,2025-11-28 10:00:00,Completed,Attended,2025-12-19,72,Passed
6625,5112,1625,2025-08-31 10:00:00,Completed,Attended,2025-10-25,74,Passed
6626,5208,1281,2026-07-27 10:00:00,Completed,Attended,2026-08-09,76,Passed
6627,5170,1640,2025-07-25 10:00:00,Completed,Attended,2025-09-19,79,Passed
6628,5062,2008,2026-07-01 10:00:00,Completed,Attended,2026-07-14,96,Passed
6629,5153,1009,2025-09-11 10:00:00,Completed,Attended,2025-10-25,63,Failed
6630,5049,2006,2025-05-22 10:00:00,Cancelled,NotApplicable,,,NotAssessed
6631,5146,2046,2025-06-27 10:00:00,Completed,Attended,2025-08-04,77,Passed
6632,5137,1609,2026-05-08 10:00:00,Cancelled,NotApplicable,,,NotAssessed
6633,5027,1221,2025-01-23 10:00:00,Completed,Attended,2025-02-02,62,Failed
6634,5137,1373,2026-04-04 10:00:00,InProgress,Attended,,,NotAssessed
6635,5176,1234,2026-03-26 10:00:00,InProgress,Attended,,,NotAssessed
6636,5192,1020,2025-07-25 10:00:00,Completed,Attended,2025-08-23,88,Passed
6637,5189,1150,2025-09-24 10:00:00,Completed,Attended,2025-11-11,60,Failed
6638,5066,1886,2026-03-02 10:00:00,Completed,Attended,2026-03-17,87,Passed
6639,5127,1618,2025-02-25 10:00:00,Completed,Attended,2025-04-03,75,Passed
6640,5020,1441,2026-02-06 10:00:00,Completed,Attended,2026-03-08,63,Failed
6641,5065,1642,2025-11-13 10:00:00,Completed,Attended,2025-11-28,68,Failed
6642,5118,1493,2025-03-09 10:00:00,Completed,Attended,2025-04-18,76,Passed
6643,5051,1958,2025-04-14 10:00:00,Completed,Attended,2025-05-13,88,Passed
6644,5188,1035,2026-07-22 10:00:00,Completed,Attended,2026-08-10,93,Passed
6645,5082,1771,2025-06-01 10:00:00,Completed,Attended,2025-07-14,82,Passed
6646,5198,1933,2025-03-25 10:00:00,Completed,Attended,2025-04-15,78,Passed
6647,5210,1539,2025-09-09 10:00:00,Completed,Attended,2025-10-01,86,Passed
6648,5116,1697,2025-03-07 10:00:00,Completed,Attended,2025-03-16,82,Passed
6649,5235,1772,2026-01-01 10:00:00,Completed,Attended,2026-01-13,86,Passed
6650,5004,1195,2025-02-21 10:00:00,Completed,Attended,2025-03-24,75,Passed
6651,5024,1884,2025-09-19 10:00:00,Completed,Attended,2025-11-13,60,Failed
6652,5220,1862,2026-04-19 10:00:00,Completed,Attended,2026-05-14,92,Passed
6653,5232,1400,2025-11-25 10:00:00,InProgress,Attended,,,NotAssessed
6654,5156,1557,2025-06-04 10:00:00,Completed,Attended,2025-07-16,93,Passed
6655,5197,1191,2025-05-29 10:00:00,Completed,Attended,2025-07-06,63,Failed
6656,5210,1879,2025-09-09 10:00:00,Completed,Attended,2025-10-01,58,Failed
6657,5198,1945,2025-03-13 10:00:00,Completed,Attended,2025-04-15,99,Passed
6658,5232,1031,2025-12-03 10:00:00,Completed,Attended,2026-01-17,79,Passed
6659,5171,1971,2026-08-09 10:00:00,Completed,Attended,2026-08-29,84,Passed
6660,5220,1850,2026-04-03 10:00:00,Completed,Attended,2026-05-14,74,Passed
6661,5249,1423,2025-01-05 10:00:00,Completed,Attended,2025-02-12,88,Passed
6662,5234,1650,2025-10-02 10:00:00,Completed,Attended,2025-11-16,67,Failed
6663,5185,1349,2026-03-28 10:00:00,Completed,Attended,2026-04-16,91,Passed
6664,5178,1902,2025-09-17 10:00:00,Completed,Attended,2025-09-26,70,Passed
6665,5157,1246,2026-01-13 10:00:00,Completed,Attended,2026-02-13,88,Passed
6666,5196,1848,2025-05-30 10:00:00,Completed,Attended,2025-07-04,79,Passed
6667,5150,1800,2025-03-31 10:00:00,Cancelled,NotApplicable,,,NotAssessed
6668,5197,1505,2025-06-19 10:00:00,NoShow,Absent,,,NotAssessed
6669,5092,1558,2025-11-27 10:00:00,Completed,Attended,2026-01-04,74,Passed
6670,5058,1705,2026-04-15 10:00:00,Completed,Attended,2026-05-10,93,Passed
6671,5176,1875,2026-04-10 10:00:00,Cancelled,NotApplicable,,,NotAssessed
6672,5091,1793,2025-10-17 10:00:00,Completed,Attended,2025-11-14,70,Passed
6673,5006,1797,2025-07-09 10:00:00,Completed,Attended,2025-08-30,67,Failed
6674,5004,2086,2025-01-31 10:00:00,Completed,Attended,2025-03-24,78,Passed
6675,5225,1239,2026-07-09 10:00:00,Completed,Attended,2026-08-15,98,Passed
6676,5005,1858,2025-03-02 10:00:00,Completed,Attended,2025-04-25,72,Passed
6677,5196,1769,2025-06-24 10:00:00,Completed,Attended,2025-07-04,61,Failed
6678,5014,1921,2025-03-12 10:00:00,Completed,Attended,2025-04-01,100,Passed
6679,5048,1975,2025-11-11 10:00:00,Completed,Attended,2025-12-24,59,Failed
6680,5047,1215,2025-10-16 10:00:00,Completed,Attended,2025-11-27,73,Passed
6681,5152,1037,2025-09-21 10:00:00,Completed,Attended,2025-10-08,97,Passed
6682,5192,2050,2025-08-15 10:00:00,Completed,Attended,2025-08-23,77,Passed
6683,5188,1326,2026-07-03 10:00:00,Cancelled,NotApplicable,,,NotAssessed
6684,5210,1307,2025-09-23 10:00:00,Completed,Attended,2025-10-01,86,Passed
6685,5205,1220,2025-09-22 10:00:00,Completed,Attended,2025-11-04,56,Failed
6686,5173,1329,2025-10-08 10:00:00,Completed,Attended,2025-11-29,71,Passed
6687,5009,1504,2025-09-28 10:00:00,NoShow,Absent,,,NotAssessed
6688,5165,1312,2025-01-16 10:00:00,Completed,Attended,2025-02-01,70,Passed
6689,5213,1036,2026-05-10 10:00:00,Completed,Attended,2026-06-03,78,Passed
6690,5055,2080,2025-01-12 10:00:00,InProgress,Attended,,,NotAssessed
6691,5091,2028,2025-10-26 10:00:00,Completed,Attended,2025-11-14,70,Passed
6692,5007,1283,2025-11-19 10:00:00,Completed,Attended,2026-01-12,90,Passed
6693,5167,1419,2025-10-02 10:00:00,Completed,Attended,2025-10-26,100,Passed
6694,5116,1452,2025-03-08 10:00:00,Completed,Attended,2025-03-16,80,Passed
6695,5231,1307,2025-04-03 10:00:00,Completed,Attended,2025-04-30,53,Failed
6696,5113,1211,2025-01-29 10:00:00,Completed,Attended,2025-02-12,57,Failed
6697,5169,1950,2025-11-18 10:00:00,Completed,Attended,2025-12-13,81,Passed
6698,5156,1768,2025-06-21 10:00:00,Completed,Attended,2025-07-16,88,Passed
6699,5073,1937,2025-11-29 10:00:00,Completed,Attended,2026-01-08,96,Passed
6700,5116,1074,2025-02-13 10:00:00,Completed,Attended,2025-03-16,83,Passed
6701,5088,1149,2025-05-31 10:00:00,Completed,Attended,2025-06-23,90,Passed
6702,5067,1123,2026-06-26 10:00:00,Completed,Attended,2026-07-21,76,Passed
6703,5205,1493,2025-10-13 10:00:00,Completed,Attended,2025-11-04,81,Passed
6704,5205,1167,2025-09-23 10:00:00,Completed,Attended,2025-11-04,79,Passed
6705,5022,1375,2026-07-13 10:00:00,InProgress,Attended,,,NotAssessed
6706,5015,1266,2026-02-05 10:00:00,Completed,Attended,2026-03-26,71,Passed
6707,5124,1393,2025-08-14 10:00:00,Completed,Attended,2025-09-28,61,Failed
6708,5048,1999,2025-11-26 10:00:00,Completed,Attended,2025-12-24,73,Passed
6709,5219,1229,2025-10-08 10:00:00,Completed,Attended,2025-11-24,80,Passed
6710,5141,1786,2025-03-23 10:00:00,Completed,Attended,2025-05-17,70,Passed
6711,5089,1846,2025-06-19 10:00:00,Cancelled,NotApplicable,,,NotAssessed
6712,5248,1706,2025-10-15 10:00:00,Completed,Attended,2025-11-07,75,Passed
6713,5038,1564,2026-03-19 10:00:00,Cancelled,NotApplicable,,,NotAssessed
6714,5089,2005,2025-05-30 10:00:00,Completed,Attended,2025-07-13,80,Passed
6715,5056,1621,2026-02-26 10:00:00,Completed,Attended,2026-04-04,73,Passed
6716,5197,1808,2025-05-24 10:00:00,Completed,Attended,2025-07-06,71,Passed
6717,5198,1632,2025-03-02 10:00:00,Completed,Attended,2025-04-15,60,Failed
6718,5032,1324,2026-06-09 10:00:00,Completed,Attended,2026-06-18,79,Passed
6719,5129,2053,2025-04-09 10:00:00,Completed,Attended,2025-05-27,63,Failed
6720,5198,1721,2025-04-01 10:00:00,Cancelled,NotApplicable,,,NotAssessed
6721,5156,1812,2025-06-08 10:00:00,Completed,Attended,2025-07-16,66,Failed
6722,5058,1252,2026-04-17 10:00:00,Completed,Attended,2026-05-10,54,Failed
6723,5227,2003,2025-02-10 10:00:00,Cancelled,NotApplicable,,,NotAssessed
6724,5091,1397,2025-09-19 10:00:00,NoShow,Absent,,,NotAssessed
6725,5111,1789,2025-11-11 10:00:00,Completed,Attended,2025-12-09,84,Passed
6726,5071,1549,2026-01-01 10:00:00,Completed,Attended,2026-02-18,80,Passed
6727,5114,1707,2026-03-02 10:00:00,Completed,Attended,2026-04-09,93,Passed
6728,5141,1211,2025-03-25 10:00:00,Completed,Attended,2025-05-17,73,Passed
6729,5036,1971,2026-05-07 10:00:00,Completed,Attended,2026-05-15,78,Passed
6730,5073,2058,2025-12-01 10:00:00,NoShow,Absent,,,NotAssessed
6731,5076,1373,2026-07-10 10:00:00,Completed,Attended,2026-08-25,90,Passed
6732,5036,2057,2026-03-26 10:00:00,Cancelled,NotApplicable,,,NotAssessed
6733,5197,1140,2025-06-13 10:00:00,Completed,Attended,2025-07-06,94,Passed
6734,5160,1725,2025-11-13 10:00:00,Completed,Attended,2026-01-08,92,Passed
6735,5100,1727,2025-07-30 10:00:00,Completed,Attended,2025-08-26,73,Passed
6736,5057,2056,2025-11-10 10:00:00,Cancelled,NotApplicable,,,NotAssessed
6737,5122,2094,2025-01-21 10:00:00,Completed,Attended,2025-03-10,74,Passed
6738,5237,1939,2026-06-01 10:00:00,Completed,Attended,2026-07-16,100,Passed
6739,5192,1863,2025-07-26 10:00:00,Completed,Attended,2025-08-23,85,Passed
6740,5015,1099,2026-02-03 10:00:00,Cancelled,NotApplicable,,,NotAssessed
6741,5229,1808,2026-03-30 10:00:00,Completed,Attended,2026-05-16,71,Passed
6742,5244,1625,2025-05-14 10:00:00,Completed,Attended,2025-05-26,76,Passed
6743,5202,1784,2025-04-19 10:00:00,Completed,Attended,2025-05-28,100,Passed
6744,5105,1964,2026-07-14 10:00:00,Completed,Attended,2026-07-25,72,Passed
6745,5128,2084,2025-06-10 10:00:00,Completed,Attended,2025-06-26,78,Passed
6746,5073,1840,2025-12-07 10:00:00,InProgress,Attended,,,NotAssessed
6747,5210,1931,2025-08-23 10:00:00,Completed,Attended,2025-10-01,79,Passed
6748,5105,1324,2026-06-30 10:00:00,Cancelled,NotApplicable,,,NotAssessed
6749,5005,1416,2025-04-08 10:00:00,Completed,Attended,2025-04-25,71,Passed
6750,5019,1005,2025-04-26 10:00:00,NoShow,Absent,,,NotAssessed
6751,5191,1309,2025-08-09 10:00:00,InProgress,Attended,,,NotAssessed
6752,5076,1053,2026-07-20 10:00:00,Completed,Attended,2026-08-25,91,Passed
6753,5190,1423,2025-08-13 10:00:00,Completed,Attended,2025-08-24,80,Passed
6754,5089,1687,2025-06-11 10:00:00,Completed,Attended,2025-07-13,85,Passed
6755,5106,1792,2026-04-03 10:00:00,Completed,Attended,2026-05-13,83,Passed
6756,5084,2017,2026-05-28 10:00:00,Completed,Attended,2026-07-09,99,Passed
6757,5176,1039,2026-04-04 10:00:00,Completed,Attended,2026-05-16,74,Passed
6758,5196,1060,2025-06-15 10:00:00,Completed,Attended,2025-07-04,77,Passed
6759,5118,1339,2025-03-22 10:00:00,Completed,Attended,2025-04-18,61,Failed
6760,5086,1741,2024-12-04 10:00:00,Completed,Attended,2025-01-12,76,Passed
6761,5020,2020,2026-02-06 10:00:00,Completed,Attended,2026-03-08,57,Failed
6762,5145,1547,2026-08-04 10:00:00,Completed,Attended,2026-08-13,83,Passed
6763,5047,1657,2025-11-10 10:00:00,Completed,Attended,2025-11-27,74,Passed
6764,5176,1434,2026-04-13 10:00:00,Cancelled,NotApplicable,,,NotAssessed
6765,5105,1428,2026-07-15 10:00:00,NoShow,Absent,,,NotAssessed
6766,5024,1977,2025-10-21 10:00:00,Completed,Attended,2025-11-13,93,Passed
6767,5073,1610,2025-12-22 10:00:00,Completed,Attended,2026-01-08,68,Failed
6768,5246,1942,2026-06-06 10:00:00,Completed,Attended,2026-06-15,95,Passed
6769,5069,1379,2024-12-01 10:00:00,Completed,Attended,2025-01-07,81,Passed
6770,5139,1015,2026-07-06 10:00:00,Completed,Attended,2026-08-21,58,Failed
6771,5022,1557,2026-06-25 10:00:00,NoShow,Absent,,,NotAssessed
6772,5045,1980,2026-03-05 10:00:00,NoShow,Absent,,,NotAssessed
6773,5025,1926,2026-01-10 10:00:00,Cancelled,NotApplicable,,,NotAssessed
6774,5016,1175,2024-12-30 10:00:00,Cancelled,NotApplicable,,,NotAssessed
6775,5225,1388,2026-07-08 10:00:00,Completed,Attended,2026-08-15,78,Passed
6776,5001,2050,2026-02-20 10:00:00,Completed,Attended,2026-03-27,54,Failed
6777,5192,1618,2025-07-27 10:00:00,Completed,Attended,2025-08-23,82,Passed
6778,5010,1684,2026-05-20 10:00:00,InProgress,Attended,,,NotAssessed
6779,5053,1119,2025-05-19 10:00:00,Completed,Attended,2025-06-18,89,Passed
6780,5101,1751,2025-04-13 10:00:00,Completed,Attended,2025-04-28,94,Passed
6781,5042,1437,2026-03-25 10:00:00,Cancelled,NotApplicable,,,NotAssessed
6782,5065,1205,2025-11-18 10:00:00,Completed,Attended,2025-11-28,90,Passed
6783,5119,1234,2025-06-26 10:00:00,Completed,Attended,2025-08-19,69,Failed
6784,5221,1706,2026-07-02 10:00:00,Completed,Attended,2026-07-16,100,Passed
6785,5234,1081,2025-10-14 10:00:00,Completed,Attended,2025-11-16,67,Failed
6786,5084,1131,2026-06-19 10:00:00,Completed,Attended,2026-07-09,58,Failed
6787,5151,1874,2026-01-10 10:00:00,InProgress,Attended,,,NotAssessed
6788,5074,1653,2026-06-16 10:00:00,NoShow,Absent,,,NotAssessed
6789,5065,1372,2025-10-23 10:00:00,Completed,Attended,2025-11-28,92,Passed
6790,5084,1282,2026-05-17 10:00:00,Completed,Attended,2026-07-09,79,Passed
6791,5001,1949,2026-02-02 10:00:00,Completed,Attended,2026-03-27,77,Passed
6792,5196,1929,2025-06-17 10:00:00,Completed,Attended,2025-07-04,82,Passed
6793,5129,1511,2025-05-10 10:00:00,Completed,Attended,2025-05-27,74,Passed
6794,5039,1757,2026-01-04 10:00:00,InProgress,Attended,,,NotAssessed
6795,5069,1956,2024-11-16 10:00:00,Completed,Attended,2025-01-07,62,Failed
6796,5191,1284,2025-08-20 10:00:00,Completed,Attended,2025-09-22,77,Passed
6797,5153,1590,2025-08-30 10:00:00,Completed,Attended,2025-10-25,79,Passed
6798,5006,1555,2025-07-09 10:00:00,Completed,Attended,2025-08-30,100,Passed
6799,5003,1274,2026-06-07 10:00:00,Completed,Attended,2026-07-21,62,Failed
6800,5133,1451,2026-02-25 10:00:00,Completed,Attended,2026-03-23,91,Passed
6801,5182,1724,2025-04-29 10:00:00,Completed,Attended,2025-05-16,78,Passed
6802,5032,2098,2026-06-06 10:00:00,Completed,Attended,2026-06-18,78,Passed
6803,5099,1356,2025-08-27 10:00:00,Completed,Attended,2025-09-06,79,Passed
6804,5154,1989,2025-08-14 10:00:00,Completed,Attended,2025-09-19,100,Passed
6805,5248,1344,2025-10-30 10:00:00,Completed,Attended,2025-11-07,62,Failed
6806,5161,1795,2025-05-21 10:00:00,Completed,Attended,2025-06-01,55,Failed
6807,5092,1233,2025-11-16 10:00:00,Completed,Attended,2026-01-04,84,Passed
6808,5095,2039,2025-03-29 10:00:00,Completed,Attended,2025-05-03,78,Passed
6809,5195,2067,2025-09-21 10:00:00,Completed,Attended,2025-10-25,74,Passed
6810,5070,1172,2025-10-09 10:00:00,Completed,Attended,2025-11-19,84,Passed
6811,5144,1698,2025-03-17 10:00:00,Completed,Attended,2025-04-13,81,Passed
6812,5177,1821,2025-10-11 10:00:00,InProgress,Attended,,,NotAssessed
6813,5240,1227,2025-03-20 10:00:00,Completed,Attended,2025-05-15,75,Passed
6814,5235,1780,2025-12-14 10:00:00,Completed,Attended,2026-01-13,93,Passed
6815,5184,1765,2026-02-11 10:00:00,Cancelled,NotApplicable,,,NotAssessed
6816,5146,1536,2025-07-13 10:00:00,Completed,Attended,2025-08-04,92,Passed
6817,5131,1334,2026-04-15 10:00:00,Completed,Attended,2026-04-28,93,Passed
6818,5035,1909,2025-02-02 10:00:00,Completed,Attended,2025-03-21,100,Passed
6819,5197,1196,2025-05-17 10:00:00,Completed,Attended,2025-07-06,65,Failed
6820,5223,1482,2025-10-17 10:00:00,Completed,Attended,2025-11-14,59,Failed
6821,5081,1100,2025-02-15 10:00:00,Completed,Attended,2025-03-31,79,Passed
6822,5060,1471,2025-05-18 10:00:00,Completed,Attended,2025-07-10,81,Passed
6823,5185,1015,2026-03-24 10:00:00,Completed,Attended,2026-04-16,81,Passed
6824,5038,1743,2026-04-06 10:00:00,Completed,Attended,2026-04-29,77,Passed
6825,5152,1561,2025-08-22 10:00:00,Completed,Attended,2025-10-08,66,Failed
6826,5210,2035,2025-09-06 10:00:00,Completed,Attended,2025-10-01,82,Passed
6827,5039,1833,2025-12-18 10:00:00,InProgress,Attended,,,NotAssessed
6828,5141,1555,2025-04-07 10:00:00,Completed,Attended,2025-05-17,72,Passed
6829,5086,1838,2024-12-17 10:00:00,InProgress,Attended,,,NotAssessed
6830,5243,1405,2025-07-11 10:00:00,Completed,Attended,2025-07-19,96,Passed
6831,5244,1193,2025-04-05 10:00:00,Cancelled,NotApplicable,,,NotAssessed
6832,5079,1651,2025-08-13 10:00:00,Completed,Attended,2025-08-27,82,Passed
6833,5157,1835,2026-01-10 10:00:00,Completed,Attended,2026-02-13,76,Passed
6834,5205,1581,2025-10-10 10:00:00,InProgress,Attended,,,NotAssessed
6835,5118,1208,2025-03-14 10:00:00,NoShow,Absent,,,NotAssessed
6836,5143,1875,2026-03-05 10:00:00,Completed,Attended,2026-04-21,88,Passed
6837,5216,1987,2026-01-08 10:00:00,Completed,Attended,2026-02-02,71,Passed
6838,5050,1312,2025-11-12 10:00:00,Completed,Attended,2026-01-01,68,Failed
6839,5250,1056,2025-05-28 10:00:00,Completed,Attended,2025-06-28,68,Failed
6840,5022,1981,2026-07-25 10:00:00,Completed,Attended,2026-08-04,76,Passed
6841,5216,1816,2026-01-15 10:00:00,InProgress,Attended,,,NotAssessed
6842,5209,1618,2025-03-07 10:00:00,Completed,Attended,2025-04-13,69,Failed
6843,5096,1973,2025-03-22 10:00:00,Completed,Attended,2025-05-01,80,Passed
6844,5198,2066,2025-04-01 10:00:00,Completed,Attended,2025-04-15,71,Passed
6845,5242,1658,2025-01-03 10:00:00,Completed,Attended,2025-02-19,74,Passed
6846,5144,1135,2025-03-10 10:00:00,InProgress,Attended,,,NotAssessed
6847,5160,1989,2025-12-27 10:00:00,Completed,Attended,2026-01-08,78,Passed
6848,5087,1756,2025-12-16 10:00:00,Completed,Attended,2026-01-20,79,Passed
6849,5161,1052,2025-05-15 10:00:00,Cancelled,NotApplicable,,,NotAssessed
6850,5010,1559,2026-06-24 10:00:00,InProgress,Attended,,,NotAssessed
6851,5222,1586,2025-07-27 10:00:00,Completed,Attended,2025-08-11,81,Passed
6852,5041,1139,2025-11-13 10:00:00,Completed,Attended,2026-01-05,100,Passed
6853,5085,1428,2025-08-21 10:00:00,InProgress,Attended,,,NotAssessed
6854,5177,1962,2025-09-13 10:00:00,Cancelled,NotApplicable,,,NotAssessed
6855,5003,1943,2026-06-08 10:00:00,Completed,Attended,2026-07-21,88,Passed
6856,5100,1729,2025-07-16 10:00:00,Completed,Attended,2025-08-26,84,Passed
6857,5071,1079,2026-01-05 10:00:00,Completed,Attended,2026-02-18,72,Passed
6858,5195,1426,2025-09-16 10:00:00,Completed,Attended,2025-10-25,97,Passed
6859,5051,1157,2025-04-10 10:00:00,Completed,Attended,2025-05-13,75,Passed
6860,5228,1257,2025-03-27 10:00:00,Completed,Attended,2025-05-11,70,Passed
6861,5034,1494,2025-03-09 10:00:00,Cancelled,NotApplicable,,,NotAssessed
6862,5192,1634,2025-07-27 10:00:00,Completed,Attended,2025-08-23,78,Passed
6863,5075,1456,2026-05-30 10:00:00,Completed,Attended,2026-07-16,73,Passed
6864,5009,1180,2025-09-11 10:00:00,Completed,Attended,2025-10-30,82,Passed
6865,5135,1033,2025-11-26 10:00:00,NoShow,Absent,,,NotAssessed
6866,5250,1513,2025-05-07 10:00:00,Completed,Attended,2025-06-28,79,Passed
6867,5011,1943,2025-05-21 10:00:00,Completed,Attended,2025-06-03,82,Passed
6868,5035,1518,2025-02-20 10:00:00,Completed,Attended,2025-03-21,78,Passed
6869,5001,1309,2026-03-11 10:00:00,Completed,Attended,2026-03-27,78,Passed
6870,5047,1154,2025-10-03 10:00:00,Completed,Attended,2025-11-27,87,Passed
6871,5223,2029,2025-10-19 10:00:00,Completed,Attended,2025-11-14,93,Passed
6872,5074,1394,2026-06-06 10:00:00,NoShow,Absent,,,NotAssessed
6873,5052,1743,2024-12-12 10:00:00,Completed,Attended,2025-01-14,65,Failed
6874,5084,1926,2026-06-15 10:00:00,Completed,Attended,2026-07-09,72,Passed
6875,5116,1831,2025-02-19 10:00:00,Completed,Attended,2025-03-16,47,Failed
6876,5012,1007,2025-02-03 10:00:00,Completed,Attended,2025-03-17,50,Failed
6877,5037,1459,2025-09-08 10:00:00,Completed,Attended,2025-10-24,78,Passed
6878,5190,1151,2025-08-14 10:00:00,Completed,Attended,2025-08-24,65,Failed
6879,5090,1934,2025-02-19 10:00:00,Completed,Attended,2025-03-30,70,Passed
6880,5215,2073,2026-02-07 10:00:00,Completed,Attended,2026-03-02,71,Passed
6881,5088,1163,2025-05-24 10:00:00,Completed,Attended,2025-06-23,90,Passed
6882,5079,2049,2025-07-01 10:00:00,Completed,Attended,2025-08-27,67,Failed
6883,5116,1892,2025-02-10 10:00:00,InProgress,Attended,,,NotAssessed
6884,5005,1793,2025-03-29 10:00:00,Completed,Attended,2025-04-25,67,Failed
6885,5124,1834,2025-09-18 10:00:00,Completed,Attended,2025-09-28,80,Passed
6886,5217,1818,2025-06-13 10:00:00,NoShow,Absent,,,NotAssessed
6887,5084,1838,2026-05-29 10:00:00,Completed,Attended,2026-07-09,71,Passed
6888,5246,1121,2026-04-22 10:00:00,Completed,Attended,2026-06-15,91,Passed
6889,5105,1776,2026-07-13 10:00:00,Completed,Attended,2026-07-25,78,Passed
6890,5232,1525,2025-11-30 10:00:00,Cancelled,NotApplicable,,,NotAssessed
6891,5148,1198,2025-10-19 10:00:00,Completed,Attended,2025-11-07,87,Passed
6892,5228,1119,2025-03-15 10:00:00,Completed,Attended,2025-05-11,82,Passed
6893,5234,2053,2025-10-28 10:00:00,Completed,Attended,2025-11-16,77,Passed
6894,5046,1469,2024-12-29 10:00:00,Completed,Attended,2025-01-24,56,Failed
6895,5215,2079,2026-02-11 10:00:00,Completed,Attended,2026-03-02,98,Passed
6896,5225,1702,2026-06-28 10:00:00,NoShow,Absent,,,NotAssessed
6897,5033,1341,2025-03-17 10:00:00,Completed,Attended,2025-05-11,62,Failed
6898,5034,2089,2025-02-23 10:00:00,Completed,Attended,2025-03-19,80,Passed
6899,5114,1183,2026-02-26 10:00:00,Completed,Attended,2026-04-09,62,Failed
6900,5003,1781,2026-06-01 10:00:00,Completed,Attended,2026-07-21,75,Passed
6901,5122,1085,2025-02-12 10:00:00,Completed,Attended,2025-03-10,65,Failed
6902,5092,1362,2025-12-09 10:00:00,Completed,Attended,2026-01-04,84,Passed
6903,5239,1847,2025-12-20 10:00:00,Cancelled,NotApplicable,,,NotAssessed
6904,5180,1539,2026-01-09 10:00:00,Completed,Attended,2026-01-25,80,Passed
6905,5210,1510,2025-09-12 10:00:00,Completed,Attended,2025-10-01,68,Failed
6906,5170,1180,2025-08-23 10:00:00,Completed,Attended,2025-09-19,100,Passed
6907,5037,1084,2025-10-03 10:00:00,Completed,Attended,2025-10-24,85,Passed
6908,5169,1831,2025-11-26 10:00:00,NoShow,Absent,,,NotAssessed
6909,5184,1775,2026-01-01 10:00:00,Completed,Attended,2026-02-21,71,Passed
6910,5092,1141,2025-12-16 10:00:00,Completed,Attended,2026-01-04,74,Passed
6911,5163,1063,2025-04-16 10:00:00,Completed,Attended,2025-05-18,74,Passed
6912,5009,1906,2025-10-09 10:00:00,InProgress,Attended,,,NotAssessed
6913,5102,1840,2026-02-26 10:00:00,Completed,Attended,2026-03-25,78,Passed
6914,5010,1857,2026-06-13 10:00:00,Completed,Attended,2026-07-05,79,Passed
6915,5225,1590,2026-07-22 10:00:00,Completed,Attended,2026-08-15,86,Passed
6916,5138,1632,2025-06-02 10:00:00,InProgress,Attended,,,NotAssessed
6917,5117,1088,2025-03-17 10:00:00,Completed,Attended,2025-04-17,70,Passed
6918,5233,1434,2025-03-23 10:00:00,Cancelled,NotApplicable,,,NotAssessed
6919,5020,1422,2026-02-24 10:00:00,Completed,Attended,2026-03-08,80,Passed
6920,5008,1947,2025-11-04 10:00:00,Completed,Attended,2025-12-27,69,Failed
6921,5127,1413,2025-03-02 10:00:00,Completed,Attended,2025-04-03,81,Passed
6922,5018,1743,2025-01-19 10:00:00,NoShow,Absent,,,NotAssessed
6923,5003,1042,2026-07-01 10:00:00,Completed,Attended,2026-07-21,74,Passed
6924,5052,1830,2025-01-06 10:00:00,InProgress,Attended,,,NotAssessed
6925,5193,1571,2026-05-20 10:00:00,Completed,Attended,2026-07-13,92,Passed
6926,5190,1635,2025-07-01 10:00:00,Completed,Attended,2025-08-24,68,Failed
6927,5130,1156,2026-03-27 10:00:00,Completed,Attended,2026-05-21,93,Passed
6928,5227,1742,2025-01-16 10:00:00,Cancelled,NotApplicable,,,NotAssessed
6929,5070,1242,2025-10-01 10:00:00,Completed,Attended,2025-11-19,88,Passed
6930,5130,1624,2026-04-23 10:00:00,Completed,Attended,2026-05-21,73,Passed
6931,5223,1783,2025-10-19 10:00:00,Completed,Attended,2025-11-14,63,Failed
6932,5070,1996,2025-10-30 10:00:00,Completed,Attended,2025-11-19,70,Passed
6933,5188,1726,2026-07-28 10:00:00,Completed,Attended,2026-08-10,60,Failed
6934,5233,1687,2025-04-05 10:00:00,Completed,Attended,2025-05-07,81,Passed
6935,5165,1849,2024-12-22 10:00:00,Completed,Attended,2025-02-01,81,Passed
6936,5076,1784,2026-08-15 10:00:00,Completed,Attended,2026-08-25,84,Passed
6937,5224,1824,2025-06-16 10:00:00,Completed,Attended,2025-07-12,100,Passed
6938,5189,1308,2025-09-15 10:00:00,Cancelled,NotApplicable,,,NotAssessed
6939,5005,2018,2025-03-22 10:00:00,Cancelled,NotApplicable,,,NotAssessed
6940,5238,1822,2025-03-22 10:00:00,Completed,Attended,2025-05-17,68,Failed
6941,5041,1138,2025-11-15 10:00:00,Completed,Attended,2026-01-05,65,Failed
6942,5107,1557,2026-02-08 10:00:00,Completed,Attended,2026-03-19,94,Passed
6943,5221,1170,2026-06-06 10:00:00,Completed,Attended,2026-07-16,76,Passed
6944,5170,2088,2025-09-07 10:00:00,Completed,Attended,2025-09-19,87,Passed
6945,5121,1968,2026-06-05 10:00:00,Completed,Attended,2026-07-05,81,Passed
6946,5046,1260,2024-12-03 10:00:00,NoShow,Absent,,,NotAssessed
6947,5179,1136,2025-10-18 10:00:00,Completed,Attended,2025-11-08,71,Passed
6948,5055,1406,2025-01-10 10:00:00,Completed,Attended,2025-02-19,85,Passed
6949,5172,1254,2025-10-31 10:00:00,Completed,Attended,2025-11-28,79,Passed
6950,5168,1362,2025-07-28 10:00:00,InProgress,Attended,,,NotAssessed
6951,5073,1807,2025-11-30 10:00:00,Completed,Attended,2026-01-08,78,Passed
6952,5124,1989,2025-08-20 10:00:00,Completed,Attended,2025-09-28,76,Passed
6953,5097,1468,2025-09-28 10:00:00,Completed,Attended,2025-10-24,79,Passed
6954,5239,1346,2025-11-29 10:00:00,Completed,Attended,2026-01-16,82,Passed
6955,5231,1891,2025-04-01 10:00:00,Completed,Attended,2025-04-30,96,Passed
6956,5098,1287,2026-01-11 10:00:00,Completed,Attended,2026-02-16,89,Passed
6957,5075,1385,2026-06-12 10:00:00,NoShow,Absent,,,NotAssessed
6958,5209,1542,2025-03-01 10:00:00,Completed,Attended,2025-04-13,99,Passed
6959,5157,1400,2025-12-28 10:00:00,Completed,Attended,2026-02-13,70,Passed
6960,5069,1756,2024-12-28 10:00:00,Cancelled,NotApplicable,,,NotAssessed
6961,5029,1311,2025-09-18 10:00:00,Completed,Attended,2025-09-26,83,Passed
6962,5190,1111,2025-07-27 10:00:00,Completed,Attended,2025-08-24,83,Passed
6963,5149,1536,2026-02-22 10:00:00,NoShow,Absent,,,NotAssessed
6964,5210,1516,2025-08-14 10:00:00,Completed,Attended,2025-10-01,89,Passed
6965,5160,1459,2025-11-29 10:00:00,Completed,Attended,2026-01-08,59,Failed
6966,5190,1372,2025-08-01 10:00:00,Completed,Attended,2025-08-24,79,Passed
6967,5138,1754,2025-07-01 10:00:00,Completed,Attended,2025-07-15,81,Passed
6968,5023,1127,2025-01-26 10:00:00,Completed,Attended,2025-03-22,66,Failed
6969,5145,1298,2026-08-03 10:00:00,Completed,Attended,2026-08-13,71,Passed
6970,5065,1069,2025-11-07 10:00:00,Completed,Attended,2025-11-28,100,Passed
6971,5133,1971,2026-02-22 10:00:00,Completed,Attended,2026-03-23,66,Failed
6972,5179,1699,2025-10-20 10:00:00,NoShow,Absent,,,NotAssessed
6973,5006,2064,2025-07-07 10:00:00,Completed,Attended,2025-08-30,93,Passed
6974,5058,1083,2026-04-02 10:00:00,Completed,Attended,2026-05-10,80,Passed
6975,5239,1848,2025-12-10 10:00:00,Completed,Attended,2026-01-16,54,Failed
6976,5197,1634,2025-06-14 10:00:00,Completed,Attended,2025-07-06,83,Passed
6977,5247,1851,2026-08-05 10:00:00,NoShow,Absent,,,NotAssessed
6978,5101,1988,2025-03-13 10:00:00,Completed,Attended,2025-04-28,43,Failed
6979,5064,1339,2025-03-12 10:00:00,InProgress,Attended,,,NotAssessed
6980,5103,1046,2025-09-08 10:00:00,Completed,Attended,2025-10-08,69,Failed
6981,5016,1116,2024-12-24 10:00:00,Completed,Attended,2025-01-28,69,Failed
6982,5124,1379,2025-09-09 10:00:00,Completed,Attended,2025-09-28,85,Passed
6983,5135,1285,2025-11-11 10:00:00,Completed,Attended,2025-12-29,75,Passed
6984,5153,1369,2025-08-30 10:00:00,Completed,Attended,2025-10-25,82,Passed
6985,5069,1260,2024-12-21 10:00:00,Completed,Attended,2025-01-07,97,Passed
6986,5218,1226,2025-11-17 10:00:00,Completed,Attended,2025-12-02,83,Passed
6987,5068,1761,2025-05-10 10:00:00,Completed,Attended,2025-05-28,98,Passed
6988,5025,1547,2026-01-12 10:00:00,NoShow,Absent,,,NotAssessed
6989,5053,1255,2025-04-24 10:00:00,Completed,Attended,2025-06-18,72,Passed
6990,5233,1783,2025-04-19 10:00:00,Completed,Attended,2025-05-07,89,Passed
6991,5084,1517,2026-05-22 10:00:00,Completed,Attended,2026-07-09,73,Passed
6992,5134,1856,2025-06-11 10:00:00,InProgress,Attended,,,NotAssessed
6993,5014,1909,2025-02-10 10:00:00,Completed,Attended,2025-04-01,70,Passed
6994,5203,1898,2025-11-06 10:00:00,InProgress,Attended,,,NotAssessed
6995,5084,1422,2026-06-06 10:00:00,InProgress,Attended,,,NotAssessed
6996,5175,1222,2026-02-21 10:00:00,Completed,Attended,2026-04-14,60,Failed
6997,5147,1647,2025-02-15 10:00:00,Completed,Attended,2025-04-13,92,Passed
6998,5036,1206,2026-04-17 10:00:00,Completed,Attended,2026-05-15,62,Failed
6999,5236,1176,2025-11-18 10:00:00,Completed,Attended,2025-11-29,80,Passed
7000,5233,1689,2025-04-20 10:00:00,InProgress,Attended,,,NotAssessed
7001,5120,1307,2025-07-07 10:00:00,Completed,Attended,2025-07-20,94,Passed
7002,5078,1501,2025-01-03 10:00:00,InProgress,Attended,,,NotAssessed
7003,5202,1893,2025-05-14 10:00:00,Completed,Attended,2025-05-28,71,Passed
7004,5103,2017,2025-08-25 10:00:00,Completed,Attended,2025-10-08,84,Passed
7005,5075,1728,2026-06-25 10:00:00,InProgress,Attended,,,NotAssessed
7006,5085,1289,2025-08-22 10:00:00,Completed,Attended,2025-10-14,76,Passed
7007,5248,1356,2025-10-03 10:00:00,Completed,Attended,2025-11-07,80,Passed
7008,5063,1205,2026-04-24 10:00:00,Completed,Attended,2026-06-12,68,Failed
7009,5124,1935,2025-08-10 10:00:00,Completed,Attended,2025-09-28,87,Passed
7010,5250,1914,2025-05-31 10:00:00,Completed,Attended,2025-06-28,72,Passed
7011,5180,1304,2025-12-23 10:00:00,InProgress,Attended,,,NotAssessed
7012,5227,1034,2025-01-19 10:00:00,Completed,Attended,2025-03-12,85,Passed
7013,5038,1799,2026-04-01 10:00:00,Completed,Attended,2026-04-29,74,Passed
7014,5066,1252,2026-02-13 10:00:00,Completed,Attended,2026-03-17,75,Passed
7015,5016,1269,2024-12-29 10:00:00,Completed,Attended,2025-01-28,89,Passed
7016,5164,1301,2025-02-09 10:00:00,Completed,Attended,2025-03-12,71,Passed
7017,5089,1106,2025-06-11 10:00:00,Completed,Attended,2025-07-13,100,Passed
7018,5250,1457,2025-05-18 10:00:00,NoShow,Absent,,,NotAssessed
7019,5158,1774,2026-02-09 10:00:00,Completed,Attended,2026-02-23,90,Passed
7020,5181,1791,2025-11-25 10:00:00,Completed,Attended,2025-12-29,80,Passed
7021,5131,1074,2026-03-29 10:00:00,Completed,Attended,2026-04-28,64,Failed
7022,5159,1526,2025-08-17 10:00:00,Completed,Attended,2025-09-09,74,Passed
7023,5139,1120,2026-07-27 10:00:00,Completed,Attended,2026-08-21,44,Failed
7024,5036,1118,2026-04-13 10:00:00,Completed,Attended,2026-05-15,80,Passed
7025,5121,1834,2026-05-31 10:00:00,Completed,Attended,2026-07-05,55,Failed
7026,5037,1991,2025-09-28 10:00:00,Completed,Attended,2025-10-24,80,Passed
7027,5060,1549,2025-06-23 10:00:00,Completed,Attended,2025-07-10,74,Passed
7028,5144,1026,2025-03-03 10:00:00,Completed,Attended,2025-04-13,71,Passed
7029,5020,1610,2026-02-26 10:00:00,Completed,Attended,2026-03-08,80,Passed
7030,5071,1012,2026-02-09 10:00:00,NoShow,Absent,,,NotAssessed
7031,5172,1622,2025-10-23 10:00:00,InProgress,Attended,,,NotAssessed
7032,5100,1192,2025-07-25 10:00:00,Completed,Attended,2025-08-26,72,Passed
7033,5211,1436,2026-07-23 10:00:00,Completed,Attended,2026-08-30,91,Passed
7034,5233,2043,2025-04-07 10:00:00,Completed,Attended,2025-05-07,71,Passed
7035,5090,1847,2025-03-05 10:00:00,Completed,Attended,2025-03-30,74,Passed
7036,5117,1423,2025-03-29 10:00:00,Completed,Attended,2025-04-17,72,Passed
7037,5077,1123,2026-03-25 10:00:00,Completed,Attended,2026-05-09,67,Failed
7038,5155,1765,2025-05-27 10:00:00,Completed,Attended,2025-06-13,70,Passed
7039,5078,1719,2025-01-01 10:00:00,Completed,Attended,2025-02-10,85,Passed
7040,5181,2026,2025-12-16 10:00:00,Completed,Attended,2025-12-29,72,Passed
7041,5031,1444,2025-01-03 10:00:00,Completed,Attended,2025-02-08,89,Passed
7042,5009,2057,2025-09-27 10:00:00,Cancelled,NotApplicable,,,NotAssessed
7043,5135,1926,2025-12-16 10:00:00,Cancelled,NotApplicable,,,NotAssessed
7044,5025,1427,2026-01-24 10:00:00,NoShow,Absent,,,NotAssessed
7045,5143,1010,2026-04-09 10:00:00,NoShow,Absent,,,NotAssessed
7046,5230,1414,2026-06-14 10:00:00,Completed,Attended,2026-07-17,81,Passed
7047,5201,1618,2025-06-04 10:00:00,Completed,Attended,2025-07-06,76,Passed
7048,5158,1886,2026-01-18 10:00:00,Completed,Attended,2026-02-23,76,Passed
7049,5037,1952,2025-09-29 10:00:00,Completed,Attended,2025-10-24,68,Failed
7050,5112,1772,2025-10-03 10:00:00,Completed,Attended,2025-10-25,66,Failed
7051,5043,1507,2025-10-29 10:00:00,Completed,Attended,2025-11-16,85,Passed
7052,5031,1510,2024-12-30 10:00:00,Completed,Attended,2025-02-08,93,Passed
7053,5184,1266,2026-02-09 10:00:00,Completed,Attended,2026-02-21,73,Passed
7054,5069,1942,2024-11-18 10:00:00,Completed,Attended,2025-01-07,74,Passed
7055,5132,1511,2025-02-17 10:00:00,Completed,Attended,2025-03-19,97,Passed
7056,5047,1240,2025-10-19 10:00:00,Completed,Attended,2025-11-27,72,Passed
7057,5091,1106,2025-09-21 10:00:00,InProgress,Attended,,,NotAssessed
7058,5120,2033,2025-07-10 10:00:00,NoShow,Absent,,,NotAssessed
7059,5072,1286,2025-12-05 10:00:00,Completed,Attended,2025-12-22,76,Passed
7060,5204,1480,2026-02-12 10:00:00,Completed,Attended,2026-03-11,81,Passed
7061,5015,1344,2026-02-18 10:00:00,Completed,Attended,2026-03-26,60,Failed
7062,5155,1590,2025-06-05 10:00:00,Completed,Attended,2025-06-13,66,Failed
7063,5182,1764,2025-04-07 10:00:00,Completed,Attended,2025-05-16,73,Passed
7064,5063,1980,2026-06-04 10:00:00,Completed,Attended,2026-06-12,99,Passed
7065,5098,1783,2026-01-19 10:00:00,Completed,Attended,2026-02-16,79,Passed
7066,5150,1715,2025-04-13 10:00:00,Completed,Attended,2025-05-12,65,Failed
7067,5172,1354,2025-11-03 10:00:00,Completed,Attended,2025-11-28,76,Passed
7068,5110,1180,2026-03-22 10:00:00,NoShow,Absent,,,NotAssessed
7069,5113,1469,2025-01-06 10:00:00,Completed,Attended,2025-02-12,95,Passed
7070,5149,1092,2026-04-04 10:00:00,NoShow,Absent,,,NotAssessed
7071,5087,1329,2025-12-29 10:00:00,Completed,Attended,2026-01-20,78,Passed
7072,5117,1099,2025-03-13 10:00:00,Completed,Attended,2025-04-17,55,Failed
7073,5036,1103,2026-05-04 10:00:00,Completed,Attended,2026-05-15,78,Passed
7074,5095,1065,2025-03-19 10:00:00,Completed,Attended,2025-05-03,74,Passed
7075,5004,1234,2025-02-14 10:00:00,Completed,Attended,2025-03-24,81,Passed
7076,5240,1721,2025-03-24 10:00:00,Completed,Attended,2025-05-15,79,Passed
7077,5228,1123,2025-04-10 10:00:00,Completed,Attended,2025-05-11,76,Passed
7078,5026,1389,2026-01-26 10:00:00,Cancelled,NotApplicable,,,NotAssessed
7079,5176,1144,2026-04-22 10:00:00,Completed,Attended,2026-05-16,76,Passed
7080,5178,1843,2025-08-22 10:00:00,Completed,Attended,2025-09-26,82,Passed
7081,5052,1681,2024-12-04 10:00:00,Completed,Attended,2025-01-14,73,Passed
7082,5193,1426,2026-05-28 10:00:00,Completed,Attended,2026-07-13,85,Passed
7083,5225,1009,2026-07-11 10:00:00,Completed,Attended,2026-08-15,57,Failed
7084,5089,1627,2025-06-10 10:00:00,Completed,Attended,2025-07-13,81,Passed
7085,5189,1298,2025-09-15 10:00:00,Completed,Attended,2025-11-11,64,Failed
7086,5238,1834,2025-05-02 10:00:00,Completed,Attended,2025-05-17,73,Passed
7087,5243,1991,2025-05-31 10:00:00,Completed,Attended,2025-07-19,75,Passed
7088,5027,1774,2025-01-06 10:00:00,Completed,Attended,2025-02-02,67,Failed
7089,5204,1183,2026-02-04 10:00:00,Completed,Attended,2026-03-11,62,Failed
7090,5215,1389,2026-01-29 10:00:00,Completed,Attended,2026-03-02,88,Passed
7091,5093,1068,2025-06-21 10:00:00,Completed,Attended,2025-07-06,73,Passed
7092,5222,1612,2025-07-14 10:00:00,Completed,Attended,2025-08-11,59,Failed
7093,5167,1459,2025-10-14 10:00:00,NoShow,Absent,,,NotAssessed
7094,5198,1640,2025-04-04 10:00:00,Completed,Attended,2025-04-15,67,Failed
7095,5070,1552,2025-10-09 10:00:00,Completed,Attended,2025-11-19,85,Passed
7096,5171,1843,2026-08-17 10:00:00,Completed,Attended,2026-08-29,86,Passed
7097,5188,1299,2026-06-25 10:00:00,Completed,Attended,2026-08-10,87,Passed
7098,5081,1553,2025-02-11 10:00:00,Completed,Attended,2025-03-31,62,Failed
7099,5085,2021,2025-09-03 10:00:00,NoShow,Absent,,,NotAssessed
7100,5139,1596,2026-06-30 10:00:00,Completed,Attended,2026-08-21,69,Failed
7101,5058,1934,2026-03-29 10:00:00,Completed,Attended,2026-05-10,84,Passed
7102,5166,1923,2026-04-04 10:00:00,Completed,Attended,2026-05-28,90,Passed
7103,5102,1484,2026-02-05 10:00:00,Completed,Attended,2026-03-25,90,Passed
7104,5078,1749,2024-12-17 10:00:00,NoShow,Absent,,,NotAssessed
7105,5113,1103,2025-01-25 10:00:00,Completed,Attended,2025-02-12,81,Passed
7106,5171,1428,2026-08-15 10:00:00,Completed,Attended,2026-08-29,92,Passed
7107,5033,1698,2025-03-20 10:00:00,Completed,Attended,2025-05-11,90,Passed
7108,5011,1060,2025-05-17 10:00:00,Completed,Attended,2025-06-03,79,Passed
7109,5040,1761,2025-12-09 10:00:00,Completed,Attended,2025-12-19,66,Failed
7110,5035,1585,2025-03-05 10:00:00,Completed,Attended,2025-03-21,73,Passed
7111,5204,1448,2026-02-15 10:00:00,Completed,Attended,2026-03-11,82,Passed
7112,5242,1964,2025-01-18 10:00:00,Completed,Attended,2025-02-19,90,Passed
7113,5068,1840,2025-04-21 10:00:00,Completed,Attended,2025-05-28,81,Passed
7114,5176,1128,2026-05-02 10:00:00,NoShow,Absent,,,NotAssessed
7115,5159,1290,2025-08-11 10:00:00,Completed,Attended,2025-09-09,85,Passed
7116,5067,1725,2026-07-06 10:00:00,Completed,Attended,2026-07-21,81,Passed
7117,5221,1039,2026-06-03 10:00:00,InProgress,Attended,,,NotAssessed
7118,5139,1771,2026-07-10 10:00:00,Completed,Attended,2026-08-21,82,Passed
7119,5006,1847,2025-07-20 10:00:00,Completed,Attended,2025-08-30,97,Passed
7120,5229,1983,2026-04-13 10:00:00,Completed,Attended,2026-05-16,80,Passed
7121,5092,1076,2025-11-24 10:00:00,Completed,Attended,2026-01-04,68,Failed
7122,5085,1676,2025-08-29 10:00:00,InProgress,Attended,,,NotAssessed
7123,5181,1037,2025-11-27 10:00:00,Completed,Attended,2025-12-29,94,Passed
7124,5201,1505,2025-05-12 10:00:00,Completed,Attended,2025-07-06,87,Passed
7125,5231,1734,2025-04-18 10:00:00,Completed,Attended,2025-04-30,85,Passed
7126,5010,1224,2026-05-26 10:00:00,Completed,Attended,2026-07-05,74,Passed
7127,5057,1066,2025-11-25 10:00:00,Completed,Attended,2025-12-17,70,Passed
7128,5090,1584,2025-02-20 10:00:00,InProgress,Attended,,,NotAssessed
7129,5128,1665,2025-05-23 10:00:00,Completed,Attended,2025-06-26,85,Passed
7130,5047,1576,2025-10-13 10:00:00,Completed,Attended,2025-11-27,78,Passed
7131,5076,1265,2026-08-16 10:00:00,Completed,Attended,2026-08-25,90,Passed
7132,5224,1792,2025-07-03 10:00:00,Completed,Attended,2025-07-12,75,Passed
7133,5031,1229,2025-01-17 10:00:00,Completed,Attended,2025-02-08,73,Passed
7134,5113,1942,2025-01-23 10:00:00,NoShow,Absent,,,NotAssessed
7135,5031,2024,2025-01-18 10:00:00,Completed,Attended,2025-02-08,96,Passed
7136,5177,1043,2025-09-05 10:00:00,Completed,Attended,2025-10-19,73,Passed
7137,5076,1987,2026-07-23 10:00:00,Completed,Attended,2026-08-25,71,Passed
7138,5205,1942,2025-10-07 10:00:00,Completed,Attended,2025-11-04,64,Failed
7139,5067,1491,2026-07-08 10:00:00,Completed,Attended,2026-07-21,83,Passed
7140,5172,1558,2025-10-23 10:00:00,InProgress,Attended,,,NotAssessed
7141,5180,1629,2026-01-15 10:00:00,Completed,Attended,2026-01-25,88,Passed
7142,5044,1378,2025-04-05 10:00:00,Cancelled,NotApplicable,,,NotAssessed
7143,5152,1494,2025-09-29 10:00:00,NoShow,Absent,,,NotAssessed
7144,5107,1822,2026-02-08 10:00:00,Completed,Attended,2026-03-19,83,Passed
7145,5144,1085,2025-03-05 10:00:00,Completed,Attended,2025-04-13,75,Passed
7146,5069,2083,2024-12-12 10:00:00,Completed,Attended,2025-01-07,73,Passed
7147,5101,1471,2025-04-07 10:00:00,Completed,Attended,2025-04-28,80,Passed
7148,5042,1811,2026-03-08 10:00:00,InProgress,Attended,,,NotAssessed
7149,5154,1696,2025-09-05 10:00:00,Completed,Attended,2025-09-19,84,Passed
7150,5004,1288,2025-02-14 10:00:00,Completed,Attended,2025-03-24,77,Passed
7151,5144,1563,2025-03-26 10:00:00,Completed,Attended,2025-04-13,78,Passed
7152,5048,1698,2025-11-24 10:00:00,Completed,Attended,2025-12-24,91,Passed
7153,5077,1996,2026-04-18 10:00:00,Completed,Attended,2026-05-09,70,Passed
7154,5192,1778,2025-07-25 10:00:00,Completed,Attended,2025-08-23,77,Passed
7155,5185,1836,2026-03-28 10:00:00,Completed,Attended,2026-04-16,88,Passed
7156,5002,1813,2025-03-01 10:00:00,Completed,Attended,2025-03-31,79,Passed
7157,5211,1307,2026-07-08 10:00:00,Completed,Attended,2026-08-30,72,Passed
7158,5153,1596,2025-10-10 10:00:00,Completed,Attended,2025-10-25,70,Passed
7159,5161,1654,2025-04-22 10:00:00,Completed,Attended,2025-06-01,90,Passed
7160,5113,1196,2025-02-04 10:00:00,Completed,Attended,2025-02-12,88,Passed
7161,5076,1326,2026-07-30 10:00:00,Completed,Attended,2026-08-25,63,Failed
7162,5181,1935,2025-12-10 10:00:00,Completed,Attended,2025-12-29,72,Passed
7163,5184,1934,2026-01-10 10:00:00,Completed,Attended,2026-02-21,67,Failed
7164,5058,1602,2026-03-17 10:00:00,Completed,Attended,2026-05-10,50,Failed
7165,5237,1624,2026-06-06 10:00:00,Completed,Attended,2026-07-16,100,Passed
7166,5136,1426,2025-03-30 10:00:00,Completed,Attended,2025-05-09,87,Passed
7167,5197,1012,2025-06-09 10:00:00,Completed,Attended,2025-07-06,66,Failed
7168,5028,1697,2025-12-25 10:00:00,Completed,Attended,2026-02-12,82,Passed
7169,5056,1325,2026-03-18 10:00:00,Cancelled,NotApplicable,,,NotAssessed
7170,5089,1772,2025-05-24 10:00:00,NoShow,Absent,,,NotAssessed
7171,5224,2043,2025-05-25 10:00:00,Completed,Attended,2025-07-12,75,Passed
7172,5166,2100,2026-04-11 10:00:00,InProgress,Attended,,,NotAssessed
7173,5038,1670,2026-04-13 10:00:00,Completed,Attended,2026-04-29,56,Failed
7174,5096,1302,2025-03-26 10:00:00,Completed,Attended,2025-05-01,70,Passed
7175,5164,1765,2025-02-09 10:00:00,Cancelled,NotApplicable,,,NotAssessed
7176,5235,2032,2025-12-30 10:00:00,Completed,Attended,2026-01-13,78,Passed
7177,5124,1476,2025-09-06 10:00:00,Completed,Attended,2025-09-28,84,Passed
7178,5017,1402,2025-04-02 10:00:00,Completed,Attended,2025-05-05,68,Failed
7179,5086,1880,2024-12-14 10:00:00,InProgress,Attended,,,NotAssessed
7180,5060,1347,2025-05-18 10:00:00,Completed,Attended,2025-07-10,99,Passed
7181,5168,1637,2025-06-15 10:00:00,Completed,Attended,2025-08-05,87,Passed
7182,5143,1213,2026-03-19 10:00:00,NoShow,Absent,,,NotAssessed
7183,5220,1379,2026-05-04 10:00:00,Completed,Attended,2026-05-14,71,Passed
7184,5142,1331,2025-03-17 10:00:00,Completed,Attended,2025-04-18,82,Passed
7185,5103,1910,2025-09-08 10:00:00,Completed,Attended,2025-10-08,68,Failed
7186,5097,1209,2025-09-17 10:00:00,Completed,Attended,2025-10-24,90,Passed
7187,5104,1380,2025-09-05 10:00:00,Completed,Attended,2025-10-26,70,Passed
7188,5211,1766,2026-08-03 10:00:00,Completed,Attended,2026-08-30,92,Passed
7189,5124,1581,2025-09-04 10:00:00,Completed,Attended,2025-09-28,76,Passed
7190,5037,1781,2025-09-14 10:00:00,Cancelled,NotApplicable,,,NotAssessed
7191,5010,1309,2026-06-27 10:00:00,Completed,Attended,2026-07-05,67,Failed
7192,5095,1388,2025-03-14 10:00:00,Completed,Attended,2025-05-03,76,Passed
7193,5065,1970,2025-10-12 10:00:00,Completed,Attended,2025-11-28,75,Passed
7194,5004,1114,2025-03-13 10:00:00,Completed,Attended,2025-03-24,43,Failed
7195,5138,1009,2025-06-08 10:00:00,Completed,Attended,2025-07-15,71,Passed
7196,5199,2081,2025-03-03 10:00:00,Completed,Attended,2025-03-30,73,Passed
7197,5094,1385,2026-02-11 10:00:00,Completed,Attended,2026-03-29,74,Passed
7198,5074,2024,2026-05-23 10:00:00,Completed,Attended,2026-06-26,89,Passed
7199,5103,1844,2025-09-25 10:00:00,Completed,Attended,2025-10-08,83,Passed
7200,5088,1109,2025-05-15 10:00:00,Completed,Attended,2025-06-23,58,Failed
